[2026-07-29 14:30:51] Starting chat backup...
Signal: 0 convos
WhatsApp (Mac): 63 convos
Added Dulcesita (iPhone): 10992 msgs, 771 voice msgs
Added Simon Baumann (iPhone): 1119 msgs, 6 voice msgs

Written: /Users/rafaelhorvat/__code__/chat_backup/data/index.html
Conversations: 63
Total messages: 13504
Audio files (voice msgs): 815
Total media files: 1531
[2026-07-29 14:30:51] Started server on :8080
[2026-07-29 14:30:51] Done
[2026-07-29 16:12:52] Starting chat backup...
Signal: 24 convos
WhatsApp (Mac): 63 convos
Added Dulcesita (iPhone): 10992 msgs, 771 voice msgs
Added Simon Baumann (iPhone): 1119 msgs, 6 voice msgs

Written: /Users/rafaelhorvat/__code__/chat_backup/data/index.html
Conversations: 87
Total messages: 15100
Audio files (voice msgs): 860
Total media files: 1698
[2026-07-29 16:12:52] Started server on :8080
[2026-07-29 16:12:52] Done
[2026-07-29 17:12:55] Starting chat backup...
Signal: 24 convos
WhatsApp (Mac): 63 convos
Added Dulcesita (iPhone): 10992 msgs, 771 voice msgs
Added Simon Baumann (iPhone): 1119 msgs, 6 voice msgs

Written: /Users/rafaelhorvat/__code__/chat_backup/data/index.html
Conversations: 87
Total messages: 15100
Audio files (voice msgs): 860
Total media files: 1698
[2026-07-29 17:12:55] Started server on :8080
[2026-07-29 17:12:55] Done
[2026-07-29 19:29:43] Starting chat backup...
Signal: 24 convos
WhatsApp (Mac): 63 convos
Added Dulcesita (iPhone): 10992 msgs, 771 voice msgs
Added Simon Baumann (iPhone): 1119 msgs, 6 voice msgs

Written: /Users/rafaelhorvat/__code__/chat_backup/data/index.html
Conversations: 87
Total messages: 15100
Audio files (voice msgs): 860
Total media files: 1698
[2026-07-29 19:29:43] Started server on :8080
[2026-07-29 19:29:43] Done
[2026-07-29 20:29:48] Starting chat backup...
Signal: 24 convos
WhatsApp (Mac): 63 convos
Added Dulcesita (iPhone): 10992 msgs, 771 voice msgs
Added Simon Baumann (iPhone): 1119 msgs, 6 voice msgs

Written: /Users/rafaelhorvat/__code__/chat_backup/data/index.html
Conversations: 87
Total messages: 15100
Audio files (voice msgs): 860
Total media files: 1698
[2026-07-29 20:29:48] Started server on :8080
[2026-07-29 20:29:48] Done
[2026-07-29 21:29:55] Starting chat backup...
Signal: 24 convos
WhatsApp (Mac): 63 convos
Added Dulcesita (iPhone): 10992 msgs, 771 voice msgs
Added Simon Baumann (iPhone): 1119 msgs, 6 voice msgs

Written: /Users/rafaelhorvat/__code__/chat_backup/data/index.html
Conversations: 87
Total messages: 15100
Audio files (voice msgs): 860
Total media files: 1698
[2026-07-29 21:29:55] Started server on :8080
[2026-07-29 21:29:55] Done
[2026-07-30 09:32:52] Starting chat backup...
Signal: 0 convos
WhatsApp (Mac): 63 convos

Written: /Users/rafaelhorvat/__code__/chat_backup/data/index.html
Conversations: 63
Total messages: 2029
Audio files (voice msgs): 38
Total media files: 57
[2026-07-30 09:32:52] Started server on :8080
[2026-07-30 09:32:52] Done
[2026-07-30 13:15:36] Starting chat backup...
Signal: 0 convos
WhatsApp (Mac): 66 convos

Written: /Users/rafaelhorvat/__code__/chat_backup/data/index.html
Conversations: 66
Total messages: 2082
Audio files (voice msgs): 40
Total media files: 65
[2026-07-30 13:15:36] Started server on :8080
[2026-07-30 13:15:36] Done
[2026-07-30 17:35:47] Starting chat backup...
Signal: 0 convos
WhatsApp (Mac): 66 convos

Written: /Users/rafaelhorvat/__code__/chat_backup/data/index.html
Conversations: 66
Total messages: 2082
Audio files (voice msgs): 41
Total media files: 68
[2026-07-30 17:35:47] Started server on :8080
[2026-07-30 17:35:47] Done
[2026-07-30 19:18:26] Starting chat backup...
Signal: 0 convos
WhatsApp (Mac): 63 convos

Written: /Users/rafaelhorvat/__code__/chat_backup/data/index.html
Conversations: 63
Total messages: 2053
Audio files (voice msgs): 41
Total media files: 68
[2026-07-30 19:18:26] Started server on :8080
[2026-07-30 19:18:26] Done
[2026-07-30 20:18:34] Starting chat backup...
Signal: 0 convos
WhatsApp (Mac): 63 convos

Written: /Users/rafaelhorvat/__code__/chat_backup/data/index.html
Conversations: 63
Total messages: 2064
Audio files (voice msgs): 41
Total media files: 71
[2026-07-30 20:18:34] Started server on :8080
[2026-07-30 20:18:34] Done
[2026-07-31 06:15:50] Starting chat backup...
Signal: 0 convos
WhatsApp (Mac): 64 convos

Written: /Users/rafaelhorvat/__code__/chat_backup/data/index.html
Conversations: 64
Total messages: 2079
Audio files (voice msgs): 42
Total media files: 74
[2026-07-31 06:15:50] Started server on :8080
[2026-07-31 06:15:50] Done
[2026-07-31 07:15:55] Starting chat backup...
Signal: 0 convos
WhatsApp (Mac): 64 convos

Written: /Users/rafaelhorvat/__code__/chat_backup/data/index.html
Conversations: 64
Total messages: 2079
Audio files (voice msgs): 42
Total media files: 74
[2026-07-31 07:15:55] Started server on :8080
[2026-07-31 07:15:55] Done
[2026-07-31 09:55:49] Starting chat backup...
Signal: 0 convos
WhatsApp (Mac): 66 convos

Written: /Users/rafaelhorvat/__code__/chat_backup/data/index.html
Conversations: 66
Total messages: 2123
Audio files (voice msgs): 42
Total media files: 76
[2026-07-31 09:55:49] Started server on :8080
[2026-07-31 09:55:49] Done
[2026-07-31 15:00:01] Starting chat backup...
Signal: 0 convos
WhatsApp (Mac): 63 convos

Written: /Users/rafaelhorvat/__code__/chat_backup/data/index.html
Conversations: 63
Total messages: 2106
Audio files (voice msgs): 42
Total media files: 76
[2026-07-31 15:00:01] Started server on :8080
[2026-07-31 15:00:01] Done
Signal: 0 convos
Signal: 0 convos
Signal: 0 convos
Signal: 0 convos
Signal: 0 convos
Signal: 0 convos
WhatsApp (Mac): 58 convos
Added Dulcesita (iPhone): 10992 msgs, 771 voice msgs
Added Simon Baumann (iPhone): 1119 msgs, 6 voice msgs

Written: /Users/rafaelhorvat/__code__/chat_backup/data/index.html
Conversations: 58
Total messages: 13106
Audio files (voice msgs): 836
Total media files: 1574
Signal: 16 convos
WhatsApp (Mac): 56 convos
Added Dulcesita (iPhone): 10992 msgs, 771 voice msgs
Added Simon Baumann (iPhone): 1119 msgs, 6 voice msgs

Written: /Users/rafaelhorvat/__code__/chat_backup/data/index.html
Conversations: 72
Total messages: 14260
Audio files (voice msgs): 842
Total media files: 1606
Signal: 16 convos
WhatsApp (Mac): 56 convos
Added Dulcesita (iPhone): 10992 msgs, 771 voice msgs
Added Simon Baumann (iPhone): 1119 msgs, 6 voice msgs

Written: /Users/rafaelhorvat/__code__/chat_backup/data/index.html
Conversations: 72
Total messages: 14261
Audio files (voice msgs): 843
Total media files: 1607
Signal: 16 convos
WhatsApp (Mac): 56 convos
Added Dulcesita (iPhone): 10992 msgs, 771 voice msgs
Added Simon Baumann (iPhone): 1119 msgs, 6 voice msgs

Written: /Users/rafaelhorvat/__code__/chat_backup/data/index.html
Conversations: 72
Total messages: 14271
Audio files (voice msgs): 843
Total media files: 1610
Signal: 16 convos
WhatsApp (Mac): 56 convos
Added Dulcesita (iPhone): 10992 msgs, 771 voice msgs
Added Simon Baumann (iPhone): 1119 msgs, 6 voice msgs

Written: /Users/rafaelhorvat/__code__/chat_backup/data/index.html
Conversations: 72
Total messages: 14273
Audio files (voice msgs): 844
Total media files: 1611
  File "/Users/rafaelhorvat/__code__/chat_backup/chat_backup/builder.py", line 461
    </html>"""
              ^
SyntaxError: f-string: single '}' is not allowed
Signal: 16 convos
Traceback (most recent call last):
  File "/Users/rafaelhorvat/__code__/chat_backup/chat_backup/builder.py", line 109, in <module>
    conn = sqlite3.connect(WA_DB)
sqlite3.DatabaseError: authorization denied
Signal: 16 convos
Traceback (most recent call last):
  File "/Users/rafaelhorvat/__code__/chat_backup/chat_backup/builder.py", line 109, in <module>
    conn = sqlite3.connect(WA_DB)
sqlite3.DatabaseError: authorization denied
Signal: 16 convos
WhatsApp (Mac): 56 convos
Added Dulcesita (iPhone): 10992 msgs, 771 voice msgs
Added Simon Baumann (iPhone): 1119 msgs, 6 voice msgs

Written: /Users/rafaelhorvat/__code__/chat_backup/data/index.html
Conversations: 72
Total messages: 14273
Audio files (voice msgs): 844
Total media files: 1611
Signal: 16 convos
WhatsApp (Mac): 56 convos
Added Dulcesita (iPhone): 10992 msgs, 771 voice msgs
Added Simon Baumann (iPhone): 1119 msgs, 6 voice msgs

Written: /Users/rafaelhorvat/__code__/chat_backup/data/index.html
Conversations: 72
Total messages: 14273
Audio files (voice msgs): 844
Total media files: 1611
Signal: 16 convos
WhatsApp (Mac): 56 convos
Added Dulcesita (iPhone): 10992 msgs, 771 voice msgs
Added Simon Baumann (iPhone): 1119 msgs, 6 voice msgs

Written: /Users/rafaelhorvat/__code__/chat_backup/data/index.html
Conversations: 72
Total messages: 14282
Audio files (voice msgs): 844
Total media files: 1612
Signal: 16 convos
WhatsApp (Mac): 56 convos
Added Dulcesita (iPhone): 10992 msgs, 771 voice msgs
Added Simon Baumann (iPhone): 1119 msgs, 6 voice msgs

Written: /Users/rafaelhorvat/__code__/chat_backup/data/index.html
Conversations: 72
Total messages: 14282
Audio files (voice msgs): 844
Total media files: 1612
===== TEST RUN Mon Aug  3 09:55:47 AEST 2026 =====

[2026-08-03 09:55:47] ChatBackupSync run
Signal: 16 convos
WhatsApp (Mac): 56 convos
Added Dulcesita (iPhone): 10992 msgs, 771 voice msgs
Added Simon Baumann (iPhone): 1119 msgs, 6 voice msgs

Written: /Users/rafaelhorvat/__code__/chat_backup/data/index.html
Conversations: 72
Total messages: 14282
Audio files (voice msgs): 844
Total media files: 1612

[2026-08-03 09:57:42] ChatBackupSync run
Signal: 16 convos
WhatsApp (Mac): 56 convos
Added Dulcesita (iPhone): 10992 msgs, 771 voice msgs
Added Simon Baumann (iPhone): 1119 msgs, 6 voice msgs

Written: /Users/rafaelhorvat/__code__/chat_backup/data/index.html
Conversations: 72
Total messages: 14282
Audio files (voice msgs): 844
Total media files: 1612
===== FULL PIPELINE TEST Mon Aug  3 10:04:13 AEST 2026 =====

[2026-08-03 10:04:13] ChatBackupSync run
sigtop: open Anina (+41798205354).txt: file exists
sigtop: open Coralie (+33601007470).txt: file exists
sigtop: open Armand (+33782538001).txt: file exists
sigtop: open dev (P8WBdb4EBl74GJvod7Cndb60hC3eOjsttuQfJnjCOk8).txt: file exists
sigtop: open Roger Knecht (+41797509918).txt: file exists
sigtop: open Unknown (+33695204910).txt: file exists
sigtop: open Clair Obskur (+33617336853).txt: file exists
sigtop: open Yanis ankra (7c82d90c-c3d6-481d-a213-4bcd9d25e7f4).txt: file exists
sigtop: open Conrad Leu (+41787745332).txt: file exists
sigtop: open Tom (+41789020205).txt: file exists
sigtop: open Gianni Guida (+41797770465).txt: file exists
sigtop: open Photos voyages (Z4j3MjlTPqBqcHOQ7RlCZ5UPFqNSVaKgSyUC1zC9EH4).txt: file exists
sigtop: open Rudi Dotzer (+41788634038).txt: file exists
sigtop: open Mia Leu (+41764164920).txt: file exists
sigtop: open Vacances 2021 (eV040vyuEOkeMU-35oX2k_KLlB6jamXbQjWJnL72Cqs).txt: file exists
sigtop: open Leticia (+34671860467).txt: file exists
sigtop: open Signal (11111111-1111-4111-8111-111111111111).txt: file exists
sigtop: open Marianne Dotzer (+33651926509).txt: file exists
sigtop: open Schneider Beratung (ol91QKod03Tw22wa3FG1F94L6fTtrEwQK0Ho7aUM-fQ).txt: file exists
sigtop: open Rafael Horvat (+33633021566).txt: file exists
sigtop: open Jan Biller (+41794657475).txt: file exists
sigtop: open Les aventuriers (jBRAx0_qNq39Uop7xP-4xHsDwxxK7QI9bNW6gUqiIf0).txt: file exists
sigtop: open Textile Brand (6DPypxI5MYPs44t8efr1XlLT4eksMgGNQ6fFLJVmw9w).txt: file exists
sigtop: open Rémi (+33673839483).txt: file exists
sigtop: open Brothers (6rqecQQaZP-HJeAQaf4Vj3DOr6VThAt7dJ66YKsHdLo).txt: file exists
sigtop: open Candid Rütter (+41791982425).txt: file exists
sigtop: open Peter Wenig (+41788668189).txt: file exists
sigtop: open Andrea Blaser (+41792899442).txt: file exists
sigtop: open Lina Leu (+393313406464).txt: file exists
sigtop: open Sorellas e Freritos (wiVdUS5jiNhWXHnDTIlWZO7LRFiNM3MwdYm84zf4yXM).txt: file exists
sigtop: open Christine Distler (+4915773924209).txt: file exists
sigtop: open Kim (+33681609422).txt: file exists
sigtop: open Andrea Saemann (+41797904250).txt: file exists
sigtop: open Selbsterforschung (bQJ2IBo5AAXLMDc36fcT7P1aocUbH12RWmxI2rLsGNM).txt: file exists
sigtop: open Joanimo (+491637726290).txt: file exists
sigtop: open Isabelle Leu (+393476194624).txt: file exists
sigtop: open Cloé (+33783344434).txt: file exists
sigtop: open Leu & Rafael (E83hvw5x3cs6t2lFkh09ldjrLuOBbPnKpHXG7FNlSp8).txt: file exists
sigtop: open Simon Horvat (+33781130990).txt: file exists
sigtop: open andrea (66a6a7f3-ad65-4d33-b509-52804d18a905).txt: file exists
sigtop: open Colin Power (+447856164007).txt: file exists
sigtop: open ReGu (+41796565773).txt: file exists
sigtop: open Lisa Dotzer (+41795060063).txt: file exists
sigtop: open Charlie Lacaze (+33786843473).txt: file exists
sigtop: open Gabriel Horvat (+41774877273).txt: file exists
sigtop: open Coralie (+33641540843).txt: file exists
sigtop: open Ralf Assman (+41775217402).txt: file exists
sigtop: open Martina (+393395803994).txt: file exists
sigtop: open Suhas (+918217890936).txt: file exists
sigtop: skipping attachment without path (conversation: "Lina Leu", sent: 2025-10-06 21:58:43)
sigtop: skipping attachment without path (conversation: "Lina Leu", sent: 2025-10-29 02:54:44)
sigtop: skipping attachment without path (conversation: "Lina Leu", sent: 2025-10-29 03:41:04)
sigtop: skipping attachment without path (conversation: "Lisa Dotzer", sent: 2025-11-26 00:29:23)
sigtop: skipping attachment without path (conversation: "Lisa Dotzer", sent: 2025-11-26 23:30:43)
sigtop: skipping attachment without path (conversation: "Lisa Dotzer", sent: 2025-11-27 00:08:30)
sigtop: skipping attachment without path (conversation: "Lisa Dotzer", sent: 2025-11-28 23:35:42)
sigtop: skipping attachment without path (conversation: "Lisa Dotzer", sent: 2025-12-10 06:29:28)
sigtop: skipping attachment without path (conversation: "Lisa Dotzer", sent: 2025-12-19 01:19:51)
sigtop: skipping attachment without path (conversation: "Lisa Dotzer", sent: 2025-12-19 01:19:51)
sigtop: skipping attachment without path (conversation: "Lisa Dotzer", sent: 2025-12-19 01:19:51)
sigtop: skipping attachment without path (conversation: "Lisa Dotzer", sent: 2026-01-07 20:05:25)
sigtop: skipping attachment without path (conversation: "Lisa Dotzer", sent: 2026-01-07 20:05:25)
sigtop: skipping attachment without path (conversation: "Lisa Dotzer", sent: 2026-01-07 20:05:25)
sigtop: skipping attachment without path (conversation: "Lisa Dotzer", sent: 2026-01-07 20:05:25)
sigtop: skipping attachment without path (conversation: "Lisa Dotzer", sent: 2026-01-07 20:05:25)
sigtop: skipping attachment without path (conversation: "Lisa Dotzer", sent: 2026-01-07 20:05:25)
sigtop: skipping attachment without path (conversation: "Lisa Dotzer", sent: 2026-01-07 20:05:25)
sigtop: skipping attachment without path (conversation: "Lisa Dotzer", sent: 2026-01-07 20:05:25)
sigtop: skipping attachment without path (conversation: "Lisa Dotzer", sent: 2026-01-07 20:05:25)
sigtop: skipping attachment without path (conversation: "Lisa Dotzer", sent: 2026-01-08 18:08:42)
sigtop: skipping attachment without path (conversation: "Lisa Dotzer", sent: 2026-01-08 18:17:09)
sigtop: skipping attachment without path (conversation: "Lisa Dotzer", sent: 2026-01-08 18:17:09)
sigtop: skipping attachment without path (conversation: "Lisa Dotzer", sent: 2026-01-15 07:51:30)
sigtop: skipping attachment without path (conversation: "Lisa Dotzer", sent: 2026-01-15 07:55:22)
sigtop: skipping attachment without path (conversation: "Lisa Dotzer", sent: 2026-01-15 12:16:20)
sigtop: skipping attachment without path (conversation: "Lisa Dotzer", sent: 2026-01-20 23:56:20)
sigtop: skipping attachment without path (conversation: "Lisa Dotzer", sent: 2026-01-20 23:56:20)
sigtop: skipping attachment without path (conversation: "Lisa Dotzer", sent: 2026-01-20 23:56:20)
sigtop: skipping attachment without path (conversation: "Lisa Dotzer", sent: 2026-02-17 18:09:58)
sigtop: skipping attachment without path (conversation: "Lisa Dotzer", sent: 2026-02-17 18:09:58)
sigtop: skipping attachment without path (conversation: "Lisa Dotzer", sent: 2026-02-17 18:09:58)
sigtop: skipping attachment without path (conversation: "Lisa Dotzer", sent: 2026-02-17 18:09:58)
sigtop: skipping attachment without path (conversation: "Lisa Dotzer", sent: 2026-02-17 18:09:58)
sigtop: skipping attachment without path (conversation: "Lisa Dotzer", sent: 2026-02-17 18:09:58)
sigtop: skipping attachment without path (conversation: "Lisa Dotzer", sent: 2026-02-17 20:38:34)
sigtop: skipping attachment without path (conversation: "Lisa Dotzer", sent: 2026-02-17 20:38:34)
sigtop: skipping attachment without path (conversation: "Lisa Dotzer", sent: 2026-02-17 20:38:34)
sigtop: skipping attachment without path (conversation: "Lisa Dotzer", sent: 2026-03-28 20:06:50)
sigtop: skipping attachment without path (conversation: "Lisa Dotzer", sent: 2026-03-28 20:06:50)
sigtop: skipping attachment without path (conversation: "Lisa Dotzer", sent: 2026-03-28 20:06:50)
sigtop: skipping attachment without path (conversation: "Lisa Dotzer", sent: 2026-03-28 20:06:50)
sigtop: skipping attachment without path (conversation: "Lisa Dotzer", sent: 2026-03-28 20:06:50)
sigtop: skipping attachment without path (conversation: "Lisa Dotzer", sent: 2026-03-28 20:06:50)
sigtop: skipping attachment without path (conversation: "Lisa Dotzer", sent: 2026-03-28 20:06:50)
sigtop: skipping attachment without path (conversation: "Lisa Dotzer", sent: 2026-03-28 20:06:50)
sigtop: skipping attachment without path (conversation: "Lisa Dotzer", sent: 2026-03-28 20:06:50)
sigtop: skipping attachment without path (conversation: "Lisa Dotzer", sent: 2026-03-28 20:06:50)
sigtop: skipping attachment without path (conversation: "Lisa Dotzer", sent: 2026-03-28 20:06:50)
sigtop: skipping attachment without path (conversation: "Lisa Dotzer", sent: 2026-04-16 18:27:48)
sigtop: skipping attachment without path (conversation: "Lisa Dotzer", sent: 2026-04-16 18:27:48)
sigtop: skipping attachment without path (conversation: "Lisa Dotzer", sent: 2026-04-16 18:27:48)
sigtop: skipping attachment without path (conversation: "Lisa Dotzer", sent: 2026-04-16 18:27:48)
sigtop: skipping attachment without path (conversation: "Lisa Dotzer", sent: 2026-04-16 18:27:48)
sigtop: skipping attachment without path (conversation: "Lisa Dotzer", sent: 2026-04-16 18:27:48)
sigtop: skipping attachment without path (conversation: "Lisa Dotzer", sent: 2026-04-16 18:27:48)
sigtop: skipping attachment without path (conversation: "Lisa Dotzer", sent: 2026-04-16 18:27:48)
sigtop: skipping attachment without path (conversation: "Lisa Dotzer", sent: 2026-04-16 18:27:48)
sigtop: skipping attachment without path (conversation: "Lisa Dotzer", sent: 2026-04-16 18:27:48)
sigtop: skipping attachment without path (conversation: "Lisa Dotzer", sent: 2026-04-16 18:27:48)
sigtop: skipping attachment without path (conversation: "Lisa Dotzer", sent: 2026-04-16 18:27:48)
sigtop: skipping attachment without path (conversation: "Lisa Dotzer", sent: 2026-04-16 18:27:48)
sigtop: skipping attachment without path (conversation: "Simon Horvat", sent: 2025-09-29 23:08:23)
sigtop: skipping attachment without path (conversation: "Simon Horvat", sent: 2025-10-02 01:24:19)
sigtop: skipping attachment without path (conversation: "Simon Horvat", sent: 2025-10-11 05:27:32)
sigtop: skipping attachment without path (conversation: "Simon Horvat", sent: 2025-10-11 05:35:27)
sigtop: skipping attachment without path (conversation: "Simon Horvat", sent: 2025-10-25 03:03:40)
sigtop: skipping attachment without path (conversation: "Simon Horvat", sent: 2025-10-26 22:17:40)
sigtop: skipping attachment without path (conversation: "Simon Horvat", sent: 2025-11-03 17:07:54)
sigtop: skipping attachment without path (conversation: "Simon Horvat", sent: 2025-11-08 00:37:17)
sigtop: skipping attachment without path (conversation: "Simon Horvat", sent: 2025-11-08 01:11:38)
sigtop: skipping attachment without path (conversation: "Simon Horvat", sent: 2025-11-08 01:15:55)
sigtop: skipping attachment without path (conversation: "Simon Horvat", sent: 2025-11-08 04:43:26)
sigtop: skipping attachment without path (conversation: "Simon Horvat", sent: 2025-11-10 21:58:28)
sigtop: skipping attachment without path (conversation: "Simon Horvat", sent: 2025-11-13 20:02:56)
sigtop: skipping attachment without path (conversation: "Simon Horvat", sent: 2025-11-13 20:04:28)
sigtop: skipping attachment without path (conversation: "Simon Horvat", sent: 2025-11-16 19:09:04)
sigtop: skipping attachment without path (conversation: "Simon Horvat", sent: 2025-11-17 00:40:58)
sigtop: skipping attachment without path (conversation: "Simon Horvat", sent: 2025-11-17 06:35:25)
sigtop: skipping attachment without path (conversation: "Simon Horvat", sent: 2025-12-03 03:31:23)
sigtop: skipping attachment without path (conversation: "Simon Horvat", sent: 2025-12-11 22:45:49)
sigtop: skipping attachment without path (conversation: "Simon Horvat", sent: 2026-04-04 17:09:21)
sigtop: skipping attachment without path (conversation: "Simon Horvat", sent: 2026-04-04 17:17:23)
sigtop: skipping attachment without path (conversation: "Simon Horvat", sent: 2026-04-18 11:40:30)
sigtop: skipping attachment without path (conversation: "Simon Horvat", sent: 2026-04-18 11:40:30)
sigtop: skipping attachment without path (conversation: "Simon Horvat", sent: 2026-04-18 11:40:30)
sigtop: skipping attachment without path (conversation: "Simon Horvat", sent: 2026-04-18 11:40:30)
sigtop: skipping attachment without path (conversation: "Simon Horvat", sent: 2026-04-18 11:40:30)
sigtop: skipping attachment without path (conversation: "Photos voyages", sent: 2026-03-19 06:47:39)
sigtop: skipping attachment without path (conversation: "Photos voyages", sent: 2026-03-19 06:47:39)
sigtop: skipping attachment without path (conversation: "Photos voyages", sent: 2026-03-19 06:47:39)
sigtop: skipping attachment without path (conversation: "Photos voyages", sent: 2026-03-19 06:47:39)
sigtop: skipping attachment without path (conversation: "Photos voyages", sent: 2026-03-19 06:47:39)
sigtop: skipping attachment without path (conversation: "Photos voyages", sent: 2026-03-19 06:47:39)
sigtop: skipping attachment without path (conversation: "Photos voyages", sent: 2026-03-19 06:47:39)
sigtop: skipping attachment without path (conversation: "Photos voyages", sent: 2026-03-19 06:47:39)
sigtop: skipping attachment without path (conversation: "Photos voyages", sent: 2026-03-19 06:47:39)
sigtop: skipping attachment without path (conversation: "Photos voyages", sent: 2026-03-19 06:47:39)
sigtop: skipping attachment without path (conversation: "Photos voyages", sent: 2026-03-19 06:47:39)
sigtop: skipping attachment without path (conversation: "Photos voyages", sent: 2026-03-19 06:47:39)
sigtop: skipping attachment without path (conversation: "Photos voyages", sent: 2026-03-19 06:47:39)
sigtop: skipping attachment without path (conversation: "Photos voyages", sent: 2026-03-19 06:47:39)
sigtop: skipping attachment without path (conversation: "Photos voyages", sent: 2026-03-19 06:47:39)
sigtop: skipping attachment without path (conversation: "Photos voyages", sent: 2026-03-19 06:47:39)
sigtop: skipping attachment without path (conversation: "Photos voyages", sent: 2026-03-19 06:47:39)
sigtop: skipping attachment without path (conversation: "Photos voyages", sent: 2026-03-19 06:47:39)
sigtop: skipping attachment without path (conversation: "Photos voyages", sent: 2026-03-21 20:19:52)
sigtop: skipping attachment without path (conversation: "Photos voyages", sent: 2026-03-21 20:19:52)
sigtop: skipping attachment without path (conversation: "Photos voyages", sent: 2026-03-21 20:19:52)
sigtop: skipping attachment without path (conversation: "Photos voyages", sent: 2026-03-21 20:21:00)
sigtop: skipping attachment without path (conversation: "Photos voyages", sent: 2026-03-21 20:21:00)
sigtop: skipping attachment without path (conversation: "Photos voyages", sent: 2026-04-03 03:30:30)
sigtop: skipping attachment without path (conversation: "Photos voyages", sent: 2026-04-03 03:30:37)
sigtop: skipping attachment without path (conversation: "Photos voyages", sent: 2026-04-03 03:30:45)
sigtop: skipping attachment without path (conversation: "Photos voyages", sent: 2026-04-03 03:31:19)
sigtop: skipping attachment without path (conversation: "Photos voyages", sent: 2026-04-03 03:31:58)
sigtop: skipping attachment without path (conversation: "Photos voyages", sent: 2026-04-03 03:32:14)
sigtop: skipping attachment without path (conversation: "Photos voyages", sent: 2026-04-03 03:32:52)
sigtop: skipping attachment without path (conversation: "Photos voyages", sent: 2026-04-03 20:14:17)
sigtop: skipping attachment without path (conversation: "Photos voyages", sent: 2026-04-03 20:14:17)
sigtop: skipping attachment without path (conversation: "Photos voyages", sent: 2026-04-03 20:14:17)
sigtop: skipping attachment without path (conversation: "Photos voyages", sent: 2026-04-03 20:14:17)
sigtop: skipping attachment without path (conversation: "Photos voyages", sent: 2026-04-03 20:16:53)
sigtop: skipping attachment without path (conversation: "Photos voyages", sent: 2026-04-03 20:17:22)
sigtop: skipping attachment without path (conversation: "Photos voyages", sent: 2026-04-04 05:27:52)
sigtop: skipping attachment without path (conversation: "Photos voyages", sent: 2026-04-04 05:28:06)
sigtop: skipping attachment without path (conversation: "Photos voyages", sent: 2026-04-04 05:30:03)
sigtop: skipping attachment without path (conversation: "Photos voyages", sent: 2026-04-04 05:32:26)
sigtop: skipping attachment without path (conversation: "Photos voyages", sent: 2026-04-14 05:13:21)
sigtop: skipping attachment without path (conversation: "Photos voyages", sent: 2026-04-14 05:13:21)
sigtop: skipping attachment without path (conversation: "Photos voyages", sent: 2026-04-14 05:13:21)
sigtop: skipping attachment without path (conversation: "Photos voyages", sent: 2026-04-14 05:13:21)
sigtop: skipping attachment without path (conversation: "Photos voyages", sent: 2026-04-14 05:13:21)
sigtop: skipping attachment without path (conversation: "Photos voyages", sent: 2026-04-14 05:13:21)
sigtop: skipping attachment without path (conversation: "Photos voyages", sent: 2026-04-14 05:13:21)
sigtop: skipping attachment without path (conversation: "Photos voyages", sent: 2026-04-14 05:13:21)
sigtop: skipping attachment without path (conversation: "Photos voyages", sent: 2026-04-14 05:13:21)
sigtop: skipping attachment without path (conversation: "Photos voyages", sent: 2026-04-14 05:13:21)
sigtop: skipping attachment without path (conversation: "Photos voyages", sent: 2026-04-14 05:13:21)
sigtop: skipping attachment without path (conversation: "Photos voyages", sent: 2026-04-14 05:13:21)
sigtop: skipping attachment without path (conversation: "Photos voyages", sent: 2026-04-14 05:13:21)
sigtop: skipping attachment without path (conversation: "Photos voyages", sent: 2026-04-14 05:13:21)
sigtop: skipping attachment without path (conversation: "Photos voyages", sent: 2026-04-14 05:13:21)
sigtop: skipping attachment without path (conversation: "Photos voyages", sent: 2026-04-14 05:13:21)
sigtop: skipping attachment without path (conversation: "Photos voyages", sent: 2026-04-23 21:32:01)
sigtop: skipping attachment without path (conversation: "Photos voyages", sent: 2026-04-23 21:33:34)
sigtop: skipping attachment without path (conversation: "Photos voyages", sent: 2026-04-23 21:33:34)
sigtop: skipping attachment without path (conversation: "Photos voyages", sent: 2026-04-23 21:33:34)
sigtop: skipping attachment without path (conversation: "Photos voyages", sent: 2026-04-23 21:33:34)
sigtop: skipping attachment without path (conversation: "Photos voyages", sent: 2026-04-23 21:33:34)
sigtop: skipping attachment without path (conversation: "Photos voyages", sent: 2026-04-23 21:33:34)
sigtop: skipping attachment without path (conversation: "Photos voyages", sent: 2026-04-23 21:33:34)
sigtop: skipping attachment without path (conversation: "Photos voyages", sent: 2026-04-23 21:33:34)
sigtop: skipping attachment without path (conversation: "Photos voyages", sent: 2026-04-23 21:33:34)
sigtop: skipping attachment without path (conversation: "Photos voyages", sent: 2026-04-23 21:33:34)
sigtop: skipping attachment without path (conversation: "Photos voyages", sent: 2026-04-23 21:33:34)
sigtop: skipping attachment without path (conversation: "Photos voyages", sent: 2026-04-23 21:33:34)
sigtop: skipping attachment without path (conversation: "Photos voyages", sent: 2026-04-23 21:33:34)
sigtop: skipping attachment without path (conversation: "Photos voyages", sent: 2026-04-23 21:33:34)
sigtop: skipping attachment without path (conversation: "Photos voyages", sent: 2026-04-23 21:33:34)
sigtop: skipping attachment without path (conversation: "Photos voyages", sent: 2026-04-23 21:34:44)
sigtop: skipping attachment without path (conversation: "Photos voyages", sent: 2026-04-23 21:34:44)
sigtop: skipping attachment without path (conversation: "Photos voyages", sent: 2026-04-23 21:34:44)
sigtop: skipping attachment without path (conversation: "Photos voyages", sent: 2026-04-25 21:58:51)
sigtop: skipping attachment without path (conversation: "Photos voyages", sent: 2026-04-25 21:58:51)
sigtop: skipping attachment without path (conversation: "Photos voyages", sent: 2026-05-04 00:54:03)
sigtop: skipping attachment without path (conversation: "Photos voyages", sent: 2026-05-04 00:55:08)
sigtop: skipping attachment without path (conversation: "Photos voyages", sent: 2026-05-04 00:55:56)
sigtop: skipping attachment without path (conversation: "Photos voyages", sent: 2026-05-04 00:56:50)
sigtop: skipping attachment without path (conversation: "Photos voyages", sent: 2026-05-04 00:57:40)
sigtop: skipping attachment without path (conversation: "Photos voyages", sent: 2026-05-04 00:58:28)
sigtop: skipping attachment without path (conversation: "Photos voyages", sent: 2026-05-04 00:59:10)
sigtop: skipping attachment without path (conversation: "Photos voyages", sent: 2026-05-30 23:13:48)
sigtop: skipping attachment without path (conversation: "Textile Brand", sent: 2025-09-27 02:09:02)
sigtop: skipping attachment without path (conversation: "Textile Brand", sent: 2025-09-27 02:13:36)
sigtop: skipping attachment without path (conversation: "Textile Brand", sent: 2025-10-01 04:50:59)
sigtop: skipping attachment without path (conversation: "Jan Biller", sent: 2025-10-02 17:59:53)
sigtop: skipping attachment without path (conversation: "Jan Biller", sent: 2025-10-07 00:19:41)
sigtop: skipping attachment without path (conversation: "Jan Biller", sent: 2025-10-08 20:29:28)
sigtop: skipping attachment without path (conversation: "Jan Biller", sent: 2025-10-14 18:43:44)
sigtop: skipping attachment without path (conversation: "Jan Biller", sent: 2025-10-15 19:25:22)
sigtop: skipping attachment without path (conversation: "Jan Biller", sent: 2026-04-13 16:22:06)
sigtop: skipping attachment without path (conversation: "Jan Biller", sent: 2026-05-06 01:39:38)
sigtop: skipping attachment without path (conversation: "Gabriel Horvat", sent: 2025-11-07 02:06:27)
sigtop: skipping attachment without path (conversation: "Gabriel Horvat", sent: 2025-11-07 02:06:27)
sigtop: skipping attachment without path (conversation: "Gabriel Horvat", sent: 2025-11-07 02:06:27)
sigtop: skipping attachment without path (conversation: "Gabriel Horvat", sent: 2025-11-07 02:06:27)
sigtop: skipping attachment without path (conversation: "Gabriel Horvat", sent: 2025-11-07 02:06:27)
sigtop: skipping attachment without path (conversation: "Gabriel Horvat", sent: 2025-11-07 02:06:27)
sigtop: skipping attachment without path (conversation: "Gabriel Horvat", sent: 2025-11-27 02:25:16)
sigtop: skipping attachment without path (conversation: "Gabriel Horvat", sent: 2025-12-01 02:47:57)
sigtop: skipping attachment without path (conversation: "Gabriel Horvat", sent: 2025-12-02 05:25:55)
sigtop: skipping attachment without path (conversation: "Gabriel Horvat", sent: 2025-12-17 01:47:01)
sigtop: skipping attachment without path (conversation: "Gabriel Horvat", sent: 2025-12-17 01:47:01)
sigtop: skipping attachment without path (conversation: "Gabriel Horvat", sent: 2025-12-17 01:47:01)
sigtop: skipping attachment without path (conversation: "Gabriel Horvat", sent: 2025-12-17 01:47:01)
sigtop: skipping attachment without path (conversation: "Gabriel Horvat", sent: 2025-12-17 01:47:01)
sigtop: skipping attachment without path (conversation: "Gabriel Horvat", sent: 2025-12-17 01:47:01)
sigtop: skipping attachment without path (conversation: "Gabriel Horvat", sent: 2025-12-17 01:47:01)
sigtop: skipping attachment without path (conversation: "Gabriel Horvat", sent: 2025-12-17 01:47:01)
sigtop: skipping attachment without path (conversation: "Gabriel Horvat", sent: 2025-12-17 01:47:01)
sigtop: skipping attachment without path (conversation: "Gabriel Horvat", sent: 2025-12-17 01:47:01)
sigtop: skipping attachment without path (conversation: "Gabriel Horvat", sent: 2025-12-17 01:47:01)
sigtop: skipping attachment without path (conversation: "Gabriel Horvat", sent: 2025-12-17 01:47:01)
sigtop: skipping attachment without path (conversation: "Gabriel Horvat", sent: 2025-12-17 01:47:01)
sigtop: skipping attachment without path (conversation: "Marianne Dotzer", sent: 2025-09-25 07:12:10)
sigtop: skipping attachment without path (conversation: "Marianne Dotzer", sent: 2025-09-27 00:36:41)
sigtop: skipping attachment without path (conversation: "Marianne Dotzer", sent: 2025-09-28 04:55:26)
sigtop: skipping attachment without path (conversation: "Marianne Dotzer", sent: 2025-09-28 04:55:30)
sigtop: skipping attachment without path (conversation: "Marianne Dotzer", sent: 2025-09-28 05:30:40)
sigtop: skipping attachment without path (conversation: "Marianne Dotzer", sent: 2025-09-29 04:30:37)
sigtop: skipping attachment without path (conversation: "Marianne Dotzer", sent: 2025-10-01 19:38:15)
sigtop: skipping attachment without path (conversation: "Marianne Dotzer", sent: 2025-10-03 03:14:32)
sigtop: skipping attachment without path (conversation: "Marianne Dotzer", sent: 2025-10-03 03:14:32)
sigtop: skipping attachment without path (conversation: "Marianne Dotzer", sent: 2025-10-03 03:14:32)
sigtop: skipping attachment without path (conversation: "Marianne Dotzer", sent: 2025-10-03 03:14:32)
sigtop: skipping attachment without path (conversation: "Marianne Dotzer", sent: 2025-10-03 18:36:55)
sigtop: skipping attachment without path (conversation: "Marianne Dotzer", sent: 2025-10-05 22:51:08)
sigtop: skipping attachment without path (conversation: "Marianne Dotzer", sent: 2025-10-08 17:34:49)
sigtop: skipping attachment without path (conversation: "Marianne Dotzer", sent: 2025-10-08 18:14:36)
sigtop: skipping attachment without path (conversation: "Marianne Dotzer", sent: 2025-10-11 01:19:10)
sigtop: skipping attachment without path (conversation: "Marianne Dotzer", sent: 2025-10-11 05:52:46)
sigtop: skipping attachment without path (conversation: "Marianne Dotzer", sent: 2025-10-14 06:43:42)
sigtop: skipping attachment without path (conversation: "Marianne Dotzer", sent: 2025-10-14 22:35:01)
sigtop: skipping attachment without path (conversation: "Marianne Dotzer", sent: 2025-10-15 04:47:53)
sigtop: skipping attachment without path (conversation: "Marianne Dotzer", sent: 2025-10-16 03:22:08)
sigtop: skipping attachment without path (conversation: "Marianne Dotzer", sent: 2025-10-18 00:15:38)
sigtop: skipping attachment without path (conversation: "Marianne Dotzer", sent: 2025-10-18 17:16:34)
sigtop: skipping attachment without path (conversation: "Marianne Dotzer", sent: 2025-10-18 17:19:19)
sigtop: skipping attachment without path (conversation: "Marianne Dotzer", sent: 2025-10-18 19:28:00)
sigtop: skipping attachment without path (conversation: "Marianne Dotzer", sent: 2025-10-19 23:52:31)
sigtop: skipping attachment without path (conversation: "Marianne Dotzer", sent: 2025-10-21 02:10:49)
sigtop: skipping attachment without path (conversation: "Marianne Dotzer", sent: 2025-10-21 02:19:59)
sigtop: skipping attachment without path (conversation: "Marianne Dotzer", sent: 2025-10-21 03:32:02)
sigtop: skipping attachment without path (conversation: "Marianne Dotzer", sent: 2025-10-21 23:55:58)
sigtop: skipping attachment without path (conversation: "Marianne Dotzer", sent: 2025-10-22 04:56:54)
sigtop: skipping attachment without path (conversation: "Marianne Dotzer", sent: 2025-10-22 05:09:00)
sigtop: skipping attachment without path (conversation: "Marianne Dotzer", sent: 2025-10-22 22:37:06)
sigtop: skipping attachment without path (conversation: "Marianne Dotzer", sent: 2025-10-23 20:46:24)
sigtop: skipping attachment without path (conversation: "Marianne Dotzer", sent: 2025-10-23 22:46:42)
sigtop: skipping attachment without path (conversation: "Marianne Dotzer", sent: 2025-10-25 17:22:09)
sigtop: skipping attachment without path (conversation: "Marianne Dotzer", sent: 2025-10-25 17:32:56)
sigtop: skipping attachment without path (conversation: "Marianne Dotzer", sent: 2025-10-27 22:01:00)
sigtop: skipping attachment without path (conversation: "Marianne Dotzer", sent: 2025-10-28 18:04:06)
sigtop: skipping attachment without path (conversation: "Marianne Dotzer", sent: 2025-10-28 18:14:56)
sigtop: skipping attachment without path (conversation: "Marianne Dotzer", sent: 2025-10-29 21:58:09)
sigtop: skipping attachment without path (conversation: "Marianne Dotzer", sent: 2025-10-29 22:48:37)
sigtop: skipping attachment without path (conversation: "Marianne Dotzer", sent: 2025-10-29 23:22:26)
sigtop: skipping attachment without path (conversation: "Marianne Dotzer", sent: 2025-11-01 07:31:32)
sigtop: skipping attachment without path (conversation: "Marianne Dotzer", sent: 2025-11-02 20:06:48)
sigtop: skipping attachment without path (conversation: "Marianne Dotzer", sent: 2025-11-07 01:30:30)
sigtop: skipping attachment without path (conversation: "Marianne Dotzer", sent: 2025-11-09 03:27:26)
sigtop: skipping attachment without path (conversation: "Marianne Dotzer", sent: 2025-11-11 02:27:50)
sigtop: skipping attachment without path (conversation: "Marianne Dotzer", sent: 2025-11-11 02:29:00)
sigtop: skipping attachment without path (conversation: "Marianne Dotzer", sent: 2025-11-12 17:53:45)
sigtop: skipping attachment without path (conversation: "Marianne Dotzer", sent: 2025-11-12 17:53:45)
sigtop: skipping attachment without path (conversation: "Marianne Dotzer", sent: 2025-11-12 17:53:45)
sigtop: skipping attachment without path (conversation: "Marianne Dotzer", sent: 2025-11-14 21:01:03)
sigtop: skipping attachment without path (conversation: "Marianne Dotzer", sent: 2025-11-15 03:07:55)
sigtop: skipping attachment without path (conversation: "Marianne Dotzer", sent: 2025-11-15 03:07:55)
sigtop: skipping attachment without path (conversation: "Marianne Dotzer", sent: 2025-11-15 03:21:31)
sigtop: skipping attachment without path (conversation: "Marianne Dotzer", sent: 2025-11-17 21:42:05)
sigtop: skipping attachment without path (conversation: "Marianne Dotzer", sent: 2025-11-18 04:43:43)
sigtop: skipping attachment without path (conversation: "Marianne Dotzer", sent: 2025-11-20 18:52:23)
sigtop: skipping attachment without path (conversation: "Marianne Dotzer", sent: 2025-11-21 18:41:45)
sigtop: skipping attachment without path (conversation: "Marianne Dotzer", sent: 2025-11-21 18:41:45)
sigtop: skipping attachment without path (conversation: "Marianne Dotzer", sent: 2025-11-21 18:41:45)
sigtop: skipping attachment without path (conversation: "Marianne Dotzer", sent: 2025-11-25 06:43:39)
sigtop: skipping attachment without path (conversation: "Marianne Dotzer", sent: 2025-11-26 21:45:18)
sigtop: skipping attachment without path (conversation: "Marianne Dotzer", sent: 2025-11-26 21:46:20)
sigtop: skipping attachment without path (conversation: "Marianne Dotzer", sent: 2025-11-27 05:15:08)
sigtop: skipping attachment without path (conversation: "Marianne Dotzer", sent: 2025-11-29 18:15:20)
sigtop: skipping attachment without path (conversation: "Marianne Dotzer", sent: 2025-11-29 18:36:36)
sigtop: skipping attachment without path (conversation: "Marianne Dotzer", sent: 2025-11-29 18:52:52)
sigtop: skipping attachment without path (conversation: "Marianne Dotzer", sent: 2025-12-02 19:58:24)
sigtop: skipping attachment without path (conversation: "Marianne Dotzer", sent: 2025-12-02 23:41:27)
sigtop: skipping attachment without path (conversation: "Marianne Dotzer", sent: 2025-12-02 23:43:58)
sigtop: skipping attachment without path (conversation: "Marianne Dotzer", sent: 2025-12-05 23:01:16)
sigtop: skipping attachment without path (conversation: "Marianne Dotzer", sent: 2025-12-10 03:52:40)
sigtop: skipping attachment without path (conversation: "Marianne Dotzer", sent: 2025-12-10 05:58:14)
sigtop: skipping attachment without path (conversation: "Marianne Dotzer", sent: 2025-12-12 05:34:14)
sigtop: skipping attachment without path (conversation: "Marianne Dotzer", sent: 2025-12-12 22:51:52)
sigtop: skipping attachment without path (conversation: "Marianne Dotzer", sent: 2025-12-17 18:40:19)
sigtop: skipping attachment without path (conversation: "Marianne Dotzer", sent: 2025-12-17 18:54:53)
sigtop: skipping attachment without path (conversation: "Marianne Dotzer", sent: 2025-12-19 01:19:32)
sigtop: skipping attachment without path (conversation: "Marianne Dotzer", sent: 2025-12-19 01:19:32)
sigtop: skipping attachment without path (conversation: "Marianne Dotzer", sent: 2025-12-19 01:19:32)
sigtop: skipping attachment without path (conversation: "Marianne Dotzer", sent: 2025-12-22 21:01:09)
sigtop: skipping attachment without path (conversation: "Marianne Dotzer", sent: 2025-12-26 22:31:46)
sigtop: skipping attachment without path (conversation: "Marianne Dotzer", sent: 2025-12-26 22:31:46)
sigtop: skipping attachment without path (conversation: "Marianne Dotzer", sent: 2025-12-26 22:31:46)
sigtop: skipping attachment without path (conversation: "Marianne Dotzer", sent: 2025-12-26 22:31:46)
sigtop: skipping attachment without path (conversation: "Marianne Dotzer", sent: 2025-12-26 22:31:46)
sigtop: skipping attachment without path (conversation: "Marianne Dotzer", sent: 2025-12-26 22:31:46)
sigtop: skipping attachment without path (conversation: "Marianne Dotzer", sent: 2025-12-26 22:35:55)
sigtop: skipping attachment without path (conversation: "Marianne Dotzer", sent: 2025-12-28 18:15:26)
sigtop: skipping attachment without path (conversation: "Marianne Dotzer", sent: 2025-12-28 18:15:26)
sigtop: skipping attachment without path (conversation: "Marianne Dotzer", sent: 2025-12-28 18:15:26)
sigtop: skipping attachment without path (conversation: "Marianne Dotzer", sent: 2025-12-28 18:15:26)
sigtop: skipping attachment without path (conversation: "Marianne Dotzer", sent: 2025-12-28 18:47:20)
sigtop: skipping attachment without path (conversation: "Marianne Dotzer", sent: 2025-12-28 18:47:20)
sigtop: skipping attachment without path (conversation: "Marianne Dotzer", sent: 2025-12-29 18:07:30)
sigtop: skipping attachment without path (conversation: "Marianne Dotzer", sent: 2026-01-02 19:10:02)
sigtop: skipping attachment without path (conversation: "Marianne Dotzer", sent: 2026-01-05 08:18:30)
sigtop: skipping attachment without path (conversation: "Marianne Dotzer", sent: 2026-01-05 08:18:30)
sigtop: skipping attachment without path (conversation: "Marianne Dotzer", sent: 2026-01-07 20:05:25)
sigtop: skipping attachment without path (conversation: "Marianne Dotzer", sent: 2026-01-07 20:05:25)
sigtop: skipping attachment without path (conversation: "Marianne Dotzer", sent: 2026-01-07 20:05:25)
sigtop: skipping attachment without path (conversation: "Marianne Dotzer", sent: 2026-01-07 20:05:25)
sigtop: skipping attachment without path (conversation: "Marianne Dotzer", sent: 2026-01-07 20:05:25)
sigtop: skipping attachment without path (conversation: "Marianne Dotzer", sent: 2026-01-07 20:05:25)
sigtop: skipping attachment without path (conversation: "Marianne Dotzer", sent: 2026-01-07 20:05:25)
sigtop: skipping attachment without path (conversation: "Marianne Dotzer", sent: 2026-01-07 20:05:25)
sigtop: skipping attachment without path (conversation: "Marianne Dotzer", sent: 2026-01-07 20:05:25)
sigtop: skipping attachment without path (conversation: "Marianne Dotzer", sent: 2026-01-11 19:45:41)
sigtop: skipping attachment without path (conversation: "Marianne Dotzer", sent: 2026-01-14 18:21:56)
sigtop: skipping attachment without path (conversation: "Marianne Dotzer", sent: 2026-01-15 19:50:20)
sigtop: skipping attachment without path (conversation: "Marianne Dotzer", sent: 2026-01-15 19:50:20)
sigtop: skipping attachment without path (conversation: "Marianne Dotzer", sent: 2026-01-16 01:17:49)
sigtop: skipping attachment without path (conversation: "Marianne Dotzer", sent: 2026-01-19 00:37:40)
sigtop: skipping attachment without path (conversation: "Marianne Dotzer", sent: 2026-01-19 23:56:33)
sigtop: skipping attachment without path (conversation: "Marianne Dotzer", sent: 2026-01-20 23:51:00)
sigtop: skipping attachment without path (conversation: "Marianne Dotzer", sent: 2026-01-21 00:42:42)
sigtop: skipping attachment without path (conversation: "Marianne Dotzer", sent: 2026-01-21 00:44:25)
sigtop: skipping attachment without path (conversation: "Marianne Dotzer", sent: 2026-01-27 03:43:01)
sigtop: skipping attachment without path (conversation: "Marianne Dotzer", sent: 2026-01-28 15:03:28)
sigtop: skipping attachment without path (conversation: "Marianne Dotzer", sent: 2026-01-28 18:12:48)
sigtop: skipping attachment without path (conversation: "Marianne Dotzer", sent: 2026-01-28 18:25:27)
sigtop: skipping attachment without path (conversation: "Marianne Dotzer", sent: 2026-01-28 18:26:07)
sigtop: skipping attachment without path (conversation: "Marianne Dotzer", sent: 2026-02-06 18:51:57)
sigtop: skipping attachment without path (conversation: "Marianne Dotzer", sent: 2026-02-06 19:08:44)
sigtop: skipping attachment without path (conversation: "Marianne Dotzer", sent: 2026-02-06 19:30:52)
sigtop: skipping attachment without path (conversation: "Marianne Dotzer", sent: 2026-02-07 18:55:48)
sigtop: skipping attachment without path (conversation: "Marianne Dotzer", sent: 2026-02-07 19:07:00)
sigtop: skipping attachment without path (conversation: "Marianne Dotzer", sent: 2026-02-07 19:11:24)
sigtop: skipping attachment without path (conversation: "Marianne Dotzer", sent: 2026-02-10 18:53:29)
sigtop: skipping attachment without path (conversation: "Marianne Dotzer", sent: 2026-02-13 17:35:47)
sigtop: skipping attachment without path (conversation: "Marianne Dotzer", sent: 2026-02-17 03:30:11)
sigtop: skipping attachment without path (conversation: "Marianne Dotzer", sent: 2026-02-17 11:25:14)
sigtop: skipping attachment without path (conversation: "Marianne Dotzer", sent: 2026-02-17 13:02:18)
sigtop: skipping attachment without path (conversation: "Marianne Dotzer", sent: 2026-02-17 17:38:50)
sigtop: skipping attachment without path (conversation: "Marianne Dotzer", sent: 2026-02-17 19:12:43)
sigtop: skipping attachment without path (conversation: "Marianne Dotzer", sent: 2026-02-17 19:14:13)
sigtop: skipping attachment without path (conversation: "Marianne Dotzer", sent: 2026-02-17 19:18:49)
sigtop: skipping attachment without path (conversation: "Marianne Dotzer", sent: 2026-02-21 19:02:04)
sigtop: skipping attachment without path (conversation: "Marianne Dotzer", sent: 2026-02-23 20:03:54)
sigtop: skipping attachment without path (conversation: "Marianne Dotzer", sent: 2026-03-09 18:46:25)
sigtop: skipping attachment without path (conversation: "Marianne Dotzer", sent: 2026-03-11 00:33:17)
sigtop: skipping attachment without path (conversation: "Marianne Dotzer", sent: 2026-03-14 19:31:01)
sigtop: skipping attachment without path (conversation: "Marianne Dotzer", sent: 2026-03-20 20:21:58)
sigtop: skipping attachment without path (conversation: "Marianne Dotzer", sent: 2026-03-20 20:25:06)
sigtop: skipping attachment without path (conversation: "Marianne Dotzer", sent: 2026-03-20 21:05:20)
sigtop: skipping attachment without path (conversation: "Marianne Dotzer", sent: 2026-03-20 21:15:15)
sigtop: skipping attachment without path (conversation: "Marianne Dotzer", sent: 2026-03-21 03:28:44)
sigtop: skipping attachment without path (conversation: "Marianne Dotzer", sent: 2026-03-21 05:27:43)
sigtop: skipping attachment without path (conversation: "Marianne Dotzer", sent: 2026-03-26 22:22:59)
sigtop: skipping attachment without path (conversation: "Marianne Dotzer", sent: 2026-03-26 22:48:38)
sigtop: skipping attachment without path (conversation: "Marianne Dotzer", sent: 2026-03-26 23:02:23)
sigtop: skipping attachment without path (conversation: "Marianne Dotzer", sent: 2026-03-27 04:57:17)
sigtop: skipping attachment without path (conversation: "Marianne Dotzer", sent: 2026-03-27 19:28:25)
sigtop: skipping attachment without path (conversation: "Marianne Dotzer", sent: 2026-04-01 20:37:36)
sigtop: skipping attachment without path (conversation: "Marianne Dotzer", sent: 2026-04-01 20:41:08)
sigtop: skipping attachment without path (conversation: "Marianne Dotzer", sent: 2026-04-01 20:44:33)
sigtop: skipping attachment without path (conversation: "Marianne Dotzer", sent: 2026-04-01 23:25:05)
sigtop: skipping attachment without path (conversation: "Marianne Dotzer", sent: 2026-04-02 01:20:25)
sigtop: skipping attachment without path (conversation: "Marianne Dotzer", sent: 2026-04-03 00:48:14)
sigtop: skipping attachment without path (conversation: "Marianne Dotzer", sent: 2026-04-09 03:49:58)
sigtop: skipping attachment without path (conversation: "Marianne Dotzer", sent: 2026-04-14 16:49:36)
sigtop: skipping attachment without path (conversation: "Marianne Dotzer", sent: 2026-04-14 16:50:19)
sigtop: skipping attachment without path (conversation: "Marianne Dotzer", sent: 2026-04-14 16:56:35)
sigtop: skipping attachment without path (conversation: "Marianne Dotzer", sent: 2026-04-16 12:48:42)
sigtop: skipping attachment without path (conversation: "Marianne Dotzer", sent: 2026-04-16 15:31:02)
sigtop: skipping attachment without path (conversation: "Marianne Dotzer", sent: 2026-04-16 15:39:18)
sigtop: skipping attachment without path (conversation: "Marianne Dotzer", sent: 2026-04-19 02:34:40)
sigtop: skipping attachment without path (conversation: "Marianne Dotzer", sent: 2026-04-19 21:36:00)
sigtop: skipping attachment without path (conversation: "Marianne Dotzer", sent: 2026-04-21 16:31:10)
sigtop: skipping attachment without path (conversation: "Marianne Dotzer", sent: 2026-04-28 10:46:42)
sigtop: skipping attachment without path (conversation: "Marianne Dotzer", sent: 2026-04-28 10:46:54)
sigtop: skipping attachment without path (conversation: "Marianne Dotzer", sent: 2026-04-28 15:55:25)
sigtop: skipping attachment without path (conversation: "Marianne Dotzer", sent: 2026-04-28 15:56:37)
sigtop: skipping attachment without path (conversation: "Marianne Dotzer", sent: 2026-05-03 06:08:17)
sigtop: skipping attachment without path (conversation: "Conrad Leu", sent: 2025-09-27 19:47:53)
sigtop: skipping attachment without path (conversation: "Conrad Leu", sent: 2025-09-28 01:55:08)
sigtop: skipping attachment without path (conversation: "Conrad Leu", sent: 2025-10-01 07:22:29)
sigtop: skipping attachment without path (conversation: "Conrad Leu", sent: 2025-11-26 17:26:56)
sigtop: skipping attachment without path (conversation: "Conrad Leu", sent: 2025-11-27 07:27:54)
sigtop: skipping attachment without path (conversation: "Sorellas e Freritos", sent: 2025-09-28 06:55:29)
sigtop: skipping attachment without path (conversation: "Sorellas e Freritos", sent: 2025-11-18 17:40:52)
sigtop: skipping attachment without path (conversation: "Sorellas e Freritos", sent: 2025-11-18 17:40:52)
sigtop: skipping attachment without path (conversation: "Sorellas e Freritos", sent: 2025-11-18 17:40:52)
sigtop: skipping attachment without path (conversation: "Sorellas e Freritos", sent: 2025-11-18 17:40:52)
sigtop: skipping attachment without path (conversation: "Sorellas e Freritos", sent: 2025-11-18 17:40:52)
sigtop: skipping attachment without path (conversation: "Sorellas e Freritos", sent: 2025-11-18 17:40:52)
sigtop: skipping attachment without path (conversation: "Sorellas e Freritos", sent: 2025-11-18 17:40:52)
sigtop: skipping attachment without path (conversation: "Sorellas e Freritos", sent: 2025-11-18 17:42:13)
sigtop: skipping attachment without path (conversation: "Sorellas e Freritos", sent: 2025-11-18 17:43:57)
sigtop: skipping attachment without path (conversation: "Sorellas e Freritos", sent: 2025-11-18 17:43:57)
sigtop: skipping attachment without path (conversation: "Sorellas e Freritos", sent: 2025-11-18 17:43:57)
sigtop: skipping attachment without path (conversation: "Sorellas e Freritos", sent: 2025-11-21 18:51:55)
sigtop: skipping attachment without path (conversation: "Sorellas e Freritos", sent: 2025-11-21 18:51:55)
sigtop: skipping attachment without path (conversation: "Sorellas e Freritos", sent: 2025-11-21 18:51:55)
sigtop: skipping attachment without path (conversation: "Sorellas e Freritos", sent: 2025-11-21 18:51:55)
sigtop: skipping attachment without path (conversation: "Sorellas e Freritos", sent: 2025-11-22 02:33:21)
sigtop: skipping attachment without path (conversation: "Sorellas e Freritos", sent: 2025-11-22 02:53:30)
sigtop: skipping attachment without path (conversation: "Sorellas e Freritos", sent: 2025-11-22 02:53:30)
sigtop: skipping attachment without path (conversation: "Sorellas e Freritos", sent: 2025-11-22 02:53:30)
sigtop: skipping attachment without path (conversation: "Sorellas e Freritos", sent: 2025-11-22 02:53:30)
sigtop: skipping attachment without path (conversation: "Sorellas e Freritos", sent: 2025-11-22 08:02:27)
sigtop: skipping attachment without path (conversation: "Sorellas e Freritos", sent: 2025-11-22 08:02:27)
sigtop: skipping attachment without path (conversation: "Sorellas e Freritos", sent: 2025-12-06 01:19:29)
sigtop: skipping attachment without path (conversation: "Sorellas e Freritos", sent: 2025-12-06 01:19:29)
sigtop: skipping attachment without path (conversation: "Sorellas e Freritos", sent: 2025-12-06 01:19:29)
sigtop: skipping attachment without path (conversation: "Sorellas e Freritos", sent: 2025-12-06 01:19:29)
sigtop: skipping attachment without path (conversation: "Sorellas e Freritos", sent: 2025-12-06 01:19:29)
sigtop: skipping attachment without path (conversation: "Sorellas e Freritos", sent: 2025-12-06 01:19:29)
sigtop: skipping attachment without path (conversation: "Sorellas e Freritos", sent: 2025-12-06 01:19:29)
sigtop: skipping attachment without path (conversation: "Sorellas e Freritos", sent: 2025-12-06 01:19:29)
sigtop: skipping attachment without path (conversation: "Sorellas e Freritos", sent: 2025-12-06 01:19:29)
sigtop: skipping attachment without path (conversation: "Sorellas e Freritos", sent: 2025-12-06 01:19:29)
sigtop: skipping attachment without path (conversation: "Sorellas e Freritos", sent: 2025-12-06 01:19:29)
sigtop: skipping attachment without path (conversation: "Sorellas e Freritos", sent: 2025-12-06 01:19:29)
sigtop: skipping attachment without path (conversation: "Sorellas e Freritos", sent: 2025-12-06 01:19:29)
sigtop: skipping attachment without path (conversation: "Sorellas e Freritos", sent: 2025-12-06 05:56:26)
sigtop: skipping attachment without path (conversation: "Sorellas e Freritos", sent: 2025-12-19 01:19:51)
sigtop: skipping attachment without path (conversation: "Sorellas e Freritos", sent: 2025-12-19 01:19:51)
sigtop: skipping attachment without path (conversation: "Sorellas e Freritos", sent: 2025-12-19 01:19:51)
sigtop: skipping attachment without path (conversation: "Sorellas e Freritos", sent: 2025-12-26 00:48:17)
sigtop: skipping attachment without path (conversation: "Sorellas e Freritos", sent: 2025-12-27 00:38:23)
sigtop: skipping attachment without path (conversation: "Sorellas e Freritos", sent: 2025-12-27 00:38:23)
sigtop: skipping attachment without path (conversation: "Sorellas e Freritos", sent: 2025-12-27 00:38:23)
sigtop: skipping attachment without path (conversation: "Sorellas e Freritos", sent: 2025-12-27 00:40:41)
sigtop: skipping attachment without path (conversation: "Sorellas e Freritos", sent: 2025-12-27 00:40:41)
sigtop: skipping attachment without path (conversation: "Sorellas e Freritos", sent: 2025-12-29 05:44:12)
sigtop: skipping attachment without path (conversation: "Sorellas e Freritos", sent: 2025-12-30 03:09:14)
sigtop: skipping attachment without path (conversation: "Sorellas e Freritos", sent: 2025-12-30 03:09:14)
sigtop: skipping attachment without path (conversation: "Sorellas e Freritos", sent: 2025-12-30 03:09:14)
sigtop: skipping attachment without path (conversation: "Sorellas e Freritos", sent: 2025-12-30 03:09:14)
sigtop: skipping attachment without path (conversation: "Sorellas e Freritos", sent: 2025-12-30 03:09:14)
sigtop: skipping attachment without path (conversation: "Sorellas e Freritos", sent: 2026-01-03 06:01:12)
sigtop: skipping attachment without path (conversation: "Sorellas e Freritos", sent: 2026-01-03 06:01:12)
sigtop: skipping attachment without path (conversation: "Sorellas e Freritos", sent: 2026-01-03 06:46:35)
sigtop: skipping attachment without path (conversation: "Sorellas e Freritos", sent: 2026-01-03 10:36:15)
sigtop: skipping attachment without path (conversation: "Sorellas e Freritos", sent: 2026-01-03 10:36:15)
sigtop: skipping attachment without path (conversation: "Sorellas e Freritos", sent: 2026-01-03 10:36:15)
sigtop: skipping attachment without path (conversation: "Sorellas e Freritos", sent: 2026-01-04 11:49:19)
sigtop: skipping attachment without path (conversation: "Sorellas e Freritos", sent: 2026-01-04 11:52:29)
sigtop: skipping attachment without path (conversation: "Sorellas e Freritos", sent: 2026-01-07 20:04:17)
sigtop: skipping attachment without path (conversation: "Sorellas e Freritos", sent: 2026-01-07 20:04:17)
sigtop: skipping attachment without path (conversation: "Sorellas e Freritos", sent: 2026-01-07 20:04:17)
sigtop: skipping attachment without path (conversation: "Sorellas e Freritos", sent: 2026-01-07 20:04:17)
sigtop: skipping attachment without path (conversation: "Sorellas e Freritos", sent: 2026-01-07 20:04:17)
sigtop: skipping attachment without path (conversation: "Sorellas e Freritos", sent: 2026-01-07 20:04:17)
sigtop: skipping attachment without path (conversation: "Sorellas e Freritos", sent: 2026-01-07 20:04:17)
sigtop: skipping attachment without path (conversation: "Sorellas e Freritos", sent: 2026-01-07 20:04:17)
sigtop: skipping attachment without path (conversation: "Sorellas e Freritos", sent: 2026-01-07 20:04:17)
sigtop: skipping attachment without path (conversation: "Sorellas e Freritos", sent: 2026-01-07 20:17:54)
sigtop: skipping attachment without path (conversation: "Sorellas e Freritos", sent: 2026-01-11 03:14:01)
sigtop: skipping attachment without path (conversation: "Sorellas e Freritos", sent: 2026-01-11 03:14:01)
sigtop: skipping attachment without path (conversation: "Sorellas e Freritos", sent: 2026-01-11 03:14:01)
sigtop: skipping attachment without path (conversation: "Sorellas e Freritos", sent: 2026-01-11 03:14:01)
sigtop: skipping attachment without path (conversation: "Sorellas e Freritos", sent: 2026-01-11 03:14:01)
sigtop: skipping attachment without path (conversation: "Sorellas e Freritos", sent: 2026-01-11 03:14:01)
sigtop: skipping attachment without path (conversation: "Sorellas e Freritos", sent: 2026-01-11 04:28:47)
sigtop: skipping attachment without path (conversation: "Sorellas e Freritos", sent: 2026-01-11 04:28:47)
sigtop: skipping attachment without path (conversation: "Sorellas e Freritos", sent: 2026-01-11 04:28:47)
sigtop: skipping attachment without path (conversation: "Sorellas e Freritos", sent: 2026-01-11 04:28:47)
sigtop: skipping attachment without path (conversation: "Sorellas e Freritos", sent: 2026-01-11 04:28:47)
sigtop: skipping attachment without path (conversation: "Sorellas e Freritos", sent: 2026-01-11 04:28:47)
sigtop: skipping attachment without path (conversation: "Sorellas e Freritos", sent: 2026-01-11 04:28:47)
sigtop: skipping attachment without path (conversation: "Sorellas e Freritos", sent: 2026-01-16 03:37:12)
sigtop: skipping attachment without path (conversation: "Sorellas e Freritos", sent: 2026-01-16 03:38:11)
sigtop: skipping attachment without path (conversation: "Sorellas e Freritos", sent: 2026-01-17 20:13:12)
sigtop: skipping attachment without path (conversation: "Sorellas e Freritos", sent: 2026-01-20 23:59:48)
sigtop: skipping attachment without path (conversation: "Sorellas e Freritos", sent: 2026-01-20 23:59:48)
sigtop: skipping attachment without path (conversation: "Sorellas e Freritos", sent: 2026-01-20 23:59:48)
sigtop: skipping attachment without path (conversation: "Sorellas e Freritos", sent: 2026-01-29 22:37:35)
sigtop: skipping attachment without path (conversation: "Sorellas e Freritos", sent: 2026-02-03 19:41:35)
sigtop: skipping attachment without path (conversation: "Sorellas e Freritos", sent: 2026-02-03 19:41:35)
sigtop: skipping attachment without path (conversation: "Sorellas e Freritos", sent: 2026-02-03 19:41:35)
sigtop: skipping attachment without path (conversation: "Sorellas e Freritos", sent: 2026-02-03 19:41:35)
sigtop: skipping attachment without path (conversation: "Sorellas e Freritos", sent: 2026-02-03 19:41:35)
sigtop: skipping attachment without path (conversation: "Sorellas e Freritos", sent: 2026-02-03 19:41:35)
sigtop: skipping attachment without path (conversation: "Sorellas e Freritos", sent: 2026-02-03 19:41:35)
sigtop: skipping attachment without path (conversation: "Sorellas e Freritos", sent: 2026-02-24 07:30:10)
sigtop: skipping attachment without path (conversation: "Sorellas e Freritos", sent: 2026-02-24 07:30:10)
sigtop: skipping attachment without path (conversation: "Sorellas e Freritos", sent: 2026-02-24 07:30:10)
sigtop: skipping attachment without path (conversation: "Sorellas e Freritos", sent: 2026-02-24 07:30:10)
sigtop: skipping attachment without path (conversation: "Sorellas e Freritos", sent: 2026-02-24 07:30:10)
sigtop: skipping attachment without path (conversation: "Sorellas e Freritos", sent: 2026-02-24 07:30:10)
sigtop: skipping attachment without path (conversation: "Sorellas e Freritos", sent: 2026-02-24 08:31:11)
sigtop: skipping attachment without path (conversation: "Sorellas e Freritos", sent: 2026-02-24 08:31:11)
sigtop: skipping attachment without path (conversation: "Sorellas e Freritos", sent: 2026-02-24 08:31:55)
sigtop: skipping attachment without path (conversation: "Sorellas e Freritos", sent: 2026-02-24 08:31:55)
sigtop: skipping attachment without path (conversation: "Sorellas e Freritos", sent: 2026-02-24 08:31:55)
sigtop: skipping attachment without path (conversation: "Sorellas e Freritos", sent: 2026-02-24 08:31:55)
sigtop: skipping attachment without path (conversation: "Sorellas e Freritos", sent: 2026-02-24 08:31:55)
sigtop: skipping attachment without path (conversation: "Sorellas e Freritos", sent: 2026-02-24 08:31:55)
sigtop: skipping attachment without path (conversation: "Sorellas e Freritos", sent: 2026-02-24 08:31:55)
sigtop: skipping attachment without path (conversation: "Sorellas e Freritos", sent: 2026-02-24 08:31:55)
sigtop: skipping attachment without path (conversation: "Sorellas e Freritos", sent: 2026-02-24 08:31:55)
sigtop: skipping attachment without path (conversation: "Sorellas e Freritos", sent: 2026-02-27 13:43:20)
sigtop: skipping attachment without path (conversation: "Sorellas e Freritos", sent: 2026-03-28 20:03:53)
sigtop: skipping attachment without path (conversation: "Sorellas e Freritos", sent: 2026-03-28 20:03:53)
sigtop: skipping attachment without path (conversation: "Sorellas e Freritos", sent: 2026-03-28 20:03:53)
sigtop: skipping attachment without path (conversation: "Sorellas e Freritos", sent: 2026-03-28 20:03:53)
sigtop: skipping attachment without path (conversation: "Sorellas e Freritos", sent: 2026-03-28 20:03:53)
sigtop: skipping attachment without path (conversation: "Sorellas e Freritos", sent: 2026-03-28 20:03:53)
sigtop: skipping attachment without path (conversation: "Sorellas e Freritos", sent: 2026-03-28 20:03:53)
sigtop: skipping attachment without path (conversation: "Sorellas e Freritos", sent: 2026-03-28 20:03:53)
sigtop: skipping attachment without path (conversation: "Sorellas e Freritos", sent: 2026-03-28 20:03:53)
sigtop: skipping attachment without path (conversation: "Sorellas e Freritos", sent: 2026-03-28 20:03:53)
sigtop: skipping attachment without path (conversation: "Sorellas e Freritos", sent: 2026-03-28 20:03:53)
sigtop: skipping attachment without path (conversation: "Sorellas e Freritos", sent: 2026-03-28 20:05:27)
sigtop: skipping attachment without path (conversation: "Sorellas e Freritos", sent: 2026-03-29 20:02:24)
sigtop: skipping attachment without path (conversation: "Sorellas e Freritos", sent: 2026-04-01 05:24:53)
sigtop: skipping attachment without path (conversation: "Sorellas e Freritos", sent: 2026-04-04 07:00:52)
sigtop: skipping attachment without path (conversation: "Sorellas e Freritos", sent: 2026-04-04 07:01:00)
sigtop: skipping attachment without path (conversation: "Sorellas e Freritos", sent: 2026-04-04 07:04:15)
sigtop: skipping attachment without path (conversation: "Sorellas e Freritos", sent: 2026-04-04 07:04:15)
sigtop: skipping attachment without path (conversation: "Sorellas e Freritos", sent: 2026-04-04 17:29:40)
sigtop: skipping attachment without path (conversation: "Sorellas e Freritos", sent: 2026-04-04 17:29:40)
sigtop: skipping attachment without path (conversation: "Sorellas e Freritos", sent: 2026-04-04 17:29:40)
sigtop: skipping attachment without path (conversation: "Sorellas e Freritos", sent: 2026-04-04 17:29:40)
sigtop: skipping attachment without path (conversation: "Sorellas e Freritos", sent: 2026-04-04 17:29:40)
sigtop: skipping attachment without path (conversation: "Sorellas e Freritos", sent: 2026-04-04 17:29:40)
sigtop: skipping attachment without path (conversation: "Sorellas e Freritos", sent: 2026-04-04 18:42:30)
sigtop: skipping attachment without path (conversation: "Sorellas e Freritos", sent: 2026-04-10 19:12:23)
sigtop: skipping attachment without path (conversation: "Sorellas e Freritos", sent: 2026-04-10 19:12:23)
sigtop: skipping attachment without path (conversation: "Sorellas e Freritos", sent: 2026-04-10 19:12:23)
sigtop: skipping attachment without path (conversation: "Sorellas e Freritos", sent: 2026-04-10 19:12:23)
sigtop: skipping attachment without path (conversation: "Sorellas e Freritos", sent: 2026-04-10 20:56:55)
sigtop: skipping attachment without path (conversation: "Sorellas e Freritos", sent: 2026-04-10 20:58:42)
sigtop: skipping attachment without path (conversation: "Sorellas e Freritos", sent: 2026-04-18 02:53:49)
sigtop: skipping attachment without path (conversation: "Sorellas e Freritos", sent: 2026-04-18 02:58:42)
sigtop: skipping attachment without path (conversation: "Sorellas e Freritos", sent: 2026-04-18 03:09:10)
sigtop: skipping attachment without path (conversation: "Sorellas e Freritos", sent: 2026-04-18 05:47:00)
sigtop: skipping attachment without path (conversation: "Sorellas e Freritos", sent: 2026-04-18 05:58:09)
sigtop: skipping attachment without path (conversation: "Sorellas e Freritos", sent: 2026-04-18 06:43:14)
sigtop: skipping attachment without path (conversation: "Sorellas e Freritos", sent: 2026-04-25 19:14:27)
sigtop: skipping attachment without path (conversation: "Sorellas e Freritos", sent: 2026-04-25 19:14:27)
sigtop: skipping attachment without path (conversation: "Sorellas e Freritos", sent: 2026-04-30 17:06:53)
sigtop: skipping attachment without path (conversation: "Sorellas e Freritos", sent: 2026-05-03 17:01:34)
sigtop: skipping attachment without path (conversation: "Mia Leu", sent: 2025-10-29 03:02:38)
sigtop: skipping attachment without path (conversation: "Mia Leu", sent: 2025-10-30 16:55:35)
sigtop: skipping attachment without path (conversation: "Mia Leu", sent: 2025-10-30 16:57:26)
sigtop: skipping attachment without path (conversation: "Mia Leu", sent: 2025-10-30 18:27:10)
sigtop: skipping attachment without path (conversation: "Mia Leu", sent: 2025-10-31 09:09:12)
sigtop: skipping attachment without path (conversation: "Mia Leu", sent: 2025-11-03 17:44:49)
sigtop: skipping attachment without path (conversation: "Mia Leu", sent: 2025-11-04 09:36:20)
sigtop: skipping attachment without path (conversation: "Mia Leu", sent: 2025-11-12 15:03:11)
sigtop: skipping attachment without path (conversation: "Mia Leu", sent: 2025-11-16 07:17:47)
sigtop: skipping attachment without path (conversation: "Mia Leu", sent: 2025-11-20 21:37:32)
sigtop: skipping attachment without path (conversation: "Mia Leu", sent: 2025-11-24 14:00:14)
sigtop: skipping attachment without path (conversation: "Mia Leu", sent: 2025-11-25 03:00:35)
sigtop: skipping attachment without path (conversation: "Mia Leu", sent: 2025-11-25 03:56:16)
sigtop: skipping attachment without path (conversation: "Mia Leu", sent: 2025-11-30 08:17:16)
sigtop: skipping attachment without path (conversation: "Mia Leu", sent: 2025-11-30 09:15:13)
sigtop: skipping attachment without path (conversation: "Mia Leu", sent: 2025-12-01 18:35:48)
sigtop: skipping attachment without path (conversation: "Mia Leu", sent: 2025-12-09 19:44:31)
sigtop: skipping attachment without path (conversation: "Mia Leu", sent: 2025-12-10 04:54:43)
sigtop: skipping attachment without path (conversation: "Mia Leu", sent: 2025-12-13 03:50:39)
sigtop: skipping attachment without path (conversation: "Mia Leu", sent: 2025-12-13 03:54:29)
sigtop: skipping attachment without path (conversation: "Mia Leu", sent: 2025-12-13 03:58:37)
sigtop: skipping attachment without path (conversation: "Mia Leu", sent: 2026-03-12 11:02:12)
sigtop: skipping attachment without path (conversation: "Christine Distler", sent: 2026-02-08 03:46:36)
sigtop: skipping attachment without path (conversation: "Christine Distler", sent: 2026-02-10 19:14:52)
sigtop: skipping attachment without path (conversation: "Christine Distler", sent: 2026-02-10 19:15:15)
sigtop: skipping attachment without path (conversation: "Christine Distler", sent: 2026-02-10 19:22:07)
sigtop: skipping attachment without path (conversation: "Christine Distler", sent: 2026-02-10 19:23:03)
sigtop: skipping attachment without path (conversation: "Isabelle Leu", sent: 2025-12-09 22:54:07)
sigtop: skipping attachment without path (conversation: "Isabelle Leu", sent: 2025-12-09 22:54:07)
sigtop: skipping attachment without path (conversation: "Isabelle Leu", sent: 2025-12-09 22:54:07)
sigtop: skipping attachment without path (conversation: "Isabelle Leu", sent: 2025-12-09 22:54:07)
sigtop: skipping attachment without path (conversation: "Isabelle Leu", sent: 2025-12-09 22:55:13)
sigtop: skipping attachment without path (conversation: "Isabelle Leu", sent: 2025-12-09 22:55:13)
sigtop: skipping attachment without path (conversation: "Isabelle Leu", sent: 2025-12-09 22:55:13)
sigtop: skipping attachment without path (conversation: "Isabelle Leu", sent: 2025-12-09 22:55:13)
sigtop: skipping attachment without path (conversation: "Isabelle Leu", sent: 2025-12-09 22:55:13)
sigtop: skipping attachment without path (conversation: "Isabelle Leu", sent: 2025-12-09 22:58:22)
sigtop: skipping attachment without path (conversation: "Isabelle Leu", sent: 2025-12-09 23:03:36)
sigtop: skipping attachment without path (conversation: "Isabelle Leu", sent: 2025-12-19 02:28:17)
sigtop: skipping attachment without path (conversation: "Isabelle Leu", sent: 2026-02-07 18:57:25)
sigtop: skipping attachment without path (conversation: "Isabelle Leu", sent: 2026-02-07 19:02:58)
sigtop: skipping attachment without path (conversation: "Isabelle Leu", sent: 2026-02-07 22:58:52)
sigtop: skipping attachment without path (conversation: "Isabelle Leu", sent: 2026-02-07 23:07:46)
sigtop: skipping attachment without path (conversation: "Isabelle Leu", sent: 2026-02-12 20:42:19)
sigtop: skipping attachment without path (conversation: "Isabelle Leu", sent: 2026-02-13 01:21:24)
sigtop: skipping attachment without path (conversation: "Isabelle Leu", sent: 2026-04-15 09:21:35)
sigtop: skipping attachment without path (conversation: "Isabelle Leu", sent: 2026-04-15 17:37:46)
sigtop: skipping attachment without path (conversation: "Isabelle Leu", sent: 2026-04-15 17:39:23)
sigtop: skipping attachment without path (conversation: "Isabelle Leu", sent: 2026-04-15 17:43:43)
sigtop: skipping attachment without path (conversation: "Isabelle Leu", sent: 2026-04-15 17:43:43)
sigtop: skipping attachment without path (conversation: "Isabelle Leu", sent: 2026-04-15 17:43:43)
sigtop: skipping attachment without path (conversation: "Isabelle Leu", sent: 2026-04-15 17:44:09)
sigtop: skipping attachment without path (conversation: "Isabelle Leu", sent: 2026-04-15 17:44:09)
sigtop: skipping attachment without path (conversation: "Isabelle Leu", sent: 2026-04-15 17:44:09)
sigtop: skipping attachment without path (conversation: "Isabelle Leu", sent: 2026-04-15 17:44:09)
sigtop: skipping attachment without path (conversation: "Isabelle Leu", sent: 2026-04-15 17:44:09)
sigtop: skipping attachment without path (conversation: "Isabelle Leu", sent: 2026-04-15 17:44:09)
sigtop: skipping attachment without path (conversation: "Isabelle Leu", sent: 2026-04-15 17:44:09)
sigtop: skipping attachment without path (conversation: "Isabelle Leu", sent: 2026-04-15 17:44:09)
sigtop: skipping attachment without path (conversation: "Isabelle Leu", sent: 2026-04-15 17:44:09)
sigtop: skipping attachment without path (conversation: "Isabelle Leu", sent: 2026-04-15 17:48:29)
sigtop: skipping attachment without path (conversation: "Isabelle Leu", sent: 2026-04-15 17:48:29)
sigtop: skipping attachment without path (conversation: "Isabelle Leu", sent: 2026-04-15 17:48:29)
sigtop: skipping attachment without path (conversation: "Isabelle Leu", sent: 2026-04-15 17:48:29)
sigtop: skipping attachment without path (conversation: "Isabelle Leu", sent: 2026-04-15 17:48:29)
sigtop: skipping attachment without path (conversation: "Isabelle Leu", sent: 2026-04-15 17:48:29)
sigtop: skipping attachment without path (conversation: "Isabelle Leu", sent: 2026-04-15 17:48:29)
sigtop: skipping attachment without path (conversation: "Isabelle Leu", sent: 2026-04-15 17:48:29)
sigtop: skipping attachment without path (conversation: "Isabelle Leu", sent: 2026-04-15 18:00:11)
sigtop: skipping attachment without path (conversation: "Isabelle Leu", sent: 2026-04-15 18:09:34)
sigtop: skipping attachment without path (conversation: "Isabelle Leu", sent: 2026-04-16 12:54:57)
sigtop: skipping attachment without path (conversation: "Isabelle Leu", sent: 2026-04-16 16:30:20)
sigtop: skipping attachment without path (conversation: "Isabelle Leu", sent: 2026-04-16 16:33:02)
sigtop: skipping attachment without path (conversation: "Isabelle Leu", sent: 2026-04-16 16:47:56)
sigtop: skipping attachment without path (conversation: "Isabelle Leu", sent: 2026-04-29 21:55:43)
sigtop: skipping attachment without path (conversation: "Rudi Dotzer", sent: 2025-10-10 18:14:00)
sigtop: skipping attachment without path (conversation: "Rudi Dotzer", sent: 2025-10-10 18:14:00)
sigtop: skipping attachment without path (conversation: "Rudi Dotzer", sent: 2025-12-25 03:38:54)
sigtop: skipping attachment without path (conversation: "Rudi Dotzer", sent: 2025-12-25 03:38:54)
Signal: 16 convos
WhatsApp (Mac): 56 convos
Added Dulcesita (iPhone): 10992 msgs, 771 voice msgs
Added Simon Baumann (iPhone): 1119 msgs, 6 voice msgs

Written: /Users/rafaelhorvat/__code__/chat_backup/data/index.html
Conversations: 72
Total messages: 14282
Audio files (voice msgs): 849
Total media files: 1661
===== INCREMENTAL TEST Mon Aug  3 10:05:14 AEST 2026 =====

[2026-08-03 10:05:14] ChatBackupSync run
sigtop: skipping attachment without path (conversation: "Simon Horvat", sent: 2025-09-29 23:08:23)
sigtop: skipping attachment without path (conversation: "Simon Horvat", sent: 2025-10-02 01:24:19)
sigtop: skipping attachment without path (conversation: "Simon Horvat", sent: 2025-10-11 05:27:32)
sigtop: skipping attachment without path (conversation: "Simon Horvat", sent: 2025-10-11 05:35:27)
sigtop: skipping attachment without path (conversation: "Simon Horvat", sent: 2025-10-25 03:03:40)
sigtop: skipping attachment without path (conversation: "Simon Horvat", sent: 2025-10-26 22:17:40)
sigtop: skipping attachment without path (conversation: "Simon Horvat", sent: 2025-11-03 17:07:54)
sigtop: skipping attachment without path (conversation: "Simon Horvat", sent: 2025-11-08 00:37:17)
sigtop: skipping attachment without path (conversation: "Simon Horvat", sent: 2025-11-08 01:11:38)
sigtop: skipping attachment without path (conversation: "Simon Horvat", sent: 2025-11-08 01:15:55)
sigtop: skipping attachment without path (conversation: "Simon Horvat", sent: 2025-11-08 04:43:26)
sigtop: skipping attachment without path (conversation: "Simon Horvat", sent: 2025-11-10 21:58:28)
sigtop: skipping attachment without path (conversation: "Simon Horvat", sent: 2025-11-13 20:02:56)
sigtop: skipping attachment without path (conversation: "Simon Horvat", sent: 2025-11-13 20:04:28)
sigtop: skipping attachment without path (conversation: "Simon Horvat", sent: 2025-11-16 19:09:04)
sigtop: skipping attachment without path (conversation: "Simon Horvat", sent: 2025-11-17 00:40:58)
sigtop: skipping attachment without path (conversation: "Simon Horvat", sent: 2025-11-17 06:35:25)
sigtop: skipping attachment without path (conversation: "Simon Horvat", sent: 2025-12-03 03:31:23)
sigtop: skipping attachment without path (conversation: "Simon Horvat", sent: 2025-12-11 22:45:49)
sigtop: skipping attachment without path (conversation: "Simon Horvat", sent: 2026-04-04 17:09:21)
sigtop: skipping attachment without path (conversation: "Simon Horvat", sent: 2026-04-04 17:17:23)
sigtop: skipping attachment without path (conversation: "Simon Horvat", sent: 2026-04-18 11:40:30)
sigtop: skipping attachment without path (conversation: "Simon Horvat", sent: 2026-04-18 11:40:30)
sigtop: skipping attachment without path (conversation: "Simon Horvat", sent: 2026-04-18 11:40:30)
sigtop: skipping attachment without path (conversation: "Simon Horvat", sent: 2026-04-18 11:40:30)
sigtop: skipping attachment without path (conversation: "Simon Horvat", sent: 2026-04-18 11:40:30)
sigtop: skipping attachment without path (conversation: "Lisa Dotzer", sent: 2025-11-26 00:29:23)
sigtop: skipping attachment without path (conversation: "Lisa Dotzer", sent: 2025-11-26 23:30:43)
sigtop: skipping attachment without path (conversation: "Lisa Dotzer", sent: 2025-11-27 00:08:30)
sigtop: skipping attachment without path (conversation: "Lisa Dotzer", sent: 2025-11-28 23:35:42)
sigtop: skipping attachment without path (conversation: "Lisa Dotzer", sent: 2025-12-10 06:29:28)
sigtop: skipping attachment without path (conversation: "Lisa Dotzer", sent: 2025-12-19 01:19:51)
sigtop: skipping attachment without path (conversation: "Lisa Dotzer", sent: 2025-12-19 01:19:51)
sigtop: skipping attachment without path (conversation: "Lisa Dotzer", sent: 2025-12-19 01:19:51)
sigtop: skipping attachment without path (conversation: "Lisa Dotzer", sent: 2026-01-07 20:05:25)
sigtop: skipping attachment without path (conversation: "Lisa Dotzer", sent: 2026-01-07 20:05:25)
sigtop: skipping attachment without path (conversation: "Lisa Dotzer", sent: 2026-01-07 20:05:25)
sigtop: skipping attachment without path (conversation: "Lisa Dotzer", sent: 2026-01-07 20:05:25)
sigtop: skipping attachment without path (conversation: "Lisa Dotzer", sent: 2026-01-07 20:05:25)
sigtop: skipping attachment without path (conversation: "Lisa Dotzer", sent: 2026-01-07 20:05:25)
sigtop: skipping attachment without path (conversation: "Lisa Dotzer", sent: 2026-01-07 20:05:25)
sigtop: skipping attachment without path (conversation: "Lisa Dotzer", sent: 2026-01-07 20:05:25)
sigtop: skipping attachment without path (conversation: "Lisa Dotzer", sent: 2026-01-07 20:05:25)
sigtop: skipping attachment without path (conversation: "Lisa Dotzer", sent: 2026-01-08 18:08:42)
sigtop: skipping attachment without path (conversation: "Lisa Dotzer", sent: 2026-01-08 18:17:09)
sigtop: skipping attachment without path (conversation: "Lisa Dotzer", sent: 2026-01-08 18:17:09)
sigtop: skipping attachment without path (conversation: "Lisa Dotzer", sent: 2026-01-15 07:51:30)
sigtop: skipping attachment without path (conversation: "Lisa Dotzer", sent: 2026-01-15 07:55:22)
sigtop: skipping attachment without path (conversation: "Lisa Dotzer", sent: 2026-01-15 12:16:20)
sigtop: skipping attachment without path (conversation: "Lisa Dotzer", sent: 2026-01-20 23:56:20)
sigtop: skipping attachment without path (conversation: "Lisa Dotzer", sent: 2026-01-20 23:56:20)
sigtop: skipping attachment without path (conversation: "Lisa Dotzer", sent: 2026-01-20 23:56:20)
sigtop: skipping attachment without path (conversation: "Lisa Dotzer", sent: 2026-02-17 18:09:58)
sigtop: skipping attachment without path (conversation: "Lisa Dotzer", sent: 2026-02-17 18:09:58)
sigtop: skipping attachment without path (conversation: "Lisa Dotzer", sent: 2026-02-17 18:09:58)
sigtop: skipping attachment without path (conversation: "Lisa Dotzer", sent: 2026-02-17 18:09:58)
sigtop: skipping attachment without path (conversation: "Lisa Dotzer", sent: 2026-02-17 18:09:58)
sigtop: skipping attachment without path (conversation: "Lisa Dotzer", sent: 2026-02-17 18:09:58)
sigtop: skipping attachment without path (conversation: "Lisa Dotzer", sent: 2026-02-17 20:38:34)
sigtop: skipping attachment without path (conversation: "Lisa Dotzer", sent: 2026-02-17 20:38:34)
sigtop: skipping attachment without path (conversation: "Lisa Dotzer", sent: 2026-02-17 20:38:34)
sigtop: skipping attachment without path (conversation: "Lisa Dotzer", sent: 2026-03-28 20:06:50)
sigtop: skipping attachment without path (conversation: "Lisa Dotzer", sent: 2026-03-28 20:06:50)
sigtop: skipping attachment without path (conversation: "Lisa Dotzer", sent: 2026-03-28 20:06:50)
sigtop: skipping attachment without path (conversation: "Lisa Dotzer", sent: 2026-03-28 20:06:50)
sigtop: skipping attachment without path (conversation: "Lisa Dotzer", sent: 2026-03-28 20:06:50)
sigtop: skipping attachment without path (conversation: "Lisa Dotzer", sent: 2026-03-28 20:06:50)
sigtop: skipping attachment without path (conversation: "Lisa Dotzer", sent: 2026-03-28 20:06:50)
sigtop: skipping attachment without path (conversation: "Lisa Dotzer", sent: 2026-03-28 20:06:50)
sigtop: skipping attachment without path (conversation: "Lisa Dotzer", sent: 2026-03-28 20:06:50)
sigtop: skipping attachment without path (conversation: "Lisa Dotzer", sent: 2026-03-28 20:06:50)
sigtop: skipping attachment without path (conversation: "Lisa Dotzer", sent: 2026-03-28 20:06:50)
sigtop: skipping attachment without path (conversation: "Lisa Dotzer", sent: 2026-04-16 18:27:48)
sigtop: skipping attachment without path (conversation: "Lisa Dotzer", sent: 2026-04-16 18:27:48)
sigtop: skipping attachment without path (conversation: "Lisa Dotzer", sent: 2026-04-16 18:27:48)
sigtop: skipping attachment without path (conversation: "Lisa Dotzer", sent: 2026-04-16 18:27:48)
sigtop: skipping attachment without path (conversation: "Lisa Dotzer", sent: 2026-04-16 18:27:48)
sigtop: skipping attachment without path (conversation: "Lisa Dotzer", sent: 2026-04-16 18:27:48)
sigtop: skipping attachment without path (conversation: "Lisa Dotzer", sent: 2026-04-16 18:27:48)
sigtop: skipping attachment without path (conversation: "Lisa Dotzer", sent: 2026-04-16 18:27:48)
sigtop: skipping attachment without path (conversation: "Lisa Dotzer", sent: 2026-04-16 18:27:48)
sigtop: skipping attachment without path (conversation: "Lisa Dotzer", sent: 2026-04-16 18:27:48)
sigtop: skipping attachment without path (conversation: "Lisa Dotzer", sent: 2026-04-16 18:27:48)
sigtop: skipping attachment without path (conversation: "Lisa Dotzer", sent: 2026-04-16 18:27:48)
sigtop: skipping attachment without path (conversation: "Lisa Dotzer", sent: 2026-04-16 18:27:48)
sigtop: skipping attachment without path (conversation: "Lina Leu", sent: 2025-10-06 21:58:43)
sigtop: skipping attachment without path (conversation: "Lina Leu", sent: 2025-10-29 02:54:44)
sigtop: skipping attachment without path (conversation: "Lina Leu", sent: 2025-10-29 03:41:04)
sigtop: skipping attachment without path (conversation: "Rudi Dotzer", sent: 2025-10-10 18:14:00)
sigtop: skipping attachment without path (conversation: "Rudi Dotzer", sent: 2025-10-10 18:14:00)
sigtop: skipping attachment without path (conversation: "Rudi Dotzer", sent: 2025-12-25 03:38:54)
sigtop: skipping attachment without path (conversation: "Rudi Dotzer", sent: 2025-12-25 03:38:54)
sigtop: skipping attachment without path (conversation: "Conrad Leu", sent: 2025-09-27 19:47:53)
sigtop: skipping attachment without path (conversation: "Conrad Leu", sent: 2025-09-28 01:55:08)
sigtop: skipping attachment without path (conversation: "Conrad Leu", sent: 2025-10-01 07:22:29)
sigtop: skipping attachment without path (conversation: "Conrad Leu", sent: 2025-11-26 17:26:56)
sigtop: skipping attachment without path (conversation: "Conrad Leu", sent: 2025-11-27 07:27:54)
sigtop: skipping attachment without path (conversation: "Photos voyages", sent: 2026-03-19 06:47:39)
sigtop: skipping attachment without path (conversation: "Photos voyages", sent: 2026-03-19 06:47:39)
sigtop: skipping attachment without path (conversation: "Photos voyages", sent: 2026-03-19 06:47:39)
sigtop: skipping attachment without path (conversation: "Photos voyages", sent: 2026-03-19 06:47:39)
sigtop: skipping attachment without path (conversation: "Photos voyages", sent: 2026-03-19 06:47:39)
sigtop: skipping attachment without path (conversation: "Photos voyages", sent: 2026-03-19 06:47:39)
sigtop: skipping attachment without path (conversation: "Photos voyages", sent: 2026-03-19 06:47:39)
sigtop: skipping attachment without path (conversation: "Photos voyages", sent: 2026-03-19 06:47:39)
sigtop: skipping attachment without path (conversation: "Photos voyages", sent: 2026-03-19 06:47:39)
sigtop: skipping attachment without path (conversation: "Photos voyages", sent: 2026-03-19 06:47:39)
sigtop: skipping attachment without path (conversation: "Photos voyages", sent: 2026-03-19 06:47:39)
sigtop: skipping attachment without path (conversation: "Photos voyages", sent: 2026-03-19 06:47:39)
sigtop: skipping attachment without path (conversation: "Photos voyages", sent: 2026-03-19 06:47:39)
sigtop: skipping attachment without path (conversation: "Photos voyages", sent: 2026-03-19 06:47:39)
sigtop: skipping attachment without path (conversation: "Photos voyages", sent: 2026-03-19 06:47:39)
sigtop: skipping attachment without path (conversation: "Photos voyages", sent: 2026-03-19 06:47:39)
sigtop: skipping attachment without path (conversation: "Photos voyages", sent: 2026-03-19 06:47:39)
sigtop: skipping attachment without path (conversation: "Photos voyages", sent: 2026-03-19 06:47:39)
sigtop: skipping attachment without path (conversation: "Photos voyages", sent: 2026-03-21 20:19:52)
sigtop: skipping attachment without path (conversation: "Photos voyages", sent: 2026-03-21 20:19:52)
sigtop: skipping attachment without path (conversation: "Photos voyages", sent: 2026-03-21 20:19:52)
sigtop: skipping attachment without path (conversation: "Photos voyages", sent: 2026-03-21 20:21:00)
sigtop: skipping attachment without path (conversation: "Photos voyages", sent: 2026-03-21 20:21:00)
sigtop: skipping attachment without path (conversation: "Photos voyages", sent: 2026-04-03 03:30:30)
sigtop: skipping attachment without path (conversation: "Photos voyages", sent: 2026-04-03 03:30:37)
sigtop: skipping attachment without path (conversation: "Photos voyages", sent: 2026-04-03 03:30:45)
sigtop: skipping attachment without path (conversation: "Photos voyages", sent: 2026-04-03 03:31:19)
sigtop: skipping attachment without path (conversation: "Photos voyages", sent: 2026-04-03 03:31:58)
sigtop: skipping attachment without path (conversation: "Photos voyages", sent: 2026-04-03 03:32:14)
sigtop: skipping attachment without path (conversation: "Photos voyages", sent: 2026-04-03 03:32:52)
sigtop: skipping attachment without path (conversation: "Photos voyages", sent: 2026-04-03 20:14:17)
sigtop: skipping attachment without path (conversation: "Photos voyages", sent: 2026-04-03 20:14:17)
sigtop: skipping attachment without path (conversation: "Photos voyages", sent: 2026-04-03 20:14:17)
sigtop: skipping attachment without path (conversation: "Photos voyages", sent: 2026-04-03 20:14:17)
sigtop: skipping attachment without path (conversation: "Photos voyages", sent: 2026-04-03 20:16:53)
sigtop: skipping attachment without path (conversation: "Photos voyages", sent: 2026-04-03 20:17:22)
sigtop: skipping attachment without path (conversation: "Photos voyages", sent: 2026-04-04 05:27:52)
sigtop: skipping attachment without path (conversation: "Photos voyages", sent: 2026-04-04 05:28:06)
sigtop: skipping attachment without path (conversation: "Photos voyages", sent: 2026-04-04 05:30:03)
sigtop: skipping attachment without path (conversation: "Photos voyages", sent: 2026-04-04 05:32:26)
sigtop: skipping attachment without path (conversation: "Photos voyages", sent: 2026-04-14 05:13:21)
sigtop: skipping attachment without path (conversation: "Photos voyages", sent: 2026-04-14 05:13:21)
sigtop: skipping attachment without path (conversation: "Photos voyages", sent: 2026-04-14 05:13:21)
sigtop: skipping attachment without path (conversation: "Photos voyages", sent: 2026-04-14 05:13:21)
sigtop: skipping attachment without path (conversation: "Photos voyages", sent: 2026-04-14 05:13:21)
sigtop: skipping attachment without path (conversation: "Photos voyages", sent: 2026-04-14 05:13:21)
sigtop: skipping attachment without path (conversation: "Photos voyages", sent: 2026-04-14 05:13:21)
sigtop: skipping attachment without path (conversation: "Photos voyages", sent: 2026-04-14 05:13:21)
sigtop: skipping attachment without path (conversation: "Photos voyages", sent: 2026-04-14 05:13:21)
sigtop: skipping attachment without path (conversation: "Photos voyages", sent: 2026-04-14 05:13:21)
sigtop: skipping attachment without path (conversation: "Photos voyages", sent: 2026-04-14 05:13:21)
sigtop: skipping attachment without path (conversation: "Photos voyages", sent: 2026-04-14 05:13:21)
sigtop: skipping attachment without path (conversation: "Photos voyages", sent: 2026-04-14 05:13:21)
sigtop: skipping attachment without path (conversation: "Photos voyages", sent: 2026-04-14 05:13:21)
sigtop: skipping attachment without path (conversation: "Photos voyages", sent: 2026-04-14 05:13:21)
sigtop: skipping attachment without path (conversation: "Photos voyages", sent: 2026-04-14 05:13:21)
sigtop: skipping attachment without path (conversation: "Photos voyages", sent: 2026-04-23 21:32:01)
sigtop: skipping attachment without path (conversation: "Photos voyages", sent: 2026-04-23 21:33:34)
sigtop: skipping attachment without path (conversation: "Photos voyages", sent: 2026-04-23 21:33:34)
sigtop: skipping attachment without path (conversation: "Photos voyages", sent: 2026-04-23 21:33:34)
sigtop: skipping attachment without path (conversation: "Photos voyages", sent: 2026-04-23 21:33:34)
sigtop: skipping attachment without path (conversation: "Photos voyages", sent: 2026-04-23 21:33:34)
sigtop: skipping attachment without path (conversation: "Photos voyages", sent: 2026-04-23 21:33:34)
sigtop: skipping attachment without path (conversation: "Photos voyages", sent: 2026-04-23 21:33:34)
sigtop: skipping attachment without path (conversation: "Photos voyages", sent: 2026-04-23 21:33:34)
sigtop: skipping attachment without path (conversation: "Photos voyages", sent: 2026-04-23 21:33:34)
sigtop: skipping attachment without path (conversation: "Photos voyages", sent: 2026-04-23 21:33:34)
sigtop: skipping attachment without path (conversation: "Photos voyages", sent: 2026-04-23 21:33:34)
sigtop: skipping attachment without path (conversation: "Photos voyages", sent: 2026-04-23 21:33:34)
sigtop: skipping attachment without path (conversation: "Photos voyages", sent: 2026-04-23 21:33:34)
sigtop: skipping attachment without path (conversation: "Photos voyages", sent: 2026-04-23 21:33:34)
sigtop: skipping attachment without path (conversation: "Photos voyages", sent: 2026-04-23 21:33:34)
sigtop: skipping attachment without path (conversation: "Photos voyages", sent: 2026-04-23 21:34:44)
sigtop: skipping attachment without path (conversation: "Photos voyages", sent: 2026-04-23 21:34:44)
sigtop: skipping attachment without path (conversation: "Photos voyages", sent: 2026-04-23 21:34:44)
sigtop: skipping attachment without path (conversation: "Photos voyages", sent: 2026-04-25 21:58:51)
sigtop: skipping attachment without path (conversation: "Photos voyages", sent: 2026-04-25 21:58:51)
sigtop: skipping attachment without path (conversation: "Photos voyages", sent: 2026-05-04 00:54:03)
sigtop: skipping attachment without path (conversation: "Photos voyages", sent: 2026-05-04 00:55:08)
sigtop: skipping attachment without path (conversation: "Photos voyages", sent: 2026-05-04 00:55:56)
sigtop: skipping attachment without path (conversation: "Photos voyages", sent: 2026-05-04 00:56:50)
sigtop: skipping attachment without path (conversation: "Photos voyages", sent: 2026-05-04 00:57:40)
sigtop: skipping attachment without path (conversation: "Photos voyages", sent: 2026-05-04 00:58:28)
sigtop: skipping attachment without path (conversation: "Photos voyages", sent: 2026-05-04 00:59:10)
sigtop: skipping attachment without path (conversation: "Photos voyages", sent: 2026-05-30 23:13:48)
sigtop: skipping attachment without path (conversation: "Marianne Dotzer", sent: 2025-09-25 07:12:10)
sigtop: skipping attachment without path (conversation: "Marianne Dotzer", sent: 2025-09-27 00:36:41)
sigtop: skipping attachment without path (conversation: "Marianne Dotzer", sent: 2025-09-28 04:55:26)
sigtop: skipping attachment without path (conversation: "Marianne Dotzer", sent: 2025-09-28 04:55:30)
sigtop: skipping attachment without path (conversation: "Marianne Dotzer", sent: 2025-09-28 05:30:40)
sigtop: skipping attachment without path (conversation: "Marianne Dotzer", sent: 2025-09-29 04:30:37)
sigtop: skipping attachment without path (conversation: "Marianne Dotzer", sent: 2025-10-01 19:38:15)
sigtop: skipping attachment without path (conversation: "Marianne Dotzer", sent: 2025-10-03 03:14:32)
sigtop: skipping attachment without path (conversation: "Marianne Dotzer", sent: 2025-10-03 03:14:32)
sigtop: skipping attachment without path (conversation: "Marianne Dotzer", sent: 2025-10-03 03:14:32)
sigtop: skipping attachment without path (conversation: "Marianne Dotzer", sent: 2025-10-03 03:14:32)
sigtop: skipping attachment without path (conversation: "Marianne Dotzer", sent: 2025-10-03 18:36:55)
sigtop: skipping attachment without path (conversation: "Marianne Dotzer", sent: 2025-10-05 22:51:08)
sigtop: skipping attachment without path (conversation: "Marianne Dotzer", sent: 2025-10-08 17:34:49)
sigtop: skipping attachment without path (conversation: "Marianne Dotzer", sent: 2025-10-08 18:14:36)
sigtop: skipping attachment without path (conversation: "Marianne Dotzer", sent: 2025-10-11 01:19:10)
sigtop: skipping attachment without path (conversation: "Marianne Dotzer", sent: 2025-10-11 05:52:46)
sigtop: skipping attachment without path (conversation: "Marianne Dotzer", sent: 2025-10-14 06:43:42)
sigtop: skipping attachment without path (conversation: "Marianne Dotzer", sent: 2025-10-14 22:35:01)
sigtop: skipping attachment without path (conversation: "Marianne Dotzer", sent: 2025-10-15 04:47:53)
sigtop: skipping attachment without path (conversation: "Marianne Dotzer", sent: 2025-10-16 03:22:08)
sigtop: skipping attachment without path (conversation: "Marianne Dotzer", sent: 2025-10-18 00:15:38)
sigtop: skipping attachment without path (conversation: "Marianne Dotzer", sent: 2025-10-18 17:16:34)
sigtop: skipping attachment without path (conversation: "Marianne Dotzer", sent: 2025-10-18 17:19:19)
sigtop: skipping attachment without path (conversation: "Marianne Dotzer", sent: 2025-10-18 19:28:00)
sigtop: skipping attachment without path (conversation: "Marianne Dotzer", sent: 2025-10-19 23:52:31)
sigtop: skipping attachment without path (conversation: "Marianne Dotzer", sent: 2025-10-21 02:10:49)
sigtop: skipping attachment without path (conversation: "Marianne Dotzer", sent: 2025-10-21 02:19:59)
sigtop: skipping attachment without path (conversation: "Marianne Dotzer", sent: 2025-10-21 03:32:02)
sigtop: skipping attachment without path (conversation: "Marianne Dotzer", sent: 2025-10-21 23:55:58)
sigtop: skipping attachment without path (conversation: "Marianne Dotzer", sent: 2025-10-22 04:56:54)
sigtop: skipping attachment without path (conversation: "Marianne Dotzer", sent: 2025-10-22 05:09:00)
sigtop: skipping attachment without path (conversation: "Marianne Dotzer", sent: 2025-10-22 22:37:06)
sigtop: skipping attachment without path (conversation: "Marianne Dotzer", sent: 2025-10-23 20:46:24)
sigtop: skipping attachment without path (conversation: "Marianne Dotzer", sent: 2025-10-23 22:46:42)
sigtop: skipping attachment without path (conversation: "Marianne Dotzer", sent: 2025-10-25 17:22:09)
sigtop: skipping attachment without path (conversation: "Marianne Dotzer", sent: 2025-10-25 17:32:56)
sigtop: skipping attachment without path (conversation: "Marianne Dotzer", sent: 2025-10-27 22:01:00)
sigtop: skipping attachment without path (conversation: "Marianne Dotzer", sent: 2025-10-28 18:04:06)
sigtop: skipping attachment without path (conversation: "Marianne Dotzer", sent: 2025-10-28 18:14:56)
sigtop: skipping attachment without path (conversation: "Marianne Dotzer", sent: 2025-10-29 21:58:09)
sigtop: skipping attachment without path (conversation: "Marianne Dotzer", sent: 2025-10-29 22:48:37)
sigtop: skipping attachment without path (conversation: "Marianne Dotzer", sent: 2025-10-29 23:22:26)
sigtop: skipping attachment without path (conversation: "Marianne Dotzer", sent: 2025-11-01 07:31:32)
sigtop: skipping attachment without path (conversation: "Marianne Dotzer", sent: 2025-11-02 20:06:48)
sigtop: skipping attachment without path (conversation: "Marianne Dotzer", sent: 2025-11-07 01:30:30)
sigtop: skipping attachment without path (conversation: "Marianne Dotzer", sent: 2025-11-09 03:27:26)
sigtop: skipping attachment without path (conversation: "Marianne Dotzer", sent: 2025-11-11 02:27:50)
sigtop: skipping attachment without path (conversation: "Marianne Dotzer", sent: 2025-11-11 02:29:00)
sigtop: skipping attachment without path (conversation: "Marianne Dotzer", sent: 2025-11-12 17:53:45)
sigtop: skipping attachment without path (conversation: "Marianne Dotzer", sent: 2025-11-12 17:53:45)
sigtop: skipping attachment without path (conversation: "Marianne Dotzer", sent: 2025-11-12 17:53:45)
sigtop: skipping attachment without path (conversation: "Marianne Dotzer", sent: 2025-11-14 21:01:03)
sigtop: skipping attachment without path (conversation: "Marianne Dotzer", sent: 2025-11-15 03:07:55)
sigtop: skipping attachment without path (conversation: "Marianne Dotzer", sent: 2025-11-15 03:07:55)
sigtop: skipping attachment without path (conversation: "Marianne Dotzer", sent: 2025-11-15 03:21:31)
sigtop: skipping attachment without path (conversation: "Marianne Dotzer", sent: 2025-11-17 21:42:05)
sigtop: skipping attachment without path (conversation: "Marianne Dotzer", sent: 2025-11-18 04:43:43)
sigtop: skipping attachment without path (conversation: "Marianne Dotzer", sent: 2025-11-20 18:52:23)
sigtop: skipping attachment without path (conversation: "Marianne Dotzer", sent: 2025-11-21 18:41:45)
sigtop: skipping attachment without path (conversation: "Marianne Dotzer", sent: 2025-11-21 18:41:45)
sigtop: skipping attachment without path (conversation: "Marianne Dotzer", sent: 2025-11-21 18:41:45)
sigtop: skipping attachment without path (conversation: "Marianne Dotzer", sent: 2025-11-25 06:43:39)
sigtop: skipping attachment without path (conversation: "Marianne Dotzer", sent: 2025-11-26 21:45:18)
sigtop: skipping attachment without path (conversation: "Marianne Dotzer", sent: 2025-11-26 21:46:20)
sigtop: skipping attachment without path (conversation: "Marianne Dotzer", sent: 2025-11-27 05:15:08)
sigtop: skipping attachment without path (conversation: "Marianne Dotzer", sent: 2025-11-29 18:15:20)
sigtop: skipping attachment without path (conversation: "Marianne Dotzer", sent: 2025-11-29 18:36:36)
sigtop: skipping attachment without path (conversation: "Marianne Dotzer", sent: 2025-11-29 18:52:52)
sigtop: skipping attachment without path (conversation: "Marianne Dotzer", sent: 2025-12-02 19:58:24)
sigtop: skipping attachment without path (conversation: "Marianne Dotzer", sent: 2025-12-02 23:41:27)
sigtop: skipping attachment without path (conversation: "Marianne Dotzer", sent: 2025-12-02 23:43:58)
sigtop: skipping attachment without path (conversation: "Marianne Dotzer", sent: 2025-12-05 23:01:16)
sigtop: skipping attachment without path (conversation: "Marianne Dotzer", sent: 2025-12-10 03:52:40)
sigtop: skipping attachment without path (conversation: "Marianne Dotzer", sent: 2025-12-10 05:58:14)
sigtop: skipping attachment without path (conversation: "Marianne Dotzer", sent: 2025-12-12 05:34:14)
sigtop: skipping attachment without path (conversation: "Marianne Dotzer", sent: 2025-12-12 22:51:52)
sigtop: skipping attachment without path (conversation: "Marianne Dotzer", sent: 2025-12-17 18:40:19)
sigtop: skipping attachment without path (conversation: "Marianne Dotzer", sent: 2025-12-17 18:54:53)
sigtop: skipping attachment without path (conversation: "Marianne Dotzer", sent: 2025-12-19 01:19:32)
sigtop: skipping attachment without path (conversation: "Marianne Dotzer", sent: 2025-12-19 01:19:32)
sigtop: skipping attachment without path (conversation: "Marianne Dotzer", sent: 2025-12-19 01:19:32)
sigtop: skipping attachment without path (conversation: "Marianne Dotzer", sent: 2025-12-22 21:01:09)
sigtop: skipping attachment without path (conversation: "Marianne Dotzer", sent: 2025-12-26 22:31:46)
sigtop: skipping attachment without path (conversation: "Marianne Dotzer", sent: 2025-12-26 22:31:46)
sigtop: skipping attachment without path (conversation: "Marianne Dotzer", sent: 2025-12-26 22:31:46)
sigtop: skipping attachment without path (conversation: "Marianne Dotzer", sent: 2025-12-26 22:31:46)
sigtop: skipping attachment without path (conversation: "Marianne Dotzer", sent: 2025-12-26 22:31:46)
sigtop: skipping attachment without path (conversation: "Marianne Dotzer", sent: 2025-12-26 22:31:46)
sigtop: skipping attachment without path (conversation: "Marianne Dotzer", sent: 2025-12-26 22:35:55)
sigtop: skipping attachment without path (conversation: "Marianne Dotzer", sent: 2025-12-28 18:15:26)
sigtop: skipping attachment without path (conversation: "Marianne Dotzer", sent: 2025-12-28 18:15:26)
sigtop: skipping attachment without path (conversation: "Marianne Dotzer", sent: 2025-12-28 18:15:26)
sigtop: skipping attachment without path (conversation: "Marianne Dotzer", sent: 2025-12-28 18:15:26)
sigtop: skipping attachment without path (conversation: "Marianne Dotzer", sent: 2025-12-28 18:47:20)
sigtop: skipping attachment without path (conversation: "Marianne Dotzer", sent: 2025-12-28 18:47:20)
sigtop: skipping attachment without path (conversation: "Marianne Dotzer", sent: 2025-12-29 18:07:30)
sigtop: skipping attachment without path (conversation: "Marianne Dotzer", sent: 2026-01-02 19:10:02)
sigtop: skipping attachment without path (conversation: "Marianne Dotzer", sent: 2026-01-05 08:18:30)
sigtop: skipping attachment without path (conversation: "Marianne Dotzer", sent: 2026-01-05 08:18:30)
sigtop: skipping attachment without path (conversation: "Marianne Dotzer", sent: 2026-01-07 20:05:25)
sigtop: skipping attachment without path (conversation: "Marianne Dotzer", sent: 2026-01-07 20:05:25)
sigtop: skipping attachment without path (conversation: "Marianne Dotzer", sent: 2026-01-07 20:05:25)
sigtop: skipping attachment without path (conversation: "Marianne Dotzer", sent: 2026-01-07 20:05:25)
sigtop: skipping attachment without path (conversation: "Marianne Dotzer", sent: 2026-01-07 20:05:25)
sigtop: skipping attachment without path (conversation: "Marianne Dotzer", sent: 2026-01-07 20:05:25)
sigtop: skipping attachment without path (conversation: "Marianne Dotzer", sent: 2026-01-07 20:05:25)
sigtop: skipping attachment without path (conversation: "Marianne Dotzer", sent: 2026-01-07 20:05:25)
sigtop: skipping attachment without path (conversation: "Marianne Dotzer", sent: 2026-01-07 20:05:25)
sigtop: skipping attachment without path (conversation: "Marianne Dotzer", sent: 2026-01-11 19:45:41)
sigtop: skipping attachment without path (conversation: "Marianne Dotzer", sent: 2026-01-14 18:21:56)
sigtop: skipping attachment without path (conversation: "Marianne Dotzer", sent: 2026-01-15 19:50:20)
sigtop: skipping attachment without path (conversation: "Marianne Dotzer", sent: 2026-01-15 19:50:20)
sigtop: skipping attachment without path (conversation: "Marianne Dotzer", sent: 2026-01-16 01:17:49)
sigtop: skipping attachment without path (conversation: "Marianne Dotzer", sent: 2026-01-19 00:37:40)
sigtop: skipping attachment without path (conversation: "Marianne Dotzer", sent: 2026-01-19 23:56:33)
sigtop: skipping attachment without path (conversation: "Marianne Dotzer", sent: 2026-01-20 23:51:00)
sigtop: skipping attachment without path (conversation: "Marianne Dotzer", sent: 2026-01-21 00:42:42)
sigtop: skipping attachment without path (conversation: "Marianne Dotzer", sent: 2026-01-21 00:44:25)
sigtop: skipping attachment without path (conversation: "Marianne Dotzer", sent: 2026-01-27 03:43:01)
sigtop: skipping attachment without path (conversation: "Marianne Dotzer", sent: 2026-01-28 15:03:28)
sigtop: skipping attachment without path (conversation: "Marianne Dotzer", sent: 2026-01-28 18:12:48)
sigtop: skipping attachment without path (conversation: "Marianne Dotzer", sent: 2026-01-28 18:25:27)
sigtop: skipping attachment without path (conversation: "Marianne Dotzer", sent: 2026-01-28 18:26:07)
sigtop: skipping attachment without path (conversation: "Marianne Dotzer", sent: 2026-02-06 18:51:57)
sigtop: skipping attachment without path (conversation: "Marianne Dotzer", sent: 2026-02-06 19:08:44)
sigtop: skipping attachment without path (conversation: "Marianne Dotzer", sent: 2026-02-06 19:30:52)
sigtop: skipping attachment without path (conversation: "Marianne Dotzer", sent: 2026-02-07 18:55:48)
sigtop: skipping attachment without path (conversation: "Marianne Dotzer", sent: 2026-02-07 19:07:00)
sigtop: skipping attachment without path (conversation: "Marianne Dotzer", sent: 2026-02-07 19:11:24)
sigtop: skipping attachment without path (conversation: "Marianne Dotzer", sent: 2026-02-10 18:53:29)
sigtop: skipping attachment without path (conversation: "Marianne Dotzer", sent: 2026-02-13 17:35:47)
sigtop: skipping attachment without path (conversation: "Marianne Dotzer", sent: 2026-02-17 03:30:11)
sigtop: skipping attachment without path (conversation: "Marianne Dotzer", sent: 2026-02-17 11:25:14)
sigtop: skipping attachment without path (conversation: "Marianne Dotzer", sent: 2026-02-17 13:02:18)
sigtop: skipping attachment without path (conversation: "Marianne Dotzer", sent: 2026-02-17 17:38:50)
sigtop: skipping attachment without path (conversation: "Marianne Dotzer", sent: 2026-02-17 19:12:43)
sigtop: skipping attachment without path (conversation: "Marianne Dotzer", sent: 2026-02-17 19:14:13)
sigtop: skipping attachment without path (conversation: "Marianne Dotzer", sent: 2026-02-17 19:18:49)
sigtop: skipping attachment without path (conversation: "Marianne Dotzer", sent: 2026-02-21 19:02:04)
sigtop: skipping attachment without path (conversation: "Marianne Dotzer", sent: 2026-02-23 20:03:54)
sigtop: skipping attachment without path (conversation: "Marianne Dotzer", sent: 2026-03-09 18:46:25)
sigtop: skipping attachment without path (conversation: "Marianne Dotzer", sent: 2026-03-11 00:33:17)
sigtop: skipping attachment without path (conversation: "Marianne Dotzer", sent: 2026-03-14 19:31:01)
sigtop: skipping attachment without path (conversation: "Marianne Dotzer", sent: 2026-03-20 20:21:58)
sigtop: skipping attachment without path (conversation: "Marianne Dotzer", sent: 2026-03-20 20:25:06)
sigtop: skipping attachment without path (conversation: "Marianne Dotzer", sent: 2026-03-20 21:05:20)
sigtop: skipping attachment without path (conversation: "Marianne Dotzer", sent: 2026-03-20 21:15:15)
sigtop: skipping attachment without path (conversation: "Marianne Dotzer", sent: 2026-03-21 03:28:44)
sigtop: skipping attachment without path (conversation: "Marianne Dotzer", sent: 2026-03-21 05:27:43)
sigtop: skipping attachment without path (conversation: "Marianne Dotzer", sent: 2026-03-26 22:22:59)
sigtop: skipping attachment without path (conversation: "Marianne Dotzer", sent: 2026-03-26 22:48:38)
sigtop: skipping attachment without path (conversation: "Marianne Dotzer", sent: 2026-03-26 23:02:23)
sigtop: skipping attachment without path (conversation: "Marianne Dotzer", sent: 2026-03-27 04:57:17)
sigtop: skipping attachment without path (conversation: "Marianne Dotzer", sent: 2026-03-27 19:28:25)
sigtop: skipping attachment without path (conversation: "Marianne Dotzer", sent: 2026-04-01 20:37:36)
sigtop: skipping attachment without path (conversation: "Marianne Dotzer", sent: 2026-04-01 20:41:08)
sigtop: skipping attachment without path (conversation: "Marianne Dotzer", sent: 2026-04-01 20:44:33)
sigtop: skipping attachment without path (conversation: "Marianne Dotzer", sent: 2026-04-01 23:25:05)
sigtop: skipping attachment without path (conversation: "Marianne Dotzer", sent: 2026-04-02 01:20:25)
sigtop: skipping attachment without path (conversation: "Marianne Dotzer", sent: 2026-04-03 00:48:14)
sigtop: skipping attachment without path (conversation: "Marianne Dotzer", sent: 2026-04-09 03:49:58)
sigtop: skipping attachment without path (conversation: "Marianne Dotzer", sent: 2026-04-14 16:49:36)
sigtop: skipping attachment without path (conversation: "Marianne Dotzer", sent: 2026-04-14 16:50:19)
sigtop: skipping attachment without path (conversation: "Marianne Dotzer", sent: 2026-04-14 16:56:35)
sigtop: skipping attachment without path (conversation: "Marianne Dotzer", sent: 2026-04-16 12:48:42)
sigtop: skipping attachment without path (conversation: "Marianne Dotzer", sent: 2026-04-16 15:31:02)
sigtop: skipping attachment without path (conversation: "Marianne Dotzer", sent: 2026-04-16 15:39:18)
sigtop: skipping attachment without path (conversation: "Marianne Dotzer", sent: 2026-04-19 02:34:40)
sigtop: skipping attachment without path (conversation: "Marianne Dotzer", sent: 2026-04-19 21:36:00)
sigtop: skipping attachment without path (conversation: "Marianne Dotzer", sent: 2026-04-21 16:31:10)
sigtop: skipping attachment without path (conversation: "Marianne Dotzer", sent: 2026-04-28 10:46:42)
sigtop: skipping attachment without path (conversation: "Marianne Dotzer", sent: 2026-04-28 10:46:54)
sigtop: skipping attachment without path (conversation: "Marianne Dotzer", sent: 2026-04-28 15:55:25)
sigtop: skipping attachment without path (conversation: "Marianne Dotzer", sent: 2026-04-28 15:56:37)
sigtop: skipping attachment without path (conversation: "Marianne Dotzer", sent: 2026-05-03 06:08:17)
sigtop: skipping attachment without path (conversation: "Gabriel Horvat", sent: 2025-11-07 02:06:27)
sigtop: skipping attachment without path (conversation: "Gabriel Horvat", sent: 2025-11-07 02:06:27)
sigtop: skipping attachment without path (conversation: "Gabriel Horvat", sent: 2025-11-07 02:06:27)
sigtop: skipping attachment without path (conversation: "Gabriel Horvat", sent: 2025-11-07 02:06:27)
sigtop: skipping attachment without path (conversation: "Gabriel Horvat", sent: 2025-11-07 02:06:27)
sigtop: skipping attachment without path (conversation: "Gabriel Horvat", sent: 2025-11-07 02:06:27)
sigtop: skipping attachment without path (conversation: "Gabriel Horvat", sent: 2025-11-27 02:25:16)
sigtop: skipping attachment without path (conversation: "Gabriel Horvat", sent: 2025-12-01 02:47:57)
sigtop: skipping attachment without path (conversation: "Gabriel Horvat", sent: 2025-12-02 05:25:55)
sigtop: skipping attachment without path (conversation: "Gabriel Horvat", sent: 2025-12-17 01:47:01)
sigtop: skipping attachment without path (conversation: "Gabriel Horvat", sent: 2025-12-17 01:47:01)
sigtop: skipping attachment without path (conversation: "Gabriel Horvat", sent: 2025-12-17 01:47:01)
sigtop: skipping attachment without path (conversation: "Gabriel Horvat", sent: 2025-12-17 01:47:01)
sigtop: skipping attachment without path (conversation: "Gabriel Horvat", sent: 2025-12-17 01:47:01)
sigtop: skipping attachment without path (conversation: "Gabriel Horvat", sent: 2025-12-17 01:47:01)
sigtop: skipping attachment without path (conversation: "Gabriel Horvat", sent: 2025-12-17 01:47:01)
sigtop: skipping attachment without path (conversation: "Gabriel Horvat", sent: 2025-12-17 01:47:01)
sigtop: skipping attachment without path (conversation: "Gabriel Horvat", sent: 2025-12-17 01:47:01)
sigtop: skipping attachment without path (conversation: "Gabriel Horvat", sent: 2025-12-17 01:47:01)
sigtop: skipping attachment without path (conversation: "Gabriel Horvat", sent: 2025-12-17 01:47:01)
sigtop: skipping attachment without path (conversation: "Gabriel Horvat", sent: 2025-12-17 01:47:01)
sigtop: skipping attachment without path (conversation: "Gabriel Horvat", sent: 2025-12-17 01:47:01)
sigtop: skipping attachment without path (conversation: "Jan Biller", sent: 2025-10-02 17:59:53)
sigtop: skipping attachment without path (conversation: "Jan Biller", sent: 2025-10-07 00:19:41)
sigtop: skipping attachment without path (conversation: "Jan Biller", sent: 2025-10-08 20:29:28)
sigtop: skipping attachment without path (conversation: "Jan Biller", sent: 2025-10-14 18:43:44)
sigtop: skipping attachment without path (conversation: "Jan Biller", sent: 2025-10-15 19:25:22)
sigtop: skipping attachment without path (conversation: "Jan Biller", sent: 2026-04-13 16:22:06)
sigtop: skipping attachment without path (conversation: "Jan Biller", sent: 2026-05-06 01:39:38)
sigtop: skipping attachment without path (conversation: "Christine Distler", sent: 2026-02-08 03:46:36)
sigtop: skipping attachment without path (conversation: "Christine Distler", sent: 2026-02-10 19:14:52)
sigtop: skipping attachment without path (conversation: "Christine Distler", sent: 2026-02-10 19:15:15)
sigtop: skipping attachment without path (conversation: "Christine Distler", sent: 2026-02-10 19:22:07)
sigtop: skipping attachment without path (conversation: "Christine Distler", sent: 2026-02-10 19:23:03)
sigtop: skipping attachment without path (conversation: "Isabelle Leu", sent: 2025-12-09 22:54:07)
sigtop: skipping attachment without path (conversation: "Isabelle Leu", sent: 2025-12-09 22:54:07)
sigtop: skipping attachment without path (conversation: "Isabelle Leu", sent: 2025-12-09 22:54:07)
sigtop: skipping attachment without path (conversation: "Isabelle Leu", sent: 2025-12-09 22:54:07)
sigtop: skipping attachment without path (conversation: "Isabelle Leu", sent: 2025-12-09 22:55:13)
sigtop: skipping attachment without path (conversation: "Isabelle Leu", sent: 2025-12-09 22:55:13)
sigtop: skipping attachment without path (conversation: "Isabelle Leu", sent: 2025-12-09 22:55:13)
sigtop: skipping attachment without path (conversation: "Isabelle Leu", sent: 2025-12-09 22:55:13)
sigtop: skipping attachment without path (conversation: "Isabelle Leu", sent: 2025-12-09 22:55:13)
sigtop: skipping attachment without path (conversation: "Isabelle Leu", sent: 2025-12-09 22:58:22)
sigtop: skipping attachment without path (conversation: "Isabelle Leu", sent: 2025-12-09 23:03:36)
sigtop: skipping attachment without path (conversation: "Isabelle Leu", sent: 2025-12-19 02:28:17)
sigtop: skipping attachment without path (conversation: "Isabelle Leu", sent: 2026-02-07 18:57:25)
sigtop: skipping attachment without path (conversation: "Isabelle Leu", sent: 2026-02-07 19:02:58)
sigtop: skipping attachment without path (conversation: "Isabelle Leu", sent: 2026-02-07 22:58:52)
sigtop: skipping attachment without path (conversation: "Isabelle Leu", sent: 2026-02-07 23:07:46)
sigtop: skipping attachment without path (conversation: "Isabelle Leu", sent: 2026-02-12 20:42:19)
sigtop: skipping attachment without path (conversation: "Isabelle Leu", sent: 2026-02-13 01:21:24)
sigtop: skipping attachment without path (conversation: "Isabelle Leu", sent: 2026-04-15 09:21:35)
sigtop: skipping attachment without path (conversation: "Isabelle Leu", sent: 2026-04-15 17:37:46)
sigtop: skipping attachment without path (conversation: "Isabelle Leu", sent: 2026-04-15 17:39:23)
sigtop: skipping attachment without path (conversation: "Isabelle Leu", sent: 2026-04-15 17:43:43)
sigtop: skipping attachment without path (conversation: "Isabelle Leu", sent: 2026-04-15 17:43:43)
sigtop: skipping attachment without path (conversation: "Isabelle Leu", sent: 2026-04-15 17:43:43)
sigtop: skipping attachment without path (conversation: "Isabelle Leu", sent: 2026-04-15 17:44:09)
sigtop: skipping attachment without path (conversation: "Isabelle Leu", sent: 2026-04-15 17:44:09)
sigtop: skipping attachment without path (conversation: "Isabelle Leu", sent: 2026-04-15 17:44:09)
sigtop: skipping attachment without path (conversation: "Isabelle Leu", sent: 2026-04-15 17:44:09)
sigtop: skipping attachment without path (conversation: "Isabelle Leu", sent: 2026-04-15 17:44:09)
sigtop: skipping attachment without path (conversation: "Isabelle Leu", sent: 2026-04-15 17:44:09)
sigtop: skipping attachment without path (conversation: "Isabelle Leu", sent: 2026-04-15 17:44:09)
sigtop: skipping attachment without path (conversation: "Isabelle Leu", sent: 2026-04-15 17:44:09)
sigtop: skipping attachment without path (conversation: "Isabelle Leu", sent: 2026-04-15 17:44:09)
sigtop: skipping attachment without path (conversation: "Isabelle Leu", sent: 2026-04-15 17:48:29)
sigtop: skipping attachment without path (conversation: "Isabelle Leu", sent: 2026-04-15 17:48:29)
sigtop: skipping attachment without path (conversation: "Isabelle Leu", sent: 2026-04-15 17:48:29)
sigtop: skipping attachment without path (conversation: "Isabelle Leu", sent: 2026-04-15 17:48:29)
sigtop: skipping attachment without path (conversation: "Isabelle Leu", sent: 2026-04-15 17:48:29)
sigtop: skipping attachment without path (conversation: "Isabelle Leu", sent: 2026-04-15 17:48:29)
sigtop: skipping attachment without path (conversation: "Isabelle Leu", sent: 2026-04-15 17:48:29)
sigtop: skipping attachment without path (conversation: "Isabelle Leu", sent: 2026-04-15 17:48:29)
sigtop: skipping attachment without path (conversation: "Isabelle Leu", sent: 2026-04-15 18:00:11)
sigtop: skipping attachment without path (conversation: "Isabelle Leu", sent: 2026-04-15 18:09:34)
sigtop: skipping attachment without path (conversation: "Isabelle Leu", sent: 2026-04-16 12:54:57)
sigtop: skipping attachment without path (conversation: "Isabelle Leu", sent: 2026-04-16 16:30:20)
sigtop: skipping attachment without path (conversation: "Isabelle Leu", sent: 2026-04-16 16:33:02)
sigtop: skipping attachment without path (conversation: "Isabelle Leu", sent: 2026-04-16 16:47:56)
sigtop: skipping attachment without path (conversation: "Isabelle Leu", sent: 2026-04-29 21:55:43)
sigtop: skipping attachment without path (conversation: "Sorellas e Freritos", sent: 2025-09-28 06:55:29)
sigtop: skipping attachment without path (conversation: "Sorellas e Freritos", sent: 2025-11-18 17:40:52)
sigtop: skipping attachment without path (conversation: "Sorellas e Freritos", sent: 2025-11-18 17:40:52)
sigtop: skipping attachment without path (conversation: "Sorellas e Freritos", sent: 2025-11-18 17:40:52)
sigtop: skipping attachment without path (conversation: "Sorellas e Freritos", sent: 2025-11-18 17:40:52)
sigtop: skipping attachment without path (conversation: "Sorellas e Freritos", sent: 2025-11-18 17:40:52)
sigtop: skipping attachment without path (conversation: "Sorellas e Freritos", sent: 2025-11-18 17:40:52)
sigtop: skipping attachment without path (conversation: "Sorellas e Freritos", sent: 2025-11-18 17:40:52)
sigtop: skipping attachment without path (conversation: "Sorellas e Freritos", sent: 2025-11-18 17:42:13)
sigtop: skipping attachment without path (conversation: "Sorellas e Freritos", sent: 2025-11-18 17:43:57)
sigtop: skipping attachment without path (conversation: "Sorellas e Freritos", sent: 2025-11-18 17:43:57)
sigtop: skipping attachment without path (conversation: "Sorellas e Freritos", sent: 2025-11-18 17:43:57)
sigtop: skipping attachment without path (conversation: "Sorellas e Freritos", sent: 2025-11-21 18:51:55)
sigtop: skipping attachment without path (conversation: "Sorellas e Freritos", sent: 2025-11-21 18:51:55)
sigtop: skipping attachment without path (conversation: "Sorellas e Freritos", sent: 2025-11-21 18:51:55)
sigtop: skipping attachment without path (conversation: "Sorellas e Freritos", sent: 2025-11-21 18:51:55)
sigtop: skipping attachment without path (conversation: "Sorellas e Freritos", sent: 2025-11-22 02:33:21)
sigtop: skipping attachment without path (conversation: "Sorellas e Freritos", sent: 2025-11-22 02:53:30)
sigtop: skipping attachment without path (conversation: "Sorellas e Freritos", sent: 2025-11-22 02:53:30)
sigtop: skipping attachment without path (conversation: "Sorellas e Freritos", sent: 2025-11-22 02:53:30)
sigtop: skipping attachment without path (conversation: "Sorellas e Freritos", sent: 2025-11-22 02:53:30)
sigtop: skipping attachment without path (conversation: "Sorellas e Freritos", sent: 2025-11-22 08:02:27)
sigtop: skipping attachment without path (conversation: "Sorellas e Freritos", sent: 2025-11-22 08:02:27)
sigtop: skipping attachment without path (conversation: "Sorellas e Freritos", sent: 2025-12-06 01:19:29)
sigtop: skipping attachment without path (conversation: "Sorellas e Freritos", sent: 2025-12-06 01:19:29)
sigtop: skipping attachment without path (conversation: "Sorellas e Freritos", sent: 2025-12-06 01:19:29)
sigtop: skipping attachment without path (conversation: "Sorellas e Freritos", sent: 2025-12-06 01:19:29)
sigtop: skipping attachment without path (conversation: "Sorellas e Freritos", sent: 2025-12-06 01:19:29)
sigtop: skipping attachment without path (conversation: "Sorellas e Freritos", sent: 2025-12-06 01:19:29)
sigtop: skipping attachment without path (conversation: "Sorellas e Freritos", sent: 2025-12-06 01:19:29)
sigtop: skipping attachment without path (conversation: "Sorellas e Freritos", sent: 2025-12-06 01:19:29)
sigtop: skipping attachment without path (conversation: "Sorellas e Freritos", sent: 2025-12-06 01:19:29)
sigtop: skipping attachment without path (conversation: "Sorellas e Freritos", sent: 2025-12-06 01:19:29)
sigtop: skipping attachment without path (conversation: "Sorellas e Freritos", sent: 2025-12-06 01:19:29)
sigtop: skipping attachment without path (conversation: "Sorellas e Freritos", sent: 2025-12-06 01:19:29)
sigtop: skipping attachment without path (conversation: "Sorellas e Freritos", sent: 2025-12-06 01:19:29)
sigtop: skipping attachment without path (conversation: "Sorellas e Freritos", sent: 2025-12-06 05:56:26)
sigtop: skipping attachment without path (conversation: "Sorellas e Freritos", sent: 2025-12-19 01:19:51)
sigtop: skipping attachment without path (conversation: "Sorellas e Freritos", sent: 2025-12-19 01:19:51)
sigtop: skipping attachment without path (conversation: "Sorellas e Freritos", sent: 2025-12-19 01:19:51)
sigtop: skipping attachment without path (conversation: "Sorellas e Freritos", sent: 2025-12-26 00:48:17)
sigtop: skipping attachment without path (conversation: "Sorellas e Freritos", sent: 2025-12-27 00:38:23)
sigtop: skipping attachment without path (conversation: "Sorellas e Freritos", sent: 2025-12-27 00:38:23)
sigtop: skipping attachment without path (conversation: "Sorellas e Freritos", sent: 2025-12-27 00:38:23)
sigtop: skipping attachment without path (conversation: "Sorellas e Freritos", sent: 2025-12-27 00:40:41)
sigtop: skipping attachment without path (conversation: "Sorellas e Freritos", sent: 2025-12-27 00:40:41)
sigtop: skipping attachment without path (conversation: "Sorellas e Freritos", sent: 2025-12-29 05:44:12)
sigtop: skipping attachment without path (conversation: "Sorellas e Freritos", sent: 2025-12-30 03:09:14)
sigtop: skipping attachment without path (conversation: "Sorellas e Freritos", sent: 2025-12-30 03:09:14)
sigtop: skipping attachment without path (conversation: "Sorellas e Freritos", sent: 2025-12-30 03:09:14)
sigtop: skipping attachment without path (conversation: "Sorellas e Freritos", sent: 2025-12-30 03:09:14)
sigtop: skipping attachment without path (conversation: "Sorellas e Freritos", sent: 2025-12-30 03:09:14)
sigtop: skipping attachment without path (conversation: "Sorellas e Freritos", sent: 2026-01-03 06:01:12)
sigtop: skipping attachment without path (conversation: "Sorellas e Freritos", sent: 2026-01-03 06:01:12)
sigtop: skipping attachment without path (conversation: "Sorellas e Freritos", sent: 2026-01-03 06:46:35)
sigtop: skipping attachment without path (conversation: "Sorellas e Freritos", sent: 2026-01-03 10:36:15)
sigtop: skipping attachment without path (conversation: "Sorellas e Freritos", sent: 2026-01-03 10:36:15)
sigtop: skipping attachment without path (conversation: "Sorellas e Freritos", sent: 2026-01-03 10:36:15)
sigtop: skipping attachment without path (conversation: "Sorellas e Freritos", sent: 2026-01-04 11:49:19)
sigtop: skipping attachment without path (conversation: "Sorellas e Freritos", sent: 2026-01-04 11:52:29)
sigtop: skipping attachment without path (conversation: "Sorellas e Freritos", sent: 2026-01-07 20:04:17)
sigtop: skipping attachment without path (conversation: "Sorellas e Freritos", sent: 2026-01-07 20:04:17)
sigtop: skipping attachment without path (conversation: "Sorellas e Freritos", sent: 2026-01-07 20:04:17)
sigtop: skipping attachment without path (conversation: "Sorellas e Freritos", sent: 2026-01-07 20:04:17)
sigtop: skipping attachment without path (conversation: "Sorellas e Freritos", sent: 2026-01-07 20:04:17)
sigtop: skipping attachment without path (conversation: "Sorellas e Freritos", sent: 2026-01-07 20:04:17)
sigtop: skipping attachment without path (conversation: "Sorellas e Freritos", sent: 2026-01-07 20:04:17)
sigtop: skipping attachment without path (conversation: "Sorellas e Freritos", sent: 2026-01-07 20:04:17)
sigtop: skipping attachment without path (conversation: "Sorellas e Freritos", sent: 2026-01-07 20:04:17)
sigtop: skipping attachment without path (conversation: "Sorellas e Freritos", sent: 2026-01-07 20:17:54)
sigtop: skipping attachment without path (conversation: "Sorellas e Freritos", sent: 2026-01-11 03:14:01)
sigtop: skipping attachment without path (conversation: "Sorellas e Freritos", sent: 2026-01-11 03:14:01)
sigtop: skipping attachment without path (conversation: "Sorellas e Freritos", sent: 2026-01-11 03:14:01)
sigtop: skipping attachment without path (conversation: "Sorellas e Freritos", sent: 2026-01-11 03:14:01)
sigtop: skipping attachment without path (conversation: "Sorellas e Freritos", sent: 2026-01-11 03:14:01)
sigtop: skipping attachment without path (conversation: "Sorellas e Freritos", sent: 2026-01-11 03:14:01)
sigtop: skipping attachment without path (conversation: "Sorellas e Freritos", sent: 2026-01-11 04:28:47)
sigtop: skipping attachment without path (conversation: "Sorellas e Freritos", sent: 2026-01-11 04:28:47)
sigtop: skipping attachment without path (conversation: "Sorellas e Freritos", sent: 2026-01-11 04:28:47)
sigtop: skipping attachment without path (conversation: "Sorellas e Freritos", sent: 2026-01-11 04:28:47)
sigtop: skipping attachment without path (conversation: "Sorellas e Freritos", sent: 2026-01-11 04:28:47)
sigtop: skipping attachment without path (conversation: "Sorellas e Freritos", sent: 2026-01-11 04:28:47)
sigtop: skipping attachment without path (conversation: "Sorellas e Freritos", sent: 2026-01-11 04:28:47)
sigtop: skipping attachment without path (conversation: "Sorellas e Freritos", sent: 2026-01-16 03:37:12)
sigtop: skipping attachment without path (conversation: "Sorellas e Freritos", sent: 2026-01-16 03:38:11)
sigtop: skipping attachment without path (conversation: "Sorellas e Freritos", sent: 2026-01-17 20:13:12)
sigtop: skipping attachment without path (conversation: "Sorellas e Freritos", sent: 2026-01-20 23:59:48)
sigtop: skipping attachment without path (conversation: "Sorellas e Freritos", sent: 2026-01-20 23:59:48)
sigtop: skipping attachment without path (conversation: "Sorellas e Freritos", sent: 2026-01-20 23:59:48)
sigtop: skipping attachment without path (conversation: "Sorellas e Freritos", sent: 2026-01-29 22:37:35)
sigtop: skipping attachment without path (conversation: "Sorellas e Freritos", sent: 2026-02-03 19:41:35)
sigtop: skipping attachment without path (conversation: "Sorellas e Freritos", sent: 2026-02-03 19:41:35)
sigtop: skipping attachment without path (conversation: "Sorellas e Freritos", sent: 2026-02-03 19:41:35)
sigtop: skipping attachment without path (conversation: "Sorellas e Freritos", sent: 2026-02-03 19:41:35)
sigtop: skipping attachment without path (conversation: "Sorellas e Freritos", sent: 2026-02-03 19:41:35)
sigtop: skipping attachment without path (conversation: "Sorellas e Freritos", sent: 2026-02-03 19:41:35)
sigtop: skipping attachment without path (conversation: "Sorellas e Freritos", sent: 2026-02-03 19:41:35)
sigtop: skipping attachment without path (conversation: "Sorellas e Freritos", sent: 2026-02-24 07:30:10)
sigtop: skipping attachment without path (conversation: "Sorellas e Freritos", sent: 2026-02-24 07:30:10)
sigtop: skipping attachment without path (conversation: "Sorellas e Freritos", sent: 2026-02-24 07:30:10)
sigtop: skipping attachment without path (conversation: "Sorellas e Freritos", sent: 2026-02-24 07:30:10)
sigtop: skipping attachment without path (conversation: "Sorellas e Freritos", sent: 2026-02-24 07:30:10)
sigtop: skipping attachment without path (conversation: "Sorellas e Freritos", sent: 2026-02-24 07:30:10)
sigtop: skipping attachment without path (conversation: "Sorellas e Freritos", sent: 2026-02-24 08:31:11)
sigtop: skipping attachment without path (conversation: "Sorellas e Freritos", sent: 2026-02-24 08:31:11)
sigtop: skipping attachment without path (conversation: "Sorellas e Freritos", sent: 2026-02-24 08:31:55)
sigtop: skipping attachment without path (conversation: "Sorellas e Freritos", sent: 2026-02-24 08:31:55)
sigtop: skipping attachment without path (conversation: "Sorellas e Freritos", sent: 2026-02-24 08:31:55)
sigtop: skipping attachment without path (conversation: "Sorellas e Freritos", sent: 2026-02-24 08:31:55)
sigtop: skipping attachment without path (conversation: "Sorellas e Freritos", sent: 2026-02-24 08:31:55)
sigtop: skipping attachment without path (conversation: "Sorellas e Freritos", sent: 2026-02-24 08:31:55)
sigtop: skipping attachment without path (conversation: "Sorellas e Freritos", sent: 2026-02-24 08:31:55)
sigtop: skipping attachment without path (conversation: "Sorellas e Freritos", sent: 2026-02-24 08:31:55)
sigtop: skipping attachment without path (conversation: "Sorellas e Freritos", sent: 2026-02-24 08:31:55)
sigtop: skipping attachment without path (conversation: "Sorellas e Freritos", sent: 2026-02-27 13:43:20)
sigtop: skipping attachment without path (conversation: "Sorellas e Freritos", sent: 2026-03-28 20:03:53)
sigtop: skipping attachment without path (conversation: "Sorellas e Freritos", sent: 2026-03-28 20:03:53)
sigtop: skipping attachment without path (conversation: "Sorellas e Freritos", sent: 2026-03-28 20:03:53)
sigtop: skipping attachment without path (conversation: "Sorellas e Freritos", sent: 2026-03-28 20:03:53)
sigtop: skipping attachment without path (conversation: "Sorellas e Freritos", sent: 2026-03-28 20:03:53)
sigtop: skipping attachment without path (conversation: "Sorellas e Freritos", sent: 2026-03-28 20:03:53)
sigtop: skipping attachment without path (conversation: "Sorellas e Freritos", sent: 2026-03-28 20:03:53)
sigtop: skipping attachment without path (conversation: "Sorellas e Freritos", sent: 2026-03-28 20:03:53)
sigtop: skipping attachment without path (conversation: "Sorellas e Freritos", sent: 2026-03-28 20:03:53)
sigtop: skipping attachment without path (conversation: "Sorellas e Freritos", sent: 2026-03-28 20:03:53)
sigtop: skipping attachment without path (conversation: "Sorellas e Freritos", sent: 2026-03-28 20:03:53)
sigtop: skipping attachment without path (conversation: "Sorellas e Freritos", sent: 2026-03-28 20:05:27)
sigtop: skipping attachment without path (conversation: "Sorellas e Freritos", sent: 2026-03-29 20:02:24)
sigtop: skipping attachment without path (conversation: "Sorellas e Freritos", sent: 2026-04-01 05:24:53)
sigtop: skipping attachment without path (conversation: "Sorellas e Freritos", sent: 2026-04-04 07:00:52)
sigtop: skipping attachment without path (conversation: "Sorellas e Freritos", sent: 2026-04-04 07:01:00)
sigtop: skipping attachment without path (conversation: "Sorellas e Freritos", sent: 2026-04-04 07:04:15)
sigtop: skipping attachment without path (conversation: "Sorellas e Freritos", sent: 2026-04-04 07:04:15)
sigtop: skipping attachment without path (conversation: "Sorellas e Freritos", sent: 2026-04-04 17:29:40)
sigtop: skipping attachment without path (conversation: "Sorellas e Freritos", sent: 2026-04-04 17:29:40)
sigtop: skipping attachment without path (conversation: "Sorellas e Freritos", sent: 2026-04-04 17:29:40)
sigtop: skipping attachment without path (conversation: "Sorellas e Freritos", sent: 2026-04-04 17:29:40)
sigtop: skipping attachment without path (conversation: "Sorellas e Freritos", sent: 2026-04-04 17:29:40)
sigtop: skipping attachment without path (conversation: "Sorellas e Freritos", sent: 2026-04-04 17:29:40)
sigtop: skipping attachment without path (conversation: "Sorellas e Freritos", sent: 2026-04-04 18:42:30)
sigtop: skipping attachment without path (conversation: "Sorellas e Freritos", sent: 2026-04-10 19:12:23)
sigtop: skipping attachment without path (conversation: "Sorellas e Freritos", sent: 2026-04-10 19:12:23)
sigtop: skipping attachment without path (conversation: "Sorellas e Freritos", sent: 2026-04-10 19:12:23)
sigtop: skipping attachment without path (conversation: "Sorellas e Freritos", sent: 2026-04-10 19:12:23)
sigtop: skipping attachment without path (conversation: "Sorellas e Freritos", sent: 2026-04-10 20:56:55)
sigtop: skipping attachment without path (conversation: "Sorellas e Freritos", sent: 2026-04-10 20:58:42)
sigtop: skipping attachment without path (conversation: "Sorellas e Freritos", sent: 2026-04-18 02:53:49)
sigtop: skipping attachment without path (conversation: "Sorellas e Freritos", sent: 2026-04-18 02:58:42)
sigtop: skipping attachment without path (conversation: "Sorellas e Freritos", sent: 2026-04-18 03:09:10)
sigtop: skipping attachment without path (conversation: "Sorellas e Freritos", sent: 2026-04-18 05:47:00)
sigtop: skipping attachment without path (conversation: "Sorellas e Freritos", sent: 2026-04-18 05:58:09)
sigtop: skipping attachment without path (conversation: "Sorellas e Freritos", sent: 2026-04-18 06:43:14)
sigtop: skipping attachment without path (conversation: "Sorellas e Freritos", sent: 2026-04-25 19:14:27)
sigtop: skipping attachment without path (conversation: "Sorellas e Freritos", sent: 2026-04-25 19:14:27)
sigtop: skipping attachment without path (conversation: "Sorellas e Freritos", sent: 2026-04-30 17:06:53)
sigtop: skipping attachment without path (conversation: "Sorellas e Freritos", sent: 2026-05-03 17:01:34)
sigtop: skipping attachment without path (conversation: "Mia Leu", sent: 2025-10-29 03:02:38)
sigtop: skipping attachment without path (conversation: "Mia Leu", sent: 2025-10-30 16:55:35)
sigtop: skipping attachment without path (conversation: "Mia Leu", sent: 2025-10-30 16:57:26)
sigtop: skipping attachment without path (conversation: "Mia Leu", sent: 2025-10-30 18:27:10)
sigtop: skipping attachment without path (conversation: "Mia Leu", sent: 2025-10-31 09:09:12)
sigtop: skipping attachment without path (conversation: "Mia Leu", sent: 2025-11-03 17:44:49)
sigtop: skipping attachment without path (conversation: "Mia Leu", sent: 2025-11-04 09:36:20)
sigtop: skipping attachment without path (conversation: "Mia Leu", sent: 2025-11-12 15:03:11)
sigtop: skipping attachment without path (conversation: "Mia Leu", sent: 2025-11-16 07:17:47)
sigtop: skipping attachment without path (conversation: "Mia Leu", sent: 2025-11-20 21:37:32)
sigtop: skipping attachment without path (conversation: "Mia Leu", sent: 2025-11-24 14:00:14)
sigtop: skipping attachment without path (conversation: "Mia Leu", sent: 2025-11-25 03:00:35)
sigtop: skipping attachment without path (conversation: "Mia Leu", sent: 2025-11-25 03:56:16)
sigtop: skipping attachment without path (conversation: "Mia Leu", sent: 2025-11-30 08:17:16)
sigtop: skipping attachment without path (conversation: "Mia Leu", sent: 2025-11-30 09:15:13)
sigtop: skipping attachment without path (conversation: "Mia Leu", sent: 2025-12-01 18:35:48)
sigtop: skipping attachment without path (conversation: "Mia Leu", sent: 2025-12-09 19:44:31)
sigtop: skipping attachment without path (conversation: "Mia Leu", sent: 2025-12-10 04:54:43)
sigtop: skipping attachment without path (conversation: "Mia Leu", sent: 2025-12-13 03:50:39)
sigtop: skipping attachment without path (conversation: "Mia Leu", sent: 2025-12-13 03:54:29)
sigtop: skipping attachment without path (conversation: "Mia Leu", sent: 2025-12-13 03:58:37)
sigtop: skipping attachment without path (conversation: "Mia Leu", sent: 2026-03-12 11:02:12)
sigtop: skipping attachment without path (conversation: "Textile Brand", sent: 2025-09-27 02:09:02)
sigtop: skipping attachment without path (conversation: "Textile Brand", sent: 2025-09-27 02:13:36)
sigtop: skipping attachment without path (conversation: "Textile Brand", sent: 2025-10-01 04:50:59)
Signal: 16 convos
WhatsApp (Mac): 56 convos
Added Dulcesita (iPhone): 10992 msgs, 771 voice msgs
Added Simon Baumann (iPhone): 1119 msgs, 6 voice msgs

Written: /Users/rafaelhorvat/__code__/chat_backup/data/index.html
Conversations: 72
Total messages: 14294
Audio files (voice msgs): 854
Total media files: 1709

[2026-08-03 11:05:14] ChatBackupSync run
sigtop: skipping attachment without path (conversation: "Simon Horvat", sent: 2025-09-29 23:08:23)
sigtop: skipping attachment without path (conversation: "Simon Horvat", sent: 2025-10-02 01:24:19)
sigtop: skipping attachment without path (conversation: "Simon Horvat", sent: 2025-10-11 05:27:32)
sigtop: skipping attachment without path (conversation: "Simon Horvat", sent: 2025-10-11 05:35:27)
sigtop: skipping attachment without path (conversation: "Simon Horvat", sent: 2025-10-25 03:03:40)
sigtop: skipping attachment without path (conversation: "Simon Horvat", sent: 2025-10-26 22:17:40)
sigtop: skipping attachment without path (conversation: "Simon Horvat", sent: 2025-11-03 17:07:54)
sigtop: skipping attachment without path (conversation: "Simon Horvat", sent: 2025-11-08 00:37:17)
sigtop: skipping attachment without path (conversation: "Simon Horvat", sent: 2025-11-08 01:11:38)
sigtop: skipping attachment without path (conversation: "Simon Horvat", sent: 2025-11-08 01:15:55)
sigtop: skipping attachment without path (conversation: "Simon Horvat", sent: 2025-11-08 04:43:26)
sigtop: skipping attachment without path (conversation: "Simon Horvat", sent: 2025-11-10 21:58:28)
sigtop: skipping attachment without path (conversation: "Simon Horvat", sent: 2025-11-13 20:02:56)
sigtop: skipping attachment without path (conversation: "Simon Horvat", sent: 2025-11-13 20:04:28)
sigtop: skipping attachment without path (conversation: "Simon Horvat", sent: 2025-11-16 19:09:04)
sigtop: skipping attachment without path (conversation: "Simon Horvat", sent: 2025-11-17 00:40:58)
sigtop: skipping attachment without path (conversation: "Simon Horvat", sent: 2025-11-17 06:35:25)
sigtop: skipping attachment without path (conversation: "Simon Horvat", sent: 2025-12-03 03:31:23)
sigtop: skipping attachment without path (conversation: "Simon Horvat", sent: 2025-12-11 22:45:49)
sigtop: skipping attachment without path (conversation: "Simon Horvat", sent: 2026-04-04 17:09:21)
sigtop: skipping attachment without path (conversation: "Simon Horvat", sent: 2026-04-04 17:17:23)
sigtop: skipping attachment without path (conversation: "Simon Horvat", sent: 2026-04-18 11:40:30)
sigtop: skipping attachment without path (conversation: "Simon Horvat", sent: 2026-04-18 11:40:30)
sigtop: skipping attachment without path (conversation: "Simon Horvat", sent: 2026-04-18 11:40:30)
sigtop: skipping attachment without path (conversation: "Simon Horvat", sent: 2026-04-18 11:40:30)
sigtop: skipping attachment without path (conversation: "Simon Horvat", sent: 2026-04-18 11:40:30)
sigtop: skipping attachment without path (conversation: "Isabelle Leu", sent: 2025-12-09 22:54:07)
sigtop: skipping attachment without path (conversation: "Isabelle Leu", sent: 2025-12-09 22:54:07)
sigtop: skipping attachment without path (conversation: "Isabelle Leu", sent: 2025-12-09 22:54:07)
sigtop: skipping attachment without path (conversation: "Isabelle Leu", sent: 2025-12-09 22:54:07)
sigtop: skipping attachment without path (conversation: "Isabelle Leu", sent: 2025-12-09 22:55:13)
sigtop: skipping attachment without path (conversation: "Isabelle Leu", sent: 2025-12-09 22:55:13)
sigtop: skipping attachment without path (conversation: "Isabelle Leu", sent: 2025-12-09 22:55:13)
sigtop: skipping attachment without path (conversation: "Isabelle Leu", sent: 2025-12-09 22:55:13)
sigtop: skipping attachment without path (conversation: "Isabelle Leu", sent: 2025-12-09 22:55:13)
sigtop: skipping attachment without path (conversation: "Isabelle Leu", sent: 2025-12-09 22:58:22)
sigtop: skipping attachment without path (conversation: "Isabelle Leu", sent: 2025-12-09 23:03:36)
sigtop: skipping attachment without path (conversation: "Isabelle Leu", sent: 2025-12-19 02:28:17)
sigtop: skipping attachment without path (conversation: "Isabelle Leu", sent: 2026-02-07 18:57:25)
sigtop: skipping attachment without path (conversation: "Isabelle Leu", sent: 2026-02-07 19:02:58)
sigtop: skipping attachment without path (conversation: "Isabelle Leu", sent: 2026-02-07 22:58:52)
sigtop: skipping attachment without path (conversation: "Isabelle Leu", sent: 2026-02-07 23:07:46)
sigtop: skipping attachment without path (conversation: "Isabelle Leu", sent: 2026-02-12 20:42:19)
sigtop: skipping attachment without path (conversation: "Isabelle Leu", sent: 2026-02-13 01:21:24)
sigtop: skipping attachment without path (conversation: "Isabelle Leu", sent: 2026-04-15 09:21:35)
sigtop: skipping attachment without path (conversation: "Isabelle Leu", sent: 2026-04-15 17:37:46)
sigtop: skipping attachment without path (conversation: "Isabelle Leu", sent: 2026-04-15 17:39:23)
sigtop: skipping attachment without path (conversation: "Isabelle Leu", sent: 2026-04-15 17:43:43)
sigtop: skipping attachment without path (conversation: "Isabelle Leu", sent: 2026-04-15 17:43:43)
sigtop: skipping attachment without path (conversation: "Isabelle Leu", sent: 2026-04-15 17:43:43)
sigtop: skipping attachment without path (conversation: "Isabelle Leu", sent: 2026-04-15 17:44:09)
sigtop: skipping attachment without path (conversation: "Isabelle Leu", sent: 2026-04-15 17:44:09)
sigtop: skipping attachment without path (conversation: "Isabelle Leu", sent: 2026-04-15 17:44:09)
sigtop: skipping attachment without path (conversation: "Isabelle Leu", sent: 2026-04-15 17:44:09)
sigtop: skipping attachment without path (conversation: "Isabelle Leu", sent: 2026-04-15 17:44:09)
sigtop: skipping attachment without path (conversation: "Isabelle Leu", sent: 2026-04-15 17:44:09)
sigtop: skipping attachment without path (conversation: "Isabelle Leu", sent: 2026-04-15 17:44:09)
sigtop: skipping attachment without path (conversation: "Isabelle Leu", sent: 2026-04-15 17:44:09)
sigtop: skipping attachment without path (conversation: "Isabelle Leu", sent: 2026-04-15 17:44:09)
sigtop: skipping attachment without path (conversation: "Isabelle Leu", sent: 2026-04-15 17:48:29)
sigtop: skipping attachment without path (conversation: "Isabelle Leu", sent: 2026-04-15 17:48:29)
sigtop: skipping attachment without path (conversation: "Isabelle Leu", sent: 2026-04-15 17:48:29)
sigtop: skipping attachment without path (conversation: "Isabelle Leu", sent: 2026-04-15 17:48:29)
sigtop: skipping attachment without path (conversation: "Isabelle Leu", sent: 2026-04-15 17:48:29)
sigtop: skipping attachment without path (conversation: "Isabelle Leu", sent: 2026-04-15 17:48:29)
sigtop: skipping attachment without path (conversation: "Isabelle Leu", sent: 2026-04-15 17:48:29)
sigtop: skipping attachment without path (conversation: "Isabelle Leu", sent: 2026-04-15 17:48:29)
sigtop: skipping attachment without path (conversation: "Isabelle Leu", sent: 2026-04-15 18:00:11)
sigtop: skipping attachment without path (conversation: "Isabelle Leu", sent: 2026-04-15 18:09:34)
sigtop: skipping attachment without path (conversation: "Isabelle Leu", sent: 2026-04-16 12:54:57)
sigtop: skipping attachment without path (conversation: "Isabelle Leu", sent: 2026-04-16 16:30:20)
sigtop: skipping attachment without path (conversation: "Isabelle Leu", sent: 2026-04-16 16:33:02)
sigtop: skipping attachment without path (conversation: "Isabelle Leu", sent: 2026-04-16 16:47:56)
sigtop: skipping attachment without path (conversation: "Isabelle Leu", sent: 2026-04-29 21:55:43)
sigtop: skipping attachment without path (conversation: "Textile Brand", sent: 2025-09-27 02:09:02)
sigtop: skipping attachment without path (conversation: "Textile Brand", sent: 2025-09-27 02:13:36)
sigtop: skipping attachment without path (conversation: "Textile Brand", sent: 2025-10-01 04:50:59)
sigtop: skipping attachment without path (conversation: "Conrad Leu", sent: 2025-09-27 19:47:53)
sigtop: skipping attachment without path (conversation: "Conrad Leu", sent: 2025-09-28 01:55:08)
sigtop: skipping attachment without path (conversation: "Conrad Leu", sent: 2025-10-01 07:22:29)
sigtop: skipping attachment without path (conversation: "Conrad Leu", sent: 2025-11-26 17:26:56)
sigtop: skipping attachment without path (conversation: "Conrad Leu", sent: 2025-11-27 07:27:54)
sigtop: skipping attachment without path (conversation: "Rudi Dotzer", sent: 2025-10-10 18:14:00)
sigtop: skipping attachment without path (conversation: "Rudi Dotzer", sent: 2025-10-10 18:14:00)
sigtop: skipping attachment without path (conversation: "Rudi Dotzer", sent: 2025-12-25 03:38:54)
sigtop: skipping attachment without path (conversation: "Rudi Dotzer", sent: 2025-12-25 03:38:54)
sigtop: skipping attachment without path (conversation: "Jan Biller", sent: 2025-10-02 17:59:53)
sigtop: skipping attachment without path (conversation: "Jan Biller", sent: 2025-10-07 00:19:41)
sigtop: skipping attachment without path (conversation: "Jan Biller", sent: 2025-10-08 20:29:28)
sigtop: skipping attachment without path (conversation: "Jan Biller", sent: 2025-10-14 18:43:44)
sigtop: skipping attachment without path (conversation: "Jan Biller", sent: 2025-10-15 19:25:22)
sigtop: skipping attachment without path (conversation: "Jan Biller", sent: 2026-04-13 16:22:06)
sigtop: skipping attachment without path (conversation: "Jan Biller", sent: 2026-05-06 01:39:38)
sigtop: skipping attachment without path (conversation: "Sorellas e Freritos", sent: 2025-09-28 06:55:29)
sigtop: skipping attachment without path (conversation: "Sorellas e Freritos", sent: 2025-11-18 17:40:52)
sigtop: skipping attachment without path (conversation: "Sorellas e Freritos", sent: 2025-11-18 17:40:52)
sigtop: skipping attachment without path (conversation: "Sorellas e Freritos", sent: 2025-11-18 17:40:52)
sigtop: skipping attachment without path (conversation: "Sorellas e Freritos", sent: 2025-11-18 17:40:52)
sigtop: skipping attachment without path (conversation: "Sorellas e Freritos", sent: 2025-11-18 17:40:52)
sigtop: skipping attachment without path (conversation: "Sorellas e Freritos", sent: 2025-11-18 17:40:52)
sigtop: skipping attachment without path (conversation: "Sorellas e Freritos", sent: 2025-11-18 17:40:52)
sigtop: skipping attachment without path (conversation: "Sorellas e Freritos", sent: 2025-11-18 17:42:13)
sigtop: skipping attachment without path (conversation: "Sorellas e Freritos", sent: 2025-11-18 17:43:57)
sigtop: skipping attachment without path (conversation: "Sorellas e Freritos", sent: 2025-11-18 17:43:57)
sigtop: skipping attachment without path (conversation: "Sorellas e Freritos", sent: 2025-11-18 17:43:57)
sigtop: skipping attachment without path (conversation: "Sorellas e Freritos", sent: 2025-11-21 18:51:55)
sigtop: skipping attachment without path (conversation: "Sorellas e Freritos", sent: 2025-11-21 18:51:55)
sigtop: skipping attachment without path (conversation: "Sorellas e Freritos", sent: 2025-11-21 18:51:55)
sigtop: skipping attachment without path (conversation: "Sorellas e Freritos", sent: 2025-11-21 18:51:55)
sigtop: skipping attachment without path (conversation: "Sorellas e Freritos", sent: 2025-11-22 02:33:21)
sigtop: skipping attachment without path (conversation: "Sorellas e Freritos", sent: 2025-11-22 02:53:30)
sigtop: skipping attachment without path (conversation: "Sorellas e Freritos", sent: 2025-11-22 02:53:30)
sigtop: skipping attachment without path (conversation: "Sorellas e Freritos", sent: 2025-11-22 02:53:30)
sigtop: skipping attachment without path (conversation: "Sorellas e Freritos", sent: 2025-11-22 02:53:30)
sigtop: skipping attachment without path (conversation: "Sorellas e Freritos", sent: 2025-11-22 08:02:27)
sigtop: skipping attachment without path (conversation: "Sorellas e Freritos", sent: 2025-11-22 08:02:27)
sigtop: skipping attachment without path (conversation: "Sorellas e Freritos", sent: 2025-12-06 01:19:29)
sigtop: skipping attachment without path (conversation: "Sorellas e Freritos", sent: 2025-12-06 01:19:29)
sigtop: skipping attachment without path (conversation: "Sorellas e Freritos", sent: 2025-12-06 01:19:29)
sigtop: skipping attachment without path (conversation: "Sorellas e Freritos", sent: 2025-12-06 01:19:29)
sigtop: skipping attachment without path (conversation: "Sorellas e Freritos", sent: 2025-12-06 01:19:29)
sigtop: skipping attachment without path (conversation: "Sorellas e Freritos", sent: 2025-12-06 01:19:29)
sigtop: skipping attachment without path (conversation: "Sorellas e Freritos", sent: 2025-12-06 01:19:29)
sigtop: skipping attachment without path (conversation: "Sorellas e Freritos", sent: 2025-12-06 01:19:29)
sigtop: skipping attachment without path (conversation: "Sorellas e Freritos", sent: 2025-12-06 01:19:29)
sigtop: skipping attachment without path (conversation: "Sorellas e Freritos", sent: 2025-12-06 01:19:29)
sigtop: skipping attachment without path (conversation: "Sorellas e Freritos", sent: 2025-12-06 01:19:29)
sigtop: skipping attachment without path (conversation: "Sorellas e Freritos", sent: 2025-12-06 01:19:29)
sigtop: skipping attachment without path (conversation: "Sorellas e Freritos", sent: 2025-12-06 01:19:29)
sigtop: skipping attachment without path (conversation: "Sorellas e Freritos", sent: 2025-12-06 05:56:26)
sigtop: skipping attachment without path (conversation: "Sorellas e Freritos", sent: 2025-12-19 01:19:51)
sigtop: skipping attachment without path (conversation: "Sorellas e Freritos", sent: 2025-12-19 01:19:51)
sigtop: skipping attachment without path (conversation: "Sorellas e Freritos", sent: 2025-12-19 01:19:51)
sigtop: skipping attachment without path (conversation: "Sorellas e Freritos", sent: 2025-12-26 00:48:17)
sigtop: skipping attachment without path (conversation: "Sorellas e Freritos", sent: 2025-12-27 00:38:23)
sigtop: skipping attachment without path (conversation: "Sorellas e Freritos", sent: 2025-12-27 00:38:23)
sigtop: skipping attachment without path (conversation: "Sorellas e Freritos", sent: 2025-12-27 00:38:23)
sigtop: skipping attachment without path (conversation: "Sorellas e Freritos", sent: 2025-12-27 00:40:41)
sigtop: skipping attachment without path (conversation: "Sorellas e Freritos", sent: 2025-12-27 00:40:41)
sigtop: skipping attachment without path (conversation: "Sorellas e Freritos", sent: 2025-12-29 05:44:12)
sigtop: skipping attachment without path (conversation: "Sorellas e Freritos", sent: 2025-12-30 03:09:14)
sigtop: skipping attachment without path (conversation: "Sorellas e Freritos", sent: 2025-12-30 03:09:14)
sigtop: skipping attachment without path (conversation: "Sorellas e Freritos", sent: 2025-12-30 03:09:14)
sigtop: skipping attachment without path (conversation: "Sorellas e Freritos", sent: 2025-12-30 03:09:14)
sigtop: skipping attachment without path (conversation: "Sorellas e Freritos", sent: 2025-12-30 03:09:14)
sigtop: skipping attachment without path (conversation: "Sorellas e Freritos", sent: 2026-01-03 06:01:12)
sigtop: skipping attachment without path (conversation: "Sorellas e Freritos", sent: 2026-01-03 06:01:12)
sigtop: skipping attachment without path (conversation: "Sorellas e Freritos", sent: 2026-01-03 06:46:35)
sigtop: skipping attachment without path (conversation: "Sorellas e Freritos", sent: 2026-01-03 10:36:15)
sigtop: skipping attachment without path (conversation: "Sorellas e Freritos", sent: 2026-01-03 10:36:15)
sigtop: skipping attachment without path (conversation: "Sorellas e Freritos", sent: 2026-01-03 10:36:15)
sigtop: skipping attachment without path (conversation: "Sorellas e Freritos", sent: 2026-01-04 11:49:19)
sigtop: skipping attachment without path (conversation: "Sorellas e Freritos", sent: 2026-01-04 11:52:29)
sigtop: skipping attachment without path (conversation: "Sorellas e Freritos", sent: 2026-01-07 20:04:17)
sigtop: skipping attachment without path (conversation: "Sorellas e Freritos", sent: 2026-01-07 20:04:17)
sigtop: skipping attachment without path (conversation: "Sorellas e Freritos", sent: 2026-01-07 20:04:17)
sigtop: skipping attachment without path (conversation: "Sorellas e Freritos", sent: 2026-01-07 20:04:17)
sigtop: skipping attachment without path (conversation: "Sorellas e Freritos", sent: 2026-01-07 20:04:17)
sigtop: skipping attachment without path (conversation: "Sorellas e Freritos", sent: 2026-01-07 20:04:17)
sigtop: skipping attachment without path (conversation: "Sorellas e Freritos", sent: 2026-01-07 20:04:17)
sigtop: skipping attachment without path (conversation: "Sorellas e Freritos", sent: 2026-01-07 20:04:17)
sigtop: skipping attachment without path (conversation: "Sorellas e Freritos", sent: 2026-01-07 20:04:17)
sigtop: skipping attachment without path (conversation: "Sorellas e Freritos", sent: 2026-01-07 20:17:54)
sigtop: skipping attachment without path (conversation: "Sorellas e Freritos", sent: 2026-01-11 03:14:01)
sigtop: skipping attachment without path (conversation: "Sorellas e Freritos", sent: 2026-01-11 03:14:01)
sigtop: skipping attachment without path (conversation: "Sorellas e Freritos", sent: 2026-01-11 03:14:01)
sigtop: skipping attachment without path (conversation: "Sorellas e Freritos", sent: 2026-01-11 03:14:01)
sigtop: skipping attachment without path (conversation: "Sorellas e Freritos", sent: 2026-01-11 03:14:01)
sigtop: skipping attachment without path (conversation: "Sorellas e Freritos", sent: 2026-01-11 03:14:01)
sigtop: skipping attachment without path (conversation: "Sorellas e Freritos", sent: 2026-01-11 04:28:47)
sigtop: skipping attachment without path (conversation: "Sorellas e Freritos", sent: 2026-01-11 04:28:47)
sigtop: skipping attachment without path (conversation: "Sorellas e Freritos", sent: 2026-01-11 04:28:47)
sigtop: skipping attachment without path (conversation: "Sorellas e Freritos", sent: 2026-01-11 04:28:47)
sigtop: skipping attachment without path (conversation: "Sorellas e Freritos", sent: 2026-01-11 04:28:47)
sigtop: skipping attachment without path (conversation: "Sorellas e Freritos", sent: 2026-01-11 04:28:47)
sigtop: skipping attachment without path (conversation: "Sorellas e Freritos", sent: 2026-01-11 04:28:47)
sigtop: skipping attachment without path (conversation: "Sorellas e Freritos", sent: 2026-01-16 03:37:12)
sigtop: skipping attachment without path (conversation: "Sorellas e Freritos", sent: 2026-01-16 03:38:11)
sigtop: skipping attachment without path (conversation: "Sorellas e Freritos", sent: 2026-01-17 20:13:12)
sigtop: skipping attachment without path (conversation: "Sorellas e Freritos", sent: 2026-01-20 23:59:48)
sigtop: skipping attachment without path (conversation: "Sorellas e Freritos", sent: 2026-01-20 23:59:48)
sigtop: skipping attachment without path (conversation: "Sorellas e Freritos", sent: 2026-01-20 23:59:48)
sigtop: skipping attachment without path (conversation: "Sorellas e Freritos", sent: 2026-01-29 22:37:35)
sigtop: skipping attachment without path (conversation: "Sorellas e Freritos", sent: 2026-02-03 19:41:35)
sigtop: skipping attachment without path (conversation: "Sorellas e Freritos", sent: 2026-02-03 19:41:35)
sigtop: skipping attachment without path (conversation: "Sorellas e Freritos", sent: 2026-02-03 19:41:35)
sigtop: skipping attachment without path (conversation: "Sorellas e Freritos", sent: 2026-02-03 19:41:35)
sigtop: skipping attachment without path (conversation: "Sorellas e Freritos", sent: 2026-02-03 19:41:35)
sigtop: skipping attachment without path (conversation: "Sorellas e Freritos", sent: 2026-02-03 19:41:35)
sigtop: skipping attachment without path (conversation: "Sorellas e Freritos", sent: 2026-02-03 19:41:35)
sigtop: skipping attachment without path (conversation: "Sorellas e Freritos", sent: 2026-02-24 07:30:10)
sigtop: skipping attachment without path (conversation: "Sorellas e Freritos", sent: 2026-02-24 07:30:10)
sigtop: skipping attachment without path (conversation: "Sorellas e Freritos", sent: 2026-02-24 07:30:10)
sigtop: skipping attachment without path (conversation: "Sorellas e Freritos", sent: 2026-02-24 07:30:10)
sigtop: skipping attachment without path (conversation: "Sorellas e Freritos", sent: 2026-02-24 07:30:10)
sigtop: skipping attachment without path (conversation: "Sorellas e Freritos", sent: 2026-02-24 07:30:10)
sigtop: skipping attachment without path (conversation: "Sorellas e Freritos", sent: 2026-02-24 08:31:11)
sigtop: skipping attachment without path (conversation: "Sorellas e Freritos", sent: 2026-02-24 08:31:11)
sigtop: skipping attachment without path (conversation: "Sorellas e Freritos", sent: 2026-02-24 08:31:55)
sigtop: skipping attachment without path (conversation: "Sorellas e Freritos", sent: 2026-02-24 08:31:55)
sigtop: skipping attachment without path (conversation: "Sorellas e Freritos", sent: 2026-02-24 08:31:55)
sigtop: skipping attachment without path (conversation: "Sorellas e Freritos", sent: 2026-02-24 08:31:55)
sigtop: skipping attachment without path (conversation: "Sorellas e Freritos", sent: 2026-02-24 08:31:55)
sigtop: skipping attachment without path (conversation: "Sorellas e Freritos", sent: 2026-02-24 08:31:55)
sigtop: skipping attachment without path (conversation: "Sorellas e Freritos", sent: 2026-02-24 08:31:55)
sigtop: skipping attachment without path (conversation: "Sorellas e Freritos", sent: 2026-02-24 08:31:55)
sigtop: skipping attachment without path (conversation: "Sorellas e Freritos", sent: 2026-02-24 08:31:55)
sigtop: skipping attachment without path (conversation: "Sorellas e Freritos", sent: 2026-02-27 13:43:20)
sigtop: skipping attachment without path (conversation: "Sorellas e Freritos", sent: 2026-03-28 20:03:53)
sigtop: skipping attachment without path (conversation: "Sorellas e Freritos", sent: 2026-03-28 20:03:53)
sigtop: skipping attachment without path (conversation: "Sorellas e Freritos", sent: 2026-03-28 20:03:53)
sigtop: skipping attachment without path (conversation: "Sorellas e Freritos", sent: 2026-03-28 20:03:53)
sigtop: skipping attachment without path (conversation: "Sorellas e Freritos", sent: 2026-03-28 20:03:53)
sigtop: skipping attachment without path (conversation: "Sorellas e Freritos", sent: 2026-03-28 20:03:53)
sigtop: skipping attachment without path (conversation: "Sorellas e Freritos", sent: 2026-03-28 20:03:53)
sigtop: skipping attachment without path (conversation: "Sorellas e Freritos", sent: 2026-03-28 20:03:53)
sigtop: skipping attachment without path (conversation: "Sorellas e Freritos", sent: 2026-03-28 20:03:53)
sigtop: skipping attachment without path (conversation: "Sorellas e Freritos", sent: 2026-03-28 20:03:53)
sigtop: skipping attachment without path (conversation: "Sorellas e Freritos", sent: 2026-03-28 20:03:53)
sigtop: skipping attachment without path (conversation: "Sorellas e Freritos", sent: 2026-03-28 20:05:27)
sigtop: skipping attachment without path (conversation: "Sorellas e Freritos", sent: 2026-03-29 20:02:24)
sigtop: skipping attachment without path (conversation: "Sorellas e Freritos", sent: 2026-04-01 05:24:53)
sigtop: skipping attachment without path (conversation: "Sorellas e Freritos", sent: 2026-04-04 07:00:52)
sigtop: skipping attachment without path (conversation: "Sorellas e Freritos", sent: 2026-04-04 07:01:00)
sigtop: skipping attachment without path (conversation: "Sorellas e Freritos", sent: 2026-04-04 07:04:15)
sigtop: skipping attachment without path (conversation: "Sorellas e Freritos", sent: 2026-04-04 07:04:15)
sigtop: skipping attachment without path (conversation: "Sorellas e Freritos", sent: 2026-04-04 17:29:40)
sigtop: skipping attachment without path (conversation: "Sorellas e Freritos", sent: 2026-04-04 17:29:40)
sigtop: skipping attachment without path (conversation: "Sorellas e Freritos", sent: 2026-04-04 17:29:40)
sigtop: skipping attachment without path (conversation: "Sorellas e Freritos", sent: 2026-04-04 17:29:40)
sigtop: skipping attachment without path (conversation: "Sorellas e Freritos", sent: 2026-04-04 17:29:40)
sigtop: skipping attachment without path (conversation: "Sorellas e Freritos", sent: 2026-04-04 17:29:40)
sigtop: skipping attachment without path (conversation: "Sorellas e Freritos", sent: 2026-04-04 18:42:30)
sigtop: skipping attachment without path (conversation: "Sorellas e Freritos", sent: 2026-04-10 19:12:23)
sigtop: skipping attachment without path (conversation: "Sorellas e Freritos", sent: 2026-04-10 19:12:23)
sigtop: skipping attachment without path (conversation: "Sorellas e Freritos", sent: 2026-04-10 19:12:23)
sigtop: skipping attachment without path (conversation: "Sorellas e Freritos", sent: 2026-04-10 19:12:23)
sigtop: skipping attachment without path (conversation: "Sorellas e Freritos", sent: 2026-04-10 20:56:55)
sigtop: skipping attachment without path (conversation: "Sorellas e Freritos", sent: 2026-04-10 20:58:42)
sigtop: skipping attachment without path (conversation: "Sorellas e Freritos", sent: 2026-04-18 02:53:49)
sigtop: skipping attachment without path (conversation: "Sorellas e Freritos", sent: 2026-04-18 02:58:42)
sigtop: skipping attachment without path (conversation: "Sorellas e Freritos", sent: 2026-04-18 03:09:10)
sigtop: skipping attachment without path (conversation: "Sorellas e Freritos", sent: 2026-04-18 05:47:00)
sigtop: skipping attachment without path (conversation: "Sorellas e Freritos", sent: 2026-04-18 05:58:09)
sigtop: skipping attachment without path (conversation: "Sorellas e Freritos", sent: 2026-04-18 06:43:14)
sigtop: skipping attachment without path (conversation: "Sorellas e Freritos", sent: 2026-04-25 19:14:27)
sigtop: skipping attachment without path (conversation: "Sorellas e Freritos", sent: 2026-04-25 19:14:27)
sigtop: skipping attachment without path (conversation: "Sorellas e Freritos", sent: 2026-04-30 17:06:53)
sigtop: skipping attachment without path (conversation: "Sorellas e Freritos", sent: 2026-05-03 17:01:34)
sigtop: skipping attachment without path (conversation: "Lina Leu", sent: 2025-10-06 21:58:43)
sigtop: skipping attachment without path (conversation: "Lina Leu", sent: 2025-10-29 02:54:44)
sigtop: skipping attachment without path (conversation: "Lina Leu", sent: 2025-10-29 03:41:04)
sigtop: skipping attachment without path (conversation: "Photos voyages", sent: 2026-03-19 06:47:39)
sigtop: skipping attachment without path (conversation: "Photos voyages", sent: 2026-03-19 06:47:39)
sigtop: skipping attachment without path (conversation: "Photos voyages", sent: 2026-03-19 06:47:39)
sigtop: skipping attachment without path (conversation: "Photos voyages", sent: 2026-03-19 06:47:39)
sigtop: skipping attachment without path (conversation: "Photos voyages", sent: 2026-03-19 06:47:39)
sigtop: skipping attachment without path (conversation: "Photos voyages", sent: 2026-03-19 06:47:39)
sigtop: skipping attachment without path (conversation: "Photos voyages", sent: 2026-03-19 06:47:39)
sigtop: skipping attachment without path (conversation: "Photos voyages", sent: 2026-03-19 06:47:39)
sigtop: skipping attachment without path (conversation: "Photos voyages", sent: 2026-03-19 06:47:39)
sigtop: skipping attachment without path (conversation: "Photos voyages", sent: 2026-03-19 06:47:39)
sigtop: skipping attachment without path (conversation: "Photos voyages", sent: 2026-03-19 06:47:39)
sigtop: skipping attachment without path (conversation: "Photos voyages", sent: 2026-03-19 06:47:39)
sigtop: skipping attachment without path (conversation: "Photos voyages", sent: 2026-03-19 06:47:39)
sigtop: skipping attachment without path (conversation: "Photos voyages", sent: 2026-03-19 06:47:39)
sigtop: skipping attachment without path (conversation: "Photos voyages", sent: 2026-03-19 06:47:39)
sigtop: skipping attachment without path (conversation: "Photos voyages", sent: 2026-03-19 06:47:39)
sigtop: skipping attachment without path (conversation: "Photos voyages", sent: 2026-03-19 06:47:39)
sigtop: skipping attachment without path (conversation: "Photos voyages", sent: 2026-03-19 06:47:39)
sigtop: skipping attachment without path (conversation: "Photos voyages", sent: 2026-03-21 20:19:52)
sigtop: skipping attachment without path (conversation: "Photos voyages", sent: 2026-03-21 20:19:52)
sigtop: skipping attachment without path (conversation: "Photos voyages", sent: 2026-03-21 20:19:52)
sigtop: skipping attachment without path (conversation: "Photos voyages", sent: 2026-03-21 20:21:00)
sigtop: skipping attachment without path (conversation: "Photos voyages", sent: 2026-03-21 20:21:00)
sigtop: skipping attachment without path (conversation: "Photos voyages", sent: 2026-04-03 03:30:30)
sigtop: skipping attachment without path (conversation: "Photos voyages", sent: 2026-04-03 03:30:37)
sigtop: skipping attachment without path (conversation: "Photos voyages", sent: 2026-04-03 03:30:45)
sigtop: skipping attachment without path (conversation: "Photos voyages", sent: 2026-04-03 03:31:19)
sigtop: skipping attachment without path (conversation: "Photos voyages", sent: 2026-04-03 03:31:58)
sigtop: skipping attachment without path (conversation: "Photos voyages", sent: 2026-04-03 03:32:14)
sigtop: skipping attachment without path (conversation: "Photos voyages", sent: 2026-04-03 03:32:52)
sigtop: skipping attachment without path (conversation: "Photos voyages", sent: 2026-04-03 20:14:17)
sigtop: skipping attachment without path (conversation: "Photos voyages", sent: 2026-04-03 20:14:17)
sigtop: skipping attachment without path (conversation: "Photos voyages", sent: 2026-04-03 20:14:17)
sigtop: skipping attachment without path (conversation: "Photos voyages", sent: 2026-04-03 20:14:17)
sigtop: skipping attachment without path (conversation: "Photos voyages", sent: 2026-04-03 20:16:53)
sigtop: skipping attachment without path (conversation: "Photos voyages", sent: 2026-04-03 20:17:22)
sigtop: skipping attachment without path (conversation: "Photos voyages", sent: 2026-04-04 05:27:52)
sigtop: skipping attachment without path (conversation: "Photos voyages", sent: 2026-04-04 05:28:06)
sigtop: skipping attachment without path (conversation: "Photos voyages", sent: 2026-04-04 05:30:03)
sigtop: skipping attachment without path (conversation: "Photos voyages", sent: 2026-04-04 05:32:26)
sigtop: skipping attachment without path (conversation: "Photos voyages", sent: 2026-04-14 05:13:21)
sigtop: skipping attachment without path (conversation: "Photos voyages", sent: 2026-04-14 05:13:21)
sigtop: skipping attachment without path (conversation: "Photos voyages", sent: 2026-04-14 05:13:21)
sigtop: skipping attachment without path (conversation: "Photos voyages", sent: 2026-04-14 05:13:21)
sigtop: skipping attachment without path (conversation: "Photos voyages", sent: 2026-04-14 05:13:21)
sigtop: skipping attachment without path (conversation: "Photos voyages", sent: 2026-04-14 05:13:21)
sigtop: skipping attachment without path (conversation: "Photos voyages", sent: 2026-04-14 05:13:21)
sigtop: skipping attachment without path (conversation: "Photos voyages", sent: 2026-04-14 05:13:21)
sigtop: skipping attachment without path (conversation: "Photos voyages", sent: 2026-04-14 05:13:21)
sigtop: skipping attachment without path (conversation: "Photos voyages", sent: 2026-04-14 05:13:21)
sigtop: skipping attachment without path (conversation: "Photos voyages", sent: 2026-04-14 05:13:21)
sigtop: skipping attachment without path (conversation: "Photos voyages", sent: 2026-04-14 05:13:21)
sigtop: skipping attachment without path (conversation: "Photos voyages", sent: 2026-04-14 05:13:21)
sigtop: skipping attachment without path (conversation: "Photos voyages", sent: 2026-04-14 05:13:21)
sigtop: skipping attachment without path (conversation: "Photos voyages", sent: 2026-04-14 05:13:21)
sigtop: skipping attachment without path (conversation: "Photos voyages", sent: 2026-04-14 05:13:21)
sigtop: skipping attachment without path (conversation: "Photos voyages", sent: 2026-04-23 21:32:01)
sigtop: skipping attachment without path (conversation: "Photos voyages", sent: 2026-04-23 21:33:34)
sigtop: skipping attachment without path (conversation: "Photos voyages", sent: 2026-04-23 21:33:34)
sigtop: skipping attachment without path (conversation: "Photos voyages", sent: 2026-04-23 21:33:34)
sigtop: skipping attachment without path (conversation: "Photos voyages", sent: 2026-04-23 21:33:34)
sigtop: skipping attachment without path (conversation: "Photos voyages", sent: 2026-04-23 21:33:34)
sigtop: skipping attachment without path (conversation: "Photos voyages", sent: 2026-04-23 21:33:34)
sigtop: skipping attachment without path (conversation: "Photos voyages", sent: 2026-04-23 21:33:34)
sigtop: skipping attachment without path (conversation: "Photos voyages", sent: 2026-04-23 21:33:34)
sigtop: skipping attachment without path (conversation: "Photos voyages", sent: 2026-04-23 21:33:34)
sigtop: skipping attachment without path (conversation: "Photos voyages", sent: 2026-04-23 21:33:34)
sigtop: skipping attachment without path (conversation: "Photos voyages", sent: 2026-04-23 21:33:34)
sigtop: skipping attachment without path (conversation: "Photos voyages", sent: 2026-04-23 21:33:34)
sigtop: skipping attachment without path (conversation: "Photos voyages", sent: 2026-04-23 21:33:34)
sigtop: skipping attachment without path (conversation: "Photos voyages", sent: 2026-04-23 21:33:34)
sigtop: skipping attachment without path (conversation: "Photos voyages", sent: 2026-04-23 21:33:34)
sigtop: skipping attachment without path (conversation: "Photos voyages", sent: 2026-04-23 21:34:44)
sigtop: skipping attachment without path (conversation: "Photos voyages", sent: 2026-04-23 21:34:44)
sigtop: skipping attachment without path (conversation: "Photos voyages", sent: 2026-04-23 21:34:44)
sigtop: skipping attachment without path (conversation: "Photos voyages", sent: 2026-04-25 21:58:51)
sigtop: skipping attachment without path (conversation: "Photos voyages", sent: 2026-04-25 21:58:51)
sigtop: skipping attachment without path (conversation: "Photos voyages", sent: 2026-05-04 00:54:03)
sigtop: skipping attachment without path (conversation: "Photos voyages", sent: 2026-05-04 00:55:08)
sigtop: skipping attachment without path (conversation: "Photos voyages", sent: 2026-05-04 00:55:56)
sigtop: skipping attachment without path (conversation: "Photos voyages", sent: 2026-05-04 00:56:50)
sigtop: skipping attachment without path (conversation: "Photos voyages", sent: 2026-05-04 00:57:40)
sigtop: skipping attachment without path (conversation: "Photos voyages", sent: 2026-05-04 00:58:28)
sigtop: skipping attachment without path (conversation: "Photos voyages", sent: 2026-05-04 00:59:10)
sigtop: skipping attachment without path (conversation: "Photos voyages", sent: 2026-05-30 23:13:48)
sigtop: skipping attachment without path (conversation: "Marianne Dotzer", sent: 2025-09-25 07:12:10)
sigtop: skipping attachment without path (conversation: "Marianne Dotzer", sent: 2025-09-27 00:36:41)
sigtop: skipping attachment without path (conversation: "Marianne Dotzer", sent: 2025-09-28 04:55:26)
sigtop: skipping attachment without path (conversation: "Marianne Dotzer", sent: 2025-09-28 04:55:30)
sigtop: skipping attachment without path (conversation: "Marianne Dotzer", sent: 2025-09-28 05:30:40)
sigtop: skipping attachment without path (conversation: "Marianne Dotzer", sent: 2025-09-29 04:30:37)
sigtop: skipping attachment without path (conversation: "Marianne Dotzer", sent: 2025-10-01 19:38:15)
sigtop: skipping attachment without path (conversation: "Marianne Dotzer", sent: 2025-10-03 03:14:32)
sigtop: skipping attachment without path (conversation: "Marianne Dotzer", sent: 2025-10-03 03:14:32)
sigtop: skipping attachment without path (conversation: "Marianne Dotzer", sent: 2025-10-03 03:14:32)
sigtop: skipping attachment without path (conversation: "Marianne Dotzer", sent: 2025-10-03 03:14:32)
sigtop: skipping attachment without path (conversation: "Marianne Dotzer", sent: 2025-10-03 18:36:55)
sigtop: skipping attachment without path (conversation: "Marianne Dotzer", sent: 2025-10-05 22:51:08)
sigtop: skipping attachment without path (conversation: "Marianne Dotzer", sent: 2025-10-08 17:34:49)
sigtop: skipping attachment without path (conversation: "Marianne Dotzer", sent: 2025-10-08 18:14:36)
sigtop: skipping attachment without path (conversation: "Marianne Dotzer", sent: 2025-10-11 01:19:10)
sigtop: skipping attachment without path (conversation: "Marianne Dotzer", sent: 2025-10-11 05:52:46)
sigtop: skipping attachment without path (conversation: "Marianne Dotzer", sent: 2025-10-14 06:43:42)
sigtop: skipping attachment without path (conversation: "Marianne Dotzer", sent: 2025-10-14 22:35:01)
sigtop: skipping attachment without path (conversation: "Marianne Dotzer", sent: 2025-10-15 04:47:53)
sigtop: skipping attachment without path (conversation: "Marianne Dotzer", sent: 2025-10-16 03:22:08)
sigtop: skipping attachment without path (conversation: "Marianne Dotzer", sent: 2025-10-18 00:15:38)
sigtop: skipping attachment without path (conversation: "Marianne Dotzer", sent: 2025-10-18 17:16:34)
sigtop: skipping attachment without path (conversation: "Marianne Dotzer", sent: 2025-10-18 17:19:19)
sigtop: skipping attachment without path (conversation: "Marianne Dotzer", sent: 2025-10-18 19:28:00)
sigtop: skipping attachment without path (conversation: "Marianne Dotzer", sent: 2025-10-19 23:52:31)
sigtop: skipping attachment without path (conversation: "Marianne Dotzer", sent: 2025-10-21 02:10:49)
sigtop: skipping attachment without path (conversation: "Marianne Dotzer", sent: 2025-10-21 02:19:59)
sigtop: skipping attachment without path (conversation: "Marianne Dotzer", sent: 2025-10-21 03:32:02)
sigtop: skipping attachment without path (conversation: "Marianne Dotzer", sent: 2025-10-21 23:55:58)
sigtop: skipping attachment without path (conversation: "Marianne Dotzer", sent: 2025-10-22 04:56:54)
sigtop: skipping attachment without path (conversation: "Marianne Dotzer", sent: 2025-10-22 05:09:00)
sigtop: skipping attachment without path (conversation: "Marianne Dotzer", sent: 2025-10-22 22:37:06)
sigtop: skipping attachment without path (conversation: "Marianne Dotzer", sent: 2025-10-23 20:46:24)
sigtop: skipping attachment without path (conversation: "Marianne Dotzer", sent: 2025-10-23 22:46:42)
sigtop: skipping attachment without path (conversation: "Marianne Dotzer", sent: 2025-10-25 17:22:09)
sigtop: skipping attachment without path (conversation: "Marianne Dotzer", sent: 2025-10-25 17:32:56)
sigtop: skipping attachment without path (conversation: "Marianne Dotzer", sent: 2025-10-27 22:01:00)
sigtop: skipping attachment without path (conversation: "Marianne Dotzer", sent: 2025-10-28 18:04:06)
sigtop: skipping attachment without path (conversation: "Marianne Dotzer", sent: 2025-10-28 18:14:56)
sigtop: skipping attachment without path (conversation: "Marianne Dotzer", sent: 2025-10-29 21:58:09)
sigtop: skipping attachment without path (conversation: "Marianne Dotzer", sent: 2025-10-29 22:48:37)
sigtop: skipping attachment without path (conversation: "Marianne Dotzer", sent: 2025-10-29 23:22:26)
sigtop: skipping attachment without path (conversation: "Marianne Dotzer", sent: 2025-11-01 07:31:32)
sigtop: skipping attachment without path (conversation: "Marianne Dotzer", sent: 2025-11-02 20:06:48)
sigtop: skipping attachment without path (conversation: "Marianne Dotzer", sent: 2025-11-07 01:30:30)
sigtop: skipping attachment without path (conversation: "Marianne Dotzer", sent: 2025-11-09 03:27:26)
sigtop: skipping attachment without path (conversation: "Marianne Dotzer", sent: 2025-11-11 02:27:50)
sigtop: skipping attachment without path (conversation: "Marianne Dotzer", sent: 2025-11-11 02:29:00)
sigtop: skipping attachment without path (conversation: "Marianne Dotzer", sent: 2025-11-12 17:53:45)
sigtop: skipping attachment without path (conversation: "Marianne Dotzer", sent: 2025-11-12 17:53:45)
sigtop: skipping attachment without path (conversation: "Marianne Dotzer", sent: 2025-11-12 17:53:45)
sigtop: skipping attachment without path (conversation: "Marianne Dotzer", sent: 2025-11-14 21:01:03)
sigtop: skipping attachment without path (conversation: "Marianne Dotzer", sent: 2025-11-15 03:07:55)
sigtop: skipping attachment without path (conversation: "Marianne Dotzer", sent: 2025-11-15 03:07:55)
sigtop: skipping attachment without path (conversation: "Marianne Dotzer", sent: 2025-11-15 03:21:31)
sigtop: skipping attachment without path (conversation: "Marianne Dotzer", sent: 2025-11-17 21:42:05)
sigtop: skipping attachment without path (conversation: "Marianne Dotzer", sent: 2025-11-18 04:43:43)
sigtop: skipping attachment without path (conversation: "Marianne Dotzer", sent: 2025-11-20 18:52:23)
sigtop: skipping attachment without path (conversation: "Marianne Dotzer", sent: 2025-11-21 18:41:45)
sigtop: skipping attachment without path (conversation: "Marianne Dotzer", sent: 2025-11-21 18:41:45)
sigtop: skipping attachment without path (conversation: "Marianne Dotzer", sent: 2025-11-21 18:41:45)
sigtop: skipping attachment without path (conversation: "Marianne Dotzer", sent: 2025-11-25 06:43:39)
sigtop: skipping attachment without path (conversation: "Marianne Dotzer", sent: 2025-11-26 21:45:18)
sigtop: skipping attachment without path (conversation: "Marianne Dotzer", sent: 2025-11-26 21:46:20)
sigtop: skipping attachment without path (conversation: "Marianne Dotzer", sent: 2025-11-27 05:15:08)
sigtop: skipping attachment without path (conversation: "Marianne Dotzer", sent: 2025-11-29 18:15:20)
sigtop: skipping attachment without path (conversation: "Marianne Dotzer", sent: 2025-11-29 18:36:36)
sigtop: skipping attachment without path (conversation: "Marianne Dotzer", sent: 2025-11-29 18:52:52)
sigtop: skipping attachment without path (conversation: "Marianne Dotzer", sent: 2025-12-02 19:58:24)
sigtop: skipping attachment without path (conversation: "Marianne Dotzer", sent: 2025-12-02 23:41:27)
sigtop: skipping attachment without path (conversation: "Marianne Dotzer", sent: 2025-12-02 23:43:58)
sigtop: skipping attachment without path (conversation: "Marianne Dotzer", sent: 2025-12-05 23:01:16)
sigtop: skipping attachment without path (conversation: "Marianne Dotzer", sent: 2025-12-10 03:52:40)
sigtop: skipping attachment without path (conversation: "Marianne Dotzer", sent: 2025-12-10 05:58:14)
sigtop: skipping attachment without path (conversation: "Marianne Dotzer", sent: 2025-12-12 05:34:14)
sigtop: skipping attachment without path (conversation: "Marianne Dotzer", sent: 2025-12-12 22:51:52)
sigtop: skipping attachment without path (conversation: "Marianne Dotzer", sent: 2025-12-17 18:40:19)
sigtop: skipping attachment without path (conversation: "Marianne Dotzer", sent: 2025-12-17 18:54:53)
sigtop: skipping attachment without path (conversation: "Marianne Dotzer", sent: 2025-12-19 01:19:32)
sigtop: skipping attachment without path (conversation: "Marianne Dotzer", sent: 2025-12-19 01:19:32)
sigtop: skipping attachment without path (conversation: "Marianne Dotzer", sent: 2025-12-19 01:19:32)
sigtop: skipping attachment without path (conversation: "Marianne Dotzer", sent: 2025-12-22 21:01:09)
sigtop: skipping attachment without path (conversation: "Marianne Dotzer", sent: 2025-12-26 22:31:46)
sigtop: skipping attachment without path (conversation: "Marianne Dotzer", sent: 2025-12-26 22:31:46)
sigtop: skipping attachment without path (conversation: "Marianne Dotzer", sent: 2025-12-26 22:31:46)
sigtop: skipping attachment without path (conversation: "Marianne Dotzer", sent: 2025-12-26 22:31:46)
sigtop: skipping attachment without path (conversation: "Marianne Dotzer", sent: 2025-12-26 22:31:46)
sigtop: skipping attachment without path (conversation: "Marianne Dotzer", sent: 2025-12-26 22:31:46)
sigtop: skipping attachment without path (conversation: "Marianne Dotzer", sent: 2025-12-26 22:35:55)
sigtop: skipping attachment without path (conversation: "Marianne Dotzer", sent: 2025-12-28 18:15:26)
sigtop: skipping attachment without path (conversation: "Marianne Dotzer", sent: 2025-12-28 18:15:26)
sigtop: skipping attachment without path (conversation: "Marianne Dotzer", sent: 2025-12-28 18:15:26)
sigtop: skipping attachment without path (conversation: "Marianne Dotzer", sent: 2025-12-28 18:15:26)
sigtop: skipping attachment without path (conversation: "Marianne Dotzer", sent: 2025-12-28 18:47:20)
sigtop: skipping attachment without path (conversation: "Marianne Dotzer", sent: 2025-12-28 18:47:20)
sigtop: skipping attachment without path (conversation: "Marianne Dotzer", sent: 2025-12-29 18:07:30)
sigtop: skipping attachment without path (conversation: "Marianne Dotzer", sent: 2026-01-02 19:10:02)
sigtop: skipping attachment without path (conversation: "Marianne Dotzer", sent: 2026-01-05 08:18:30)
sigtop: skipping attachment without path (conversation: "Marianne Dotzer", sent: 2026-01-05 08:18:30)
sigtop: skipping attachment without path (conversation: "Marianne Dotzer", sent: 2026-01-07 20:05:25)
sigtop: skipping attachment without path (conversation: "Marianne Dotzer", sent: 2026-01-07 20:05:25)
sigtop: skipping attachment without path (conversation: "Marianne Dotzer", sent: 2026-01-07 20:05:25)
sigtop: skipping attachment without path (conversation: "Marianne Dotzer", sent: 2026-01-07 20:05:25)
sigtop: skipping attachment without path (conversation: "Marianne Dotzer", sent: 2026-01-07 20:05:25)
sigtop: skipping attachment without path (conversation: "Marianne Dotzer", sent: 2026-01-07 20:05:25)
sigtop: skipping attachment without path (conversation: "Marianne Dotzer", sent: 2026-01-07 20:05:25)
sigtop: skipping attachment without path (conversation: "Marianne Dotzer", sent: 2026-01-07 20:05:25)
sigtop: skipping attachment without path (conversation: "Marianne Dotzer", sent: 2026-01-07 20:05:25)
sigtop: skipping attachment without path (conversation: "Marianne Dotzer", sent: 2026-01-11 19:45:41)
sigtop: skipping attachment without path (conversation: "Marianne Dotzer", sent: 2026-01-14 18:21:56)
sigtop: skipping attachment without path (conversation: "Marianne Dotzer", sent: 2026-01-15 19:50:20)
sigtop: skipping attachment without path (conversation: "Marianne Dotzer", sent: 2026-01-15 19:50:20)
sigtop: skipping attachment without path (conversation: "Marianne Dotzer", sent: 2026-01-16 01:17:49)
sigtop: skipping attachment without path (conversation: "Marianne Dotzer", sent: 2026-01-19 00:37:40)
sigtop: skipping attachment without path (conversation: "Marianne Dotzer", sent: 2026-01-19 23:56:33)
sigtop: skipping attachment without path (conversation: "Marianne Dotzer", sent: 2026-01-20 23:51:00)
sigtop: skipping attachment without path (conversation: "Marianne Dotzer", sent: 2026-01-21 00:42:42)
sigtop: skipping attachment without path (conversation: "Marianne Dotzer", sent: 2026-01-21 00:44:25)
sigtop: skipping attachment without path (conversation: "Marianne Dotzer", sent: 2026-01-27 03:43:01)
sigtop: skipping attachment without path (conversation: "Marianne Dotzer", sent: 2026-01-28 15:03:28)
sigtop: skipping attachment without path (conversation: "Marianne Dotzer", sent: 2026-01-28 18:12:48)
sigtop: skipping attachment without path (conversation: "Marianne Dotzer", sent: 2026-01-28 18:25:27)
sigtop: skipping attachment without path (conversation: "Marianne Dotzer", sent: 2026-01-28 18:26:07)
sigtop: skipping attachment without path (conversation: "Marianne Dotzer", sent: 2026-02-06 18:51:57)
sigtop: skipping attachment without path (conversation: "Marianne Dotzer", sent: 2026-02-06 19:08:44)
sigtop: skipping attachment without path (conversation: "Marianne Dotzer", sent: 2026-02-06 19:30:52)
sigtop: skipping attachment without path (conversation: "Marianne Dotzer", sent: 2026-02-07 18:55:48)
sigtop: skipping attachment without path (conversation: "Marianne Dotzer", sent: 2026-02-07 19:07:00)
sigtop: skipping attachment without path (conversation: "Marianne Dotzer", sent: 2026-02-07 19:11:24)
sigtop: skipping attachment without path (conversation: "Marianne Dotzer", sent: 2026-02-10 18:53:29)
sigtop: skipping attachment without path (conversation: "Marianne Dotzer", sent: 2026-02-13 17:35:47)
sigtop: skipping attachment without path (conversation: "Marianne Dotzer", sent: 2026-02-17 03:30:11)
sigtop: skipping attachment without path (conversation: "Marianne Dotzer", sent: 2026-02-17 11:25:14)
sigtop: skipping attachment without path (conversation: "Marianne Dotzer", sent: 2026-02-17 13:02:18)
sigtop: skipping attachment without path (conversation: "Marianne Dotzer", sent: 2026-02-17 17:38:50)
sigtop: skipping attachment without path (conversation: "Marianne Dotzer", sent: 2026-02-17 19:12:43)
sigtop: skipping attachment without path (conversation: "Marianne Dotzer", sent: 2026-02-17 19:14:13)
sigtop: skipping attachment without path (conversation: "Marianne Dotzer", sent: 2026-02-17 19:18:49)
sigtop: skipping attachment without path (conversation: "Marianne Dotzer", sent: 2026-02-21 19:02:04)
sigtop: skipping attachment without path (conversation: "Marianne Dotzer", sent: 2026-02-23 20:03:54)
sigtop: skipping attachment without path (conversation: "Marianne Dotzer", sent: 2026-03-09 18:46:25)
sigtop: skipping attachment without path (conversation: "Marianne Dotzer", sent: 2026-03-11 00:33:17)
sigtop: skipping attachment without path (conversation: "Marianne Dotzer", sent: 2026-03-14 19:31:01)
sigtop: skipping attachment without path (conversation: "Marianne Dotzer", sent: 2026-03-20 20:21:58)
sigtop: skipping attachment without path (conversation: "Marianne Dotzer", sent: 2026-03-20 20:25:06)
sigtop: skipping attachment without path (conversation: "Marianne Dotzer", sent: 2026-03-20 21:05:20)
sigtop: skipping attachment without path (conversation: "Marianne Dotzer", sent: 2026-03-20 21:15:15)
sigtop: skipping attachment without path (conversation: "Marianne Dotzer", sent: 2026-03-21 03:28:44)
sigtop: skipping attachment without path (conversation: "Marianne Dotzer", sent: 2026-03-21 05:27:43)
sigtop: skipping attachment without path (conversation: "Marianne Dotzer", sent: 2026-03-26 22:22:59)
sigtop: skipping attachment without path (conversation: "Marianne Dotzer", sent: 2026-03-26 22:48:38)
sigtop: skipping attachment without path (conversation: "Marianne Dotzer", sent: 2026-03-26 23:02:23)
sigtop: skipping attachment without path (conversation: "Marianne Dotzer", sent: 2026-03-27 04:57:17)
sigtop: skipping attachment without path (conversation: "Marianne Dotzer", sent: 2026-03-27 19:28:25)
sigtop: skipping attachment without path (conversation: "Marianne Dotzer", sent: 2026-04-01 20:37:36)
sigtop: skipping attachment without path (conversation: "Marianne Dotzer", sent: 2026-04-01 20:41:08)
sigtop: skipping attachment without path (conversation: "Marianne Dotzer", sent: 2026-04-01 20:44:33)
sigtop: skipping attachment without path (conversation: "Marianne Dotzer", sent: 2026-04-01 23:25:05)
sigtop: skipping attachment without path (conversation: "Marianne Dotzer", sent: 2026-04-02 01:20:25)
sigtop: skipping attachment without path (conversation: "Marianne Dotzer", sent: 2026-04-03 00:48:14)
sigtop: skipping attachment without path (conversation: "Marianne Dotzer", sent: 2026-04-09 03:49:58)
sigtop: skipping attachment without path (conversation: "Marianne Dotzer", sent: 2026-04-14 16:49:36)
sigtop: skipping attachment without path (conversation: "Marianne Dotzer", sent: 2026-04-14 16:50:19)
sigtop: skipping attachment without path (conversation: "Marianne Dotzer", sent: 2026-04-14 16:56:35)
sigtop: skipping attachment without path (conversation: "Marianne Dotzer", sent: 2026-04-16 12:48:42)
sigtop: skipping attachment without path (conversation: "Marianne Dotzer", sent: 2026-04-16 15:31:02)
sigtop: skipping attachment without path (conversation: "Marianne Dotzer", sent: 2026-04-16 15:39:18)
sigtop: skipping attachment without path (conversation: "Marianne Dotzer", sent: 2026-04-19 02:34:40)
sigtop: skipping attachment without path (conversation: "Marianne Dotzer", sent: 2026-04-19 21:36:00)
sigtop: skipping attachment without path (conversation: "Marianne Dotzer", sent: 2026-04-21 16:31:10)
sigtop: skipping attachment without path (conversation: "Marianne Dotzer", sent: 2026-04-28 10:46:42)
sigtop: skipping attachment without path (conversation: "Marianne Dotzer", sent: 2026-04-28 10:46:54)
sigtop: skipping attachment without path (conversation: "Marianne Dotzer", sent: 2026-04-28 15:55:25)
sigtop: skipping attachment without path (conversation: "Marianne Dotzer", sent: 2026-04-28 15:56:37)
sigtop: skipping attachment without path (conversation: "Marianne Dotzer", sent: 2026-05-03 06:08:17)
sigtop: skipping attachment without path (conversation: "Lisa Dotzer", sent: 2025-11-26 00:29:23)
sigtop: skipping attachment without path (conversation: "Lisa Dotzer", sent: 2025-11-26 23:30:43)
sigtop: skipping attachment without path (conversation: "Lisa Dotzer", sent: 2025-11-27 00:08:30)
sigtop: skipping attachment without path (conversation: "Lisa Dotzer", sent: 2025-11-28 23:35:42)
sigtop: skipping attachment without path (conversation: "Lisa Dotzer", sent: 2025-12-10 06:29:28)
sigtop: skipping attachment without path (conversation: "Lisa Dotzer", sent: 2025-12-19 01:19:51)
sigtop: skipping attachment without path (conversation: "Lisa Dotzer", sent: 2025-12-19 01:19:51)
sigtop: skipping attachment without path (conversation: "Lisa Dotzer", sent: 2025-12-19 01:19:51)
sigtop: skipping attachment without path (conversation: "Lisa Dotzer", sent: 2026-01-07 20:05:25)
sigtop: skipping attachment without path (conversation: "Lisa Dotzer", sent: 2026-01-07 20:05:25)
sigtop: skipping attachment without path (conversation: "Lisa Dotzer", sent: 2026-01-07 20:05:25)
sigtop: skipping attachment without path (conversation: "Lisa Dotzer", sent: 2026-01-07 20:05:25)
sigtop: skipping attachment without path (conversation: "Lisa Dotzer", sent: 2026-01-07 20:05:25)
sigtop: skipping attachment without path (conversation: "Lisa Dotzer", sent: 2026-01-07 20:05:25)
sigtop: skipping attachment without path (conversation: "Lisa Dotzer", sent: 2026-01-07 20:05:25)
sigtop: skipping attachment without path (conversation: "Lisa Dotzer", sent: 2026-01-07 20:05:25)
sigtop: skipping attachment without path (conversation: "Lisa Dotzer", sent: 2026-01-07 20:05:25)
sigtop: skipping attachment without path (conversation: "Lisa Dotzer", sent: 2026-01-08 18:08:42)
sigtop: skipping attachment without path (conversation: "Lisa Dotzer", sent: 2026-01-08 18:17:09)
sigtop: skipping attachment without path (conversation: "Lisa Dotzer", sent: 2026-01-08 18:17:09)
sigtop: skipping attachment without path (conversation: "Lisa Dotzer", sent: 2026-01-15 07:51:30)
sigtop: skipping attachment without path (conversation: "Lisa Dotzer", sent: 2026-01-15 07:55:22)
sigtop: skipping attachment without path (conversation: "Lisa Dotzer", sent: 2026-01-15 12:16:20)
sigtop: skipping attachment without path (conversation: "Lisa Dotzer", sent: 2026-01-20 23:56:20)
sigtop: skipping attachment without path (conversation: "Lisa Dotzer", sent: 2026-01-20 23:56:20)
sigtop: skipping attachment without path (conversation: "Lisa Dotzer", sent: 2026-01-20 23:56:20)
sigtop: skipping attachment without path (conversation: "Lisa Dotzer", sent: 2026-02-17 18:09:58)
sigtop: skipping attachment without path (conversation: "Lisa Dotzer", sent: 2026-02-17 18:09:58)
sigtop: skipping attachment without path (conversation: "Lisa Dotzer", sent: 2026-02-17 18:09:58)
sigtop: skipping attachment without path (conversation: "Lisa Dotzer", sent: 2026-02-17 18:09:58)
sigtop: skipping attachment without path (conversation: "Lisa Dotzer", sent: 2026-02-17 18:09:58)
sigtop: skipping attachment without path (conversation: "Lisa Dotzer", sent: 2026-02-17 18:09:58)
sigtop: skipping attachment without path (conversation: "Lisa Dotzer", sent: 2026-02-17 20:38:34)
sigtop: skipping attachment without path (conversation: "Lisa Dotzer", sent: 2026-02-17 20:38:34)
sigtop: skipping attachment without path (conversation: "Lisa Dotzer", sent: 2026-02-17 20:38:34)
sigtop: skipping attachment without path (conversation: "Lisa Dotzer", sent: 2026-03-28 20:06:50)
sigtop: skipping attachment without path (conversation: "Lisa Dotzer", sent: 2026-03-28 20:06:50)
sigtop: skipping attachment without path (conversation: "Lisa Dotzer", sent: 2026-03-28 20:06:50)
sigtop: skipping attachment without path (conversation: "Lisa Dotzer", sent: 2026-03-28 20:06:50)
sigtop: skipping attachment without path (conversation: "Lisa Dotzer", sent: 2026-03-28 20:06:50)
sigtop: skipping attachment without path (conversation: "Lisa Dotzer", sent: 2026-03-28 20:06:50)
sigtop: skipping attachment without path (conversation: "Lisa Dotzer", sent: 2026-03-28 20:06:50)
sigtop: skipping attachment without path (conversation: "Lisa Dotzer", sent: 2026-03-28 20:06:50)
sigtop: skipping attachment without path (conversation: "Lisa Dotzer", sent: 2026-03-28 20:06:50)
sigtop: skipping attachment without path (conversation: "Lisa Dotzer", sent: 2026-03-28 20:06:50)
sigtop: skipping attachment without path (conversation: "Lisa Dotzer", sent: 2026-03-28 20:06:50)
sigtop: skipping attachment without path (conversation: "Lisa Dotzer", sent: 2026-04-16 18:27:48)
sigtop: skipping attachment without path (conversation: "Lisa Dotzer", sent: 2026-04-16 18:27:48)
sigtop: skipping attachment without path (conversation: "Lisa Dotzer", sent: 2026-04-16 18:27:48)
sigtop: skipping attachment without path (conversation: "Lisa Dotzer", sent: 2026-04-16 18:27:48)
sigtop: skipping attachment without path (conversation: "Lisa Dotzer", sent: 2026-04-16 18:27:48)
sigtop: skipping attachment without path (conversation: "Lisa Dotzer", sent: 2026-04-16 18:27:48)
sigtop: skipping attachment without path (conversation: "Lisa Dotzer", sent: 2026-04-16 18:27:48)
sigtop: skipping attachment without path (conversation: "Lisa Dotzer", sent: 2026-04-16 18:27:48)
sigtop: skipping attachment without path (conversation: "Lisa Dotzer", sent: 2026-04-16 18:27:48)
sigtop: skipping attachment without path (conversation: "Lisa Dotzer", sent: 2026-04-16 18:27:48)
sigtop: skipping attachment without path (conversation: "Lisa Dotzer", sent: 2026-04-16 18:27:48)
sigtop: skipping attachment without path (conversation: "Lisa Dotzer", sent: 2026-04-16 18:27:48)
sigtop: skipping attachment without path (conversation: "Lisa Dotzer", sent: 2026-04-16 18:27:48)
sigtop: skipping attachment without path (conversation: "Christine Distler", sent: 2026-02-08 03:46:36)
sigtop: skipping attachment without path (conversation: "Christine Distler", sent: 2026-02-10 19:14:52)
sigtop: skipping attachment without path (conversation: "Christine Distler", sent: 2026-02-10 19:15:15)
sigtop: skipping attachment without path (conversation: "Christine Distler", sent: 2026-02-10 19:22:07)
sigtop: skipping attachment without path (conversation: "Christine Distler", sent: 2026-02-10 19:23:03)
sigtop: skipping attachment without path (conversation: "Mia Leu", sent: 2025-10-29 03:02:38)
sigtop: skipping attachment without path (conversation: "Mia Leu", sent: 2025-10-30 16:55:35)
sigtop: skipping attachment without path (conversation: "Mia Leu", sent: 2025-10-30 16:57:26)
sigtop: skipping attachment without path (conversation: "Mia Leu", sent: 2025-10-30 18:27:10)
sigtop: skipping attachment without path (conversation: "Mia Leu", sent: 2025-10-31 09:09:12)
sigtop: skipping attachment without path (conversation: "Mia Leu", sent: 2025-11-03 17:44:49)
sigtop: skipping attachment without path (conversation: "Mia Leu", sent: 2025-11-04 09:36:20)
sigtop: skipping attachment without path (conversation: "Mia Leu", sent: 2025-11-12 15:03:11)
sigtop: skipping attachment without path (conversation: "Mia Leu", sent: 2025-11-16 07:17:47)
sigtop: skipping attachment without path (conversation: "Mia Leu", sent: 2025-11-20 21:37:32)
sigtop: skipping attachment without path (conversation: "Mia Leu", sent: 2025-11-24 14:00:14)
sigtop: skipping attachment without path (conversation: "Mia Leu", sent: 2025-11-25 03:00:35)
sigtop: skipping attachment without path (conversation: "Mia Leu", sent: 2025-11-25 03:56:16)
sigtop: skipping attachment without path (conversation: "Mia Leu", sent: 2025-11-30 08:17:16)
sigtop: skipping attachment without path (conversation: "Mia Leu", sent: 2025-11-30 09:15:13)
sigtop: skipping attachment without path (conversation: "Mia Leu", sent: 2025-12-01 18:35:48)
sigtop: skipping attachment without path (conversation: "Mia Leu", sent: 2025-12-09 19:44:31)
sigtop: skipping attachment without path (conversation: "Mia Leu", sent: 2025-12-10 04:54:43)
sigtop: skipping attachment without path (conversation: "Mia Leu", sent: 2025-12-13 03:50:39)
sigtop: skipping attachment without path (conversation: "Mia Leu", sent: 2025-12-13 03:54:29)
sigtop: skipping attachment without path (conversation: "Mia Leu", sent: 2025-12-13 03:58:37)
sigtop: skipping attachment without path (conversation: "Mia Leu", sent: 2026-03-12 11:02:12)
sigtop: skipping attachment without path (conversation: "Gabriel Horvat", sent: 2025-11-07 02:06:27)
sigtop: skipping attachment without path (conversation: "Gabriel Horvat", sent: 2025-11-07 02:06:27)
sigtop: skipping attachment without path (conversation: "Gabriel Horvat", sent: 2025-11-07 02:06:27)
sigtop: skipping attachment without path (conversation: "Gabriel Horvat", sent: 2025-11-07 02:06:27)
sigtop: skipping attachment without path (conversation: "Gabriel Horvat", sent: 2025-11-07 02:06:27)
sigtop: skipping attachment without path (conversation: "Gabriel Horvat", sent: 2025-11-07 02:06:27)
sigtop: skipping attachment without path (conversation: "Gabriel Horvat", sent: 2025-11-27 02:25:16)
sigtop: skipping attachment without path (conversation: "Gabriel Horvat", sent: 2025-12-01 02:47:57)
sigtop: skipping attachment without path (conversation: "Gabriel Horvat", sent: 2025-12-02 05:25:55)
sigtop: skipping attachment without path (conversation: "Gabriel Horvat", sent: 2025-12-17 01:47:01)
sigtop: skipping attachment without path (conversation: "Gabriel Horvat", sent: 2025-12-17 01:47:01)
sigtop: skipping attachment without path (conversation: "Gabriel Horvat", sent: 2025-12-17 01:47:01)
sigtop: skipping attachment without path (conversation: "Gabriel Horvat", sent: 2025-12-17 01:47:01)
sigtop: skipping attachment without path (conversation: "Gabriel Horvat", sent: 2025-12-17 01:47:01)
sigtop: skipping attachment without path (conversation: "Gabriel Horvat", sent: 2025-12-17 01:47:01)
sigtop: skipping attachment without path (conversation: "Gabriel Horvat", sent: 2025-12-17 01:47:01)
sigtop: skipping attachment without path (conversation: "Gabriel Horvat", sent: 2025-12-17 01:47:01)
sigtop: skipping attachment without path (conversation: "Gabriel Horvat", sent: 2025-12-17 01:47:01)
sigtop: skipping attachment without path (conversation: "Gabriel Horvat", sent: 2025-12-17 01:47:01)
sigtop: skipping attachment without path (conversation: "Gabriel Horvat", sent: 2025-12-17 01:47:01)
sigtop: skipping attachment without path (conversation: "Gabriel Horvat", sent: 2025-12-17 01:47:01)
sigtop: skipping attachment without path (conversation: "Gabriel Horvat", sent: 2025-12-17 01:47:01)
Signal: 16 convos
WhatsApp (Mac): 56 convos
Added Dulcesita (iPhone): 10992 msgs, 771 voice msgs
Added Simon Baumann (iPhone): 1119 msgs, 6 voice msgs

Written: /Users/rafaelhorvat/__code__/chat_backup/data/index.html
Conversations: 72
Total messages: 14294
Audio files (voice msgs): 854
Total media files: 1709

[2026-08-03 12:33:01] ChatBackupSync run
sigtop: skipping attachment without path (conversation: "Isabelle Leu", sent: 2025-12-09 22:54:07)
sigtop: skipping attachment without path (conversation: "Isabelle Leu", sent: 2025-12-09 22:54:07)
sigtop: skipping attachment without path (conversation: "Isabelle Leu", sent: 2025-12-09 22:54:07)
sigtop: skipping attachment without path (conversation: "Isabelle Leu", sent: 2025-12-09 22:54:07)
sigtop: skipping attachment without path (conversation: "Isabelle Leu", sent: 2025-12-09 22:55:13)
sigtop: skipping attachment without path (conversation: "Isabelle Leu", sent: 2025-12-09 22:55:13)
sigtop: skipping attachment without path (conversation: "Isabelle Leu", sent: 2025-12-09 22:55:13)
sigtop: skipping attachment without path (conversation: "Isabelle Leu", sent: 2025-12-09 22:55:13)
sigtop: skipping attachment without path (conversation: "Isabelle Leu", sent: 2025-12-09 22:55:13)
sigtop: skipping attachment without path (conversation: "Isabelle Leu", sent: 2025-12-09 22:58:22)
sigtop: skipping attachment without path (conversation: "Isabelle Leu", sent: 2025-12-09 23:03:36)
sigtop: skipping attachment without path (conversation: "Isabelle Leu", sent: 2025-12-19 02:28:17)
sigtop: skipping attachment without path (conversation: "Isabelle Leu", sent: 2026-02-07 18:57:25)
sigtop: skipping attachment without path (conversation: "Isabelle Leu", sent: 2026-02-07 19:02:58)
sigtop: skipping attachment without path (conversation: "Isabelle Leu", sent: 2026-02-07 22:58:52)
sigtop: skipping attachment without path (conversation: "Isabelle Leu", sent: 2026-02-07 23:07:46)
sigtop: skipping attachment without path (conversation: "Isabelle Leu", sent: 2026-02-12 20:42:19)
sigtop: skipping attachment without path (conversation: "Isabelle Leu", sent: 2026-02-13 01:21:24)
sigtop: skipping attachment without path (conversation: "Isabelle Leu", sent: 2026-04-15 09:21:35)
sigtop: skipping attachment without path (conversation: "Isabelle Leu", sent: 2026-04-15 17:37:46)
sigtop: skipping attachment without path (conversation: "Isabelle Leu", sent: 2026-04-15 17:39:23)
sigtop: skipping attachment without path (conversation: "Isabelle Leu", sent: 2026-04-15 17:43:43)
sigtop: skipping attachment without path (conversation: "Isabelle Leu", sent: 2026-04-15 17:43:43)
sigtop: skipping attachment without path (conversation: "Isabelle Leu", sent: 2026-04-15 17:43:43)
sigtop: skipping attachment without path (conversation: "Isabelle Leu", sent: 2026-04-15 17:44:09)
sigtop: skipping attachment without path (conversation: "Isabelle Leu", sent: 2026-04-15 17:44:09)
sigtop: skipping attachment without path (conversation: "Isabelle Leu", sent: 2026-04-15 17:44:09)
sigtop: skipping attachment without path (conversation: "Isabelle Leu", sent: 2026-04-15 17:44:09)
sigtop: skipping attachment without path (conversation: "Isabelle Leu", sent: 2026-04-15 17:44:09)
sigtop: skipping attachment without path (conversation: "Isabelle Leu", sent: 2026-04-15 17:44:09)
sigtop: skipping attachment without path (conversation: "Isabelle Leu", sent: 2026-04-15 17:44:09)
sigtop: skipping attachment without path (conversation: "Isabelle Leu", sent: 2026-04-15 17:44:09)
sigtop: skipping attachment without path (conversation: "Isabelle Leu", sent: 2026-04-15 17:44:09)
sigtop: skipping attachment without path (conversation: "Isabelle Leu", sent: 2026-04-15 17:48:29)
sigtop: skipping attachment without path (conversation: "Isabelle Leu", sent: 2026-04-15 17:48:29)
sigtop: skipping attachment without path (conversation: "Isabelle Leu", sent: 2026-04-15 17:48:29)
sigtop: skipping attachment without path (conversation: "Isabelle Leu", sent: 2026-04-15 17:48:29)
sigtop: skipping attachment without path (conversation: "Isabelle Leu", sent: 2026-04-15 17:48:29)
sigtop: skipping attachment without path (conversation: "Isabelle Leu", sent: 2026-04-15 17:48:29)
sigtop: skipping attachment without path (conversation: "Isabelle Leu", sent: 2026-04-15 17:48:29)
sigtop: skipping attachment without path (conversation: "Isabelle Leu", sent: 2026-04-15 17:48:29)
sigtop: skipping attachment without path (conversation: "Isabelle Leu", sent: 2026-04-15 18:00:11)
sigtop: skipping attachment without path (conversation: "Isabelle Leu", sent: 2026-04-15 18:09:34)
sigtop: skipping attachment without path (conversation: "Isabelle Leu", sent: 2026-04-16 12:54:57)
sigtop: skipping attachment without path (conversation: "Isabelle Leu", sent: 2026-04-16 16:30:20)
sigtop: skipping attachment without path (conversation: "Isabelle Leu", sent: 2026-04-16 16:33:02)
sigtop: skipping attachment without path (conversation: "Isabelle Leu", sent: 2026-04-16 16:47:56)
sigtop: skipping attachment without path (conversation: "Isabelle Leu", sent: 2026-04-29 21:55:43)
sigtop: skipping attachment without path (conversation: "Gabriel Horvat", sent: 2025-11-07 02:06:27)
sigtop: skipping attachment without path (conversation: "Gabriel Horvat", sent: 2025-11-07 02:06:27)
sigtop: skipping attachment without path (conversation: "Gabriel Horvat", sent: 2025-11-07 02:06:27)
sigtop: skipping attachment without path (conversation: "Gabriel Horvat", sent: 2025-11-07 02:06:27)
sigtop: skipping attachment without path (conversation: "Gabriel Horvat", sent: 2025-11-07 02:06:27)
sigtop: skipping attachment without path (conversation: "Gabriel Horvat", sent: 2025-11-07 02:06:27)
sigtop: skipping attachment without path (conversation: "Gabriel Horvat", sent: 2025-11-27 02:25:16)
sigtop: skipping attachment without path (conversation: "Gabriel Horvat", sent: 2025-12-01 02:47:57)
sigtop: skipping attachment without path (conversation: "Gabriel Horvat", sent: 2025-12-02 05:25:55)
sigtop: skipping attachment without path (conversation: "Gabriel Horvat", sent: 2025-12-17 01:47:01)
sigtop: skipping attachment without path (conversation: "Gabriel Horvat", sent: 2025-12-17 01:47:01)
sigtop: skipping attachment without path (conversation: "Gabriel Horvat", sent: 2025-12-17 01:47:01)
sigtop: skipping attachment without path (conversation: "Gabriel Horvat", sent: 2025-12-17 01:47:01)
sigtop: skipping attachment without path (conversation: "Gabriel Horvat", sent: 2025-12-17 01:47:01)
sigtop: skipping attachment without path (conversation: "Gabriel Horvat", sent: 2025-12-17 01:47:01)
sigtop: skipping attachment without path (conversation: "Gabriel Horvat", sent: 2025-12-17 01:47:01)
sigtop: skipping attachment without path (conversation: "Gabriel Horvat", sent: 2025-12-17 01:47:01)
sigtop: skipping attachment without path (conversation: "Gabriel Horvat", sent: 2025-12-17 01:47:01)
sigtop: skipping attachment without path (conversation: "Gabriel Horvat", sent: 2025-12-17 01:47:01)
sigtop: skipping attachment without path (conversation: "Gabriel Horvat", sent: 2025-12-17 01:47:01)
sigtop: skipping attachment without path (conversation: "Gabriel Horvat", sent: 2025-12-17 01:47:01)
sigtop: skipping attachment without path (conversation: "Gabriel Horvat", sent: 2025-12-17 01:47:01)
sigtop: skipping attachment without path (conversation: "Jan Biller", sent: 2025-10-02 17:59:53)
sigtop: skipping attachment without path (conversation: "Jan Biller", sent: 2025-10-07 00:19:41)
sigtop: skipping attachment without path (conversation: "Jan Biller", sent: 2025-10-08 20:29:28)
sigtop: skipping attachment without path (conversation: "Jan Biller", sent: 2025-10-14 18:43:44)
sigtop: skipping attachment without path (conversation: "Jan Biller", sent: 2025-10-15 19:25:22)
sigtop: skipping attachment without path (conversation: "Jan Biller", sent: 2026-04-13 16:22:06)
sigtop: skipping attachment without path (conversation: "Jan Biller", sent: 2026-05-06 01:39:38)
sigtop: skipping attachment without path (conversation: "Marianne Dotzer", sent: 2025-09-25 07:12:10)
sigtop: skipping attachment without path (conversation: "Marianne Dotzer", sent: 2025-09-27 00:36:41)
sigtop: skipping attachment without path (conversation: "Marianne Dotzer", sent: 2025-09-28 04:55:26)
sigtop: skipping attachment without path (conversation: "Marianne Dotzer", sent: 2025-09-28 04:55:30)
sigtop: skipping attachment without path (conversation: "Marianne Dotzer", sent: 2025-09-28 05:30:40)
sigtop: skipping attachment without path (conversation: "Marianne Dotzer", sent: 2025-09-29 04:30:37)
sigtop: skipping attachment without path (conversation: "Marianne Dotzer", sent: 2025-10-01 19:38:15)
sigtop: skipping attachment without path (conversation: "Marianne Dotzer", sent: 2025-10-03 03:14:32)
sigtop: skipping attachment without path (conversation: "Marianne Dotzer", sent: 2025-10-03 03:14:32)
sigtop: skipping attachment without path (conversation: "Marianne Dotzer", sent: 2025-10-03 03:14:32)
sigtop: skipping attachment without path (conversation: "Marianne Dotzer", sent: 2025-10-03 03:14:32)
sigtop: skipping attachment without path (conversation: "Marianne Dotzer", sent: 2025-10-03 18:36:55)
sigtop: skipping attachment without path (conversation: "Marianne Dotzer", sent: 2025-10-05 22:51:08)
sigtop: skipping attachment without path (conversation: "Marianne Dotzer", sent: 2025-10-08 17:34:49)
sigtop: skipping attachment without path (conversation: "Marianne Dotzer", sent: 2025-10-08 18:14:36)
sigtop: skipping attachment without path (conversation: "Marianne Dotzer", sent: 2025-10-11 01:19:10)
sigtop: skipping attachment without path (conversation: "Marianne Dotzer", sent: 2025-10-11 05:52:46)
sigtop: skipping attachment without path (conversation: "Marianne Dotzer", sent: 2025-10-14 06:43:42)
sigtop: skipping attachment without path (conversation: "Marianne Dotzer", sent: 2025-10-14 22:35:01)
sigtop: skipping attachment without path (conversation: "Marianne Dotzer", sent: 2025-10-15 04:47:53)
sigtop: skipping attachment without path (conversation: "Marianne Dotzer", sent: 2025-10-16 03:22:08)
sigtop: skipping attachment without path (conversation: "Marianne Dotzer", sent: 2025-10-18 00:15:38)
sigtop: skipping attachment without path (conversation: "Marianne Dotzer", sent: 2025-10-18 17:16:34)
sigtop: skipping attachment without path (conversation: "Marianne Dotzer", sent: 2025-10-18 17:19:19)
sigtop: skipping attachment without path (conversation: "Marianne Dotzer", sent: 2025-10-18 19:28:00)
sigtop: skipping attachment without path (conversation: "Marianne Dotzer", sent: 2025-10-19 23:52:31)
sigtop: skipping attachment without path (conversation: "Marianne Dotzer", sent: 2025-10-21 02:10:49)
sigtop: skipping attachment without path (conversation: "Marianne Dotzer", sent: 2025-10-21 02:19:59)
sigtop: skipping attachment without path (conversation: "Marianne Dotzer", sent: 2025-10-21 03:32:02)
sigtop: skipping attachment without path (conversation: "Marianne Dotzer", sent: 2025-10-21 23:55:58)
sigtop: skipping attachment without path (conversation: "Marianne Dotzer", sent: 2025-10-22 04:56:54)
sigtop: skipping attachment without path (conversation: "Marianne Dotzer", sent: 2025-10-22 05:09:00)
sigtop: skipping attachment without path (conversation: "Marianne Dotzer", sent: 2025-10-22 22:37:06)
sigtop: skipping attachment without path (conversation: "Marianne Dotzer", sent: 2025-10-23 20:46:24)
sigtop: skipping attachment without path (conversation: "Marianne Dotzer", sent: 2025-10-23 22:46:42)
sigtop: skipping attachment without path (conversation: "Marianne Dotzer", sent: 2025-10-25 17:22:09)
sigtop: skipping attachment without path (conversation: "Marianne Dotzer", sent: 2025-10-25 17:32:56)
sigtop: skipping attachment without path (conversation: "Marianne Dotzer", sent: 2025-10-27 22:01:00)
sigtop: skipping attachment without path (conversation: "Marianne Dotzer", sent: 2025-10-28 18:04:06)
sigtop: skipping attachment without path (conversation: "Marianne Dotzer", sent: 2025-10-28 18:14:56)
sigtop: skipping attachment without path (conversation: "Marianne Dotzer", sent: 2025-10-29 21:58:09)
sigtop: skipping attachment without path (conversation: "Marianne Dotzer", sent: 2025-10-29 22:48:37)
sigtop: skipping attachment without path (conversation: "Marianne Dotzer", sent: 2025-10-29 23:22:26)
sigtop: skipping attachment without path (conversation: "Marianne Dotzer", sent: 2025-11-01 07:31:32)
sigtop: skipping attachment without path (conversation: "Marianne Dotzer", sent: 2025-11-02 20:06:48)
sigtop: skipping attachment without path (conversation: "Marianne Dotzer", sent: 2025-11-07 01:30:30)
sigtop: skipping attachment without path (conversation: "Marianne Dotzer", sent: 2025-11-09 03:27:26)
sigtop: skipping attachment without path (conversation: "Marianne Dotzer", sent: 2025-11-11 02:27:50)
sigtop: skipping attachment without path (conversation: "Marianne Dotzer", sent: 2025-11-11 02:29:00)
sigtop: skipping attachment without path (conversation: "Marianne Dotzer", sent: 2025-11-12 17:53:45)
sigtop: skipping attachment without path (conversation: "Marianne Dotzer", sent: 2025-11-12 17:53:45)
sigtop: skipping attachment without path (conversation: "Marianne Dotzer", sent: 2025-11-12 17:53:45)
sigtop: skipping attachment without path (conversation: "Marianne Dotzer", sent: 2025-11-14 21:01:03)
sigtop: skipping attachment without path (conversation: "Marianne Dotzer", sent: 2025-11-15 03:07:55)
sigtop: skipping attachment without path (conversation: "Marianne Dotzer", sent: 2025-11-15 03:07:55)
sigtop: skipping attachment without path (conversation: "Marianne Dotzer", sent: 2025-11-15 03:21:31)
sigtop: skipping attachment without path (conversation: "Marianne Dotzer", sent: 2025-11-17 21:42:05)
sigtop: skipping attachment without path (conversation: "Marianne Dotzer", sent: 2025-11-18 04:43:43)
sigtop: skipping attachment without path (conversation: "Marianne Dotzer", sent: 2025-11-20 18:52:23)
sigtop: skipping attachment without path (conversation: "Marianne Dotzer", sent: 2025-11-21 18:41:45)
sigtop: skipping attachment without path (conversation: "Marianne Dotzer", sent: 2025-11-21 18:41:45)
sigtop: skipping attachment without path (conversation: "Marianne Dotzer", sent: 2025-11-21 18:41:45)
sigtop: skipping attachment without path (conversation: "Marianne Dotzer", sent: 2025-11-25 06:43:39)
sigtop: skipping attachment without path (conversation: "Marianne Dotzer", sent: 2025-11-26 21:45:18)
sigtop: skipping attachment without path (conversation: "Marianne Dotzer", sent: 2025-11-26 21:46:20)
sigtop: skipping attachment without path (conversation: "Marianne Dotzer", sent: 2025-11-27 05:15:08)
sigtop: skipping attachment without path (conversation: "Marianne Dotzer", sent: 2025-11-29 18:15:20)
sigtop: skipping attachment without path (conversation: "Marianne Dotzer", sent: 2025-11-29 18:36:36)
sigtop: skipping attachment without path (conversation: "Marianne Dotzer", sent: 2025-11-29 18:52:52)
sigtop: skipping attachment without path (conversation: "Marianne Dotzer", sent: 2025-12-02 19:58:24)
sigtop: skipping attachment without path (conversation: "Marianne Dotzer", sent: 2025-12-02 23:41:27)
sigtop: skipping attachment without path (conversation: "Marianne Dotzer", sent: 2025-12-02 23:43:58)
sigtop: skipping attachment without path (conversation: "Marianne Dotzer", sent: 2025-12-05 23:01:16)
sigtop: skipping attachment without path (conversation: "Marianne Dotzer", sent: 2025-12-10 03:52:40)
sigtop: skipping attachment without path (conversation: "Marianne Dotzer", sent: 2025-12-10 05:58:14)
sigtop: skipping attachment without path (conversation: "Marianne Dotzer", sent: 2025-12-12 05:34:14)
sigtop: skipping attachment without path (conversation: "Marianne Dotzer", sent: 2025-12-12 22:51:52)
sigtop: skipping attachment without path (conversation: "Marianne Dotzer", sent: 2025-12-17 18:40:19)
sigtop: skipping attachment without path (conversation: "Marianne Dotzer", sent: 2025-12-17 18:54:53)
sigtop: skipping attachment without path (conversation: "Marianne Dotzer", sent: 2025-12-19 01:19:32)
sigtop: skipping attachment without path (conversation: "Marianne Dotzer", sent: 2025-12-19 01:19:32)
sigtop: skipping attachment without path (conversation: "Marianne Dotzer", sent: 2025-12-19 01:19:32)
sigtop: skipping attachment without path (conversation: "Marianne Dotzer", sent: 2025-12-22 21:01:09)
sigtop: skipping attachment without path (conversation: "Marianne Dotzer", sent: 2025-12-26 22:31:46)
sigtop: skipping attachment without path (conversation: "Marianne Dotzer", sent: 2025-12-26 22:31:46)
sigtop: skipping attachment without path (conversation: "Marianne Dotzer", sent: 2025-12-26 22:31:46)
sigtop: skipping attachment without path (conversation: "Marianne Dotzer", sent: 2025-12-26 22:31:46)
sigtop: skipping attachment without path (conversation: "Marianne Dotzer", sent: 2025-12-26 22:31:46)
sigtop: skipping attachment without path (conversation: "Marianne Dotzer", sent: 2025-12-26 22:31:46)
sigtop: skipping attachment without path (conversation: "Marianne Dotzer", sent: 2025-12-26 22:35:55)
sigtop: skipping attachment without path (conversation: "Marianne Dotzer", sent: 2025-12-28 18:15:26)
sigtop: skipping attachment without path (conversation: "Marianne Dotzer", sent: 2025-12-28 18:15:26)
sigtop: skipping attachment without path (conversation: "Marianne Dotzer", sent: 2025-12-28 18:15:26)
sigtop: skipping attachment without path (conversation: "Marianne Dotzer", sent: 2025-12-28 18:15:26)
sigtop: skipping attachment without path (conversation: "Marianne Dotzer", sent: 2025-12-28 18:47:20)
sigtop: skipping attachment without path (conversation: "Marianne Dotzer", sent: 2025-12-28 18:47:20)
sigtop: skipping attachment without path (conversation: "Marianne Dotzer", sent: 2025-12-29 18:07:30)
sigtop: skipping attachment without path (conversation: "Marianne Dotzer", sent: 2026-01-02 19:10:02)
sigtop: skipping attachment without path (conversation: "Marianne Dotzer", sent: 2026-01-05 08:18:30)
sigtop: skipping attachment without path (conversation: "Marianne Dotzer", sent: 2026-01-05 08:18:30)
sigtop: skipping attachment without path (conversation: "Marianne Dotzer", sent: 2026-01-07 20:05:25)
sigtop: skipping attachment without path (conversation: "Marianne Dotzer", sent: 2026-01-07 20:05:25)
sigtop: skipping attachment without path (conversation: "Marianne Dotzer", sent: 2026-01-07 20:05:25)
sigtop: skipping attachment without path (conversation: "Marianne Dotzer", sent: 2026-01-07 20:05:25)
sigtop: skipping attachment without path (conversation: "Marianne Dotzer", sent: 2026-01-07 20:05:25)
sigtop: skipping attachment without path (conversation: "Marianne Dotzer", sent: 2026-01-07 20:05:25)
sigtop: skipping attachment without path (conversation: "Marianne Dotzer", sent: 2026-01-07 20:05:25)
sigtop: skipping attachment without path (conversation: "Marianne Dotzer", sent: 2026-01-07 20:05:25)
sigtop: skipping attachment without path (conversation: "Marianne Dotzer", sent: 2026-01-07 20:05:25)
sigtop: skipping attachment without path (conversation: "Marianne Dotzer", sent: 2026-01-11 19:45:41)
sigtop: skipping attachment without path (conversation: "Marianne Dotzer", sent: 2026-01-14 18:21:56)
sigtop: skipping attachment without path (conversation: "Marianne Dotzer", sent: 2026-01-15 19:50:20)
sigtop: skipping attachment without path (conversation: "Marianne Dotzer", sent: 2026-01-15 19:50:20)
sigtop: skipping attachment without path (conversation: "Marianne Dotzer", sent: 2026-01-16 01:17:49)
sigtop: skipping attachment without path (conversation: "Marianne Dotzer", sent: 2026-01-19 00:37:40)
sigtop: skipping attachment without path (conversation: "Marianne Dotzer", sent: 2026-01-19 23:56:33)
sigtop: skipping attachment without path (conversation: "Marianne Dotzer", sent: 2026-01-20 23:51:00)
sigtop: skipping attachment without path (conversation: "Marianne Dotzer", sent: 2026-01-21 00:42:42)
sigtop: skipping attachment without path (conversation: "Marianne Dotzer", sent: 2026-01-21 00:44:25)
sigtop: skipping attachment without path (conversation: "Marianne Dotzer", sent: 2026-01-27 03:43:01)
sigtop: skipping attachment without path (conversation: "Marianne Dotzer", sent: 2026-01-28 15:03:28)
sigtop: skipping attachment without path (conversation: "Marianne Dotzer", sent: 2026-01-28 18:12:48)
sigtop: skipping attachment without path (conversation: "Marianne Dotzer", sent: 2026-01-28 18:25:27)
sigtop: skipping attachment without path (conversation: "Marianne Dotzer", sent: 2026-01-28 18:26:07)
sigtop: skipping attachment without path (conversation: "Marianne Dotzer", sent: 2026-02-06 18:51:57)
sigtop: skipping attachment without path (conversation: "Marianne Dotzer", sent: 2026-02-06 19:08:44)
sigtop: skipping attachment without path (conversation: "Marianne Dotzer", sent: 2026-02-06 19:30:52)
sigtop: skipping attachment without path (conversation: "Marianne Dotzer", sent: 2026-02-07 18:55:48)
sigtop: skipping attachment without path (conversation: "Marianne Dotzer", sent: 2026-02-07 19:07:00)
sigtop: skipping attachment without path (conversation: "Marianne Dotzer", sent: 2026-02-07 19:11:24)
sigtop: skipping attachment without path (conversation: "Marianne Dotzer", sent: 2026-02-10 18:53:29)
sigtop: skipping attachment without path (conversation: "Marianne Dotzer", sent: 2026-02-13 17:35:47)
sigtop: skipping attachment without path (conversation: "Marianne Dotzer", sent: 2026-02-17 03:30:11)
sigtop: skipping attachment without path (conversation: "Marianne Dotzer", sent: 2026-02-17 11:25:14)
sigtop: skipping attachment without path (conversation: "Marianne Dotzer", sent: 2026-02-17 13:02:18)
sigtop: skipping attachment without path (conversation: "Marianne Dotzer", sent: 2026-02-17 17:38:50)
sigtop: skipping attachment without path (conversation: "Marianne Dotzer", sent: 2026-02-17 19:12:43)
sigtop: skipping attachment without path (conversation: "Marianne Dotzer", sent: 2026-02-17 19:14:13)
sigtop: skipping attachment without path (conversation: "Marianne Dotzer", sent: 2026-02-17 19:18:49)
sigtop: skipping attachment without path (conversation: "Marianne Dotzer", sent: 2026-02-21 19:02:04)
sigtop: skipping attachment without path (conversation: "Marianne Dotzer", sent: 2026-02-23 20:03:54)
sigtop: skipping attachment without path (conversation: "Marianne Dotzer", sent: 2026-03-09 18:46:25)
sigtop: skipping attachment without path (conversation: "Marianne Dotzer", sent: 2026-03-11 00:33:17)
sigtop: skipping attachment without path (conversation: "Marianne Dotzer", sent: 2026-03-14 19:31:01)
sigtop: skipping attachment without path (conversation: "Marianne Dotzer", sent: 2026-03-20 20:21:58)
sigtop: skipping attachment without path (conversation: "Marianne Dotzer", sent: 2026-03-20 20:25:06)
sigtop: skipping attachment without path (conversation: "Marianne Dotzer", sent: 2026-03-20 21:05:20)
sigtop: skipping attachment without path (conversation: "Marianne Dotzer", sent: 2026-03-20 21:15:15)
sigtop: skipping attachment without path (conversation: "Marianne Dotzer", sent: 2026-03-21 03:28:44)
sigtop: skipping attachment without path (conversation: "Marianne Dotzer", sent: 2026-03-21 05:27:43)
sigtop: skipping attachment without path (conversation: "Marianne Dotzer", sent: 2026-03-26 22:22:59)
sigtop: skipping attachment without path (conversation: "Marianne Dotzer", sent: 2026-03-26 22:48:38)
sigtop: skipping attachment without path (conversation: "Marianne Dotzer", sent: 2026-03-26 23:02:23)
sigtop: skipping attachment without path (conversation: "Marianne Dotzer", sent: 2026-03-27 04:57:17)
sigtop: skipping attachment without path (conversation: "Marianne Dotzer", sent: 2026-03-27 19:28:25)
sigtop: skipping attachment without path (conversation: "Marianne Dotzer", sent: 2026-04-01 20:37:36)
sigtop: skipping attachment without path (conversation: "Marianne Dotzer", sent: 2026-04-01 20:41:08)
sigtop: skipping attachment without path (conversation: "Marianne Dotzer", sent: 2026-04-01 20:44:33)
sigtop: skipping attachment without path (conversation: "Marianne Dotzer", sent: 2026-04-01 23:25:05)
sigtop: skipping attachment without path (conversation: "Marianne Dotzer", sent: 2026-04-02 01:20:25)
sigtop: skipping attachment without path (conversation: "Marianne Dotzer", sent: 2026-04-03 00:48:14)
sigtop: skipping attachment without path (conversation: "Marianne Dotzer", sent: 2026-04-09 03:49:58)
sigtop: skipping attachment without path (conversation: "Marianne Dotzer", sent: 2026-04-14 16:49:36)
sigtop: skipping attachment without path (conversation: "Marianne Dotzer", sent: 2026-04-14 16:50:19)
sigtop: skipping attachment without path (conversation: "Marianne Dotzer", sent: 2026-04-14 16:56:35)
sigtop: skipping attachment without path (conversation: "Marianne Dotzer", sent: 2026-04-16 12:48:42)
sigtop: skipping attachment without path (conversation: "Marianne Dotzer", sent: 2026-04-16 15:31:02)
sigtop: skipping attachment without path (conversation: "Marianne Dotzer", sent: 2026-04-16 15:39:18)
sigtop: skipping attachment without path (conversation: "Marianne Dotzer", sent: 2026-04-19 02:34:40)
sigtop: skipping attachment without path (conversation: "Marianne Dotzer", sent: 2026-04-19 21:36:00)
sigtop: skipping attachment without path (conversation: "Marianne Dotzer", sent: 2026-04-21 16:31:10)
sigtop: skipping attachment without path (conversation: "Marianne Dotzer", sent: 2026-04-28 10:46:42)
sigtop: skipping attachment without path (conversation: "Marianne Dotzer", sent: 2026-04-28 10:46:54)
sigtop: skipping attachment without path (conversation: "Marianne Dotzer", sent: 2026-04-28 15:55:25)
sigtop: skipping attachment without path (conversation: "Marianne Dotzer", sent: 2026-04-28 15:56:37)
sigtop: skipping attachment without path (conversation: "Marianne Dotzer", sent: 2026-05-03 06:08:17)
sigtop: skipping attachment without path (conversation: "Lina Leu", sent: 2025-10-06 21:58:43)
sigtop: skipping attachment without path (conversation: "Lina Leu", sent: 2025-10-29 02:54:44)
sigtop: skipping attachment without path (conversation: "Lina Leu", sent: 2025-10-29 03:41:04)
sigtop: skipping attachment without path (conversation: "Conrad Leu", sent: 2025-09-27 19:47:53)
sigtop: skipping attachment without path (conversation: "Conrad Leu", sent: 2025-09-28 01:55:08)
sigtop: skipping attachment without path (conversation: "Conrad Leu", sent: 2025-10-01 07:22:29)
sigtop: skipping attachment without path (conversation: "Conrad Leu", sent: 2025-11-26 17:26:56)
sigtop: skipping attachment without path (conversation: "Conrad Leu", sent: 2025-11-27 07:27:54)
sigtop: skipping attachment without path (conversation: "Textile Brand", sent: 2025-09-27 02:09:02)
sigtop: skipping attachment without path (conversation: "Textile Brand", sent: 2025-09-27 02:13:36)
sigtop: skipping attachment without path (conversation: "Textile Brand", sent: 2025-10-01 04:50:59)
sigtop: skipping attachment without path (conversation: "Sorellas e Freritos", sent: 2025-09-28 06:55:29)
sigtop: skipping attachment without path (conversation: "Sorellas e Freritos", sent: 2025-11-18 17:40:52)
sigtop: skipping attachment without path (conversation: "Sorellas e Freritos", sent: 2025-11-18 17:40:52)
sigtop: skipping attachment without path (conversation: "Sorellas e Freritos", sent: 2025-11-18 17:40:52)
sigtop: skipping attachment without path (conversation: "Sorellas e Freritos", sent: 2025-11-18 17:40:52)
sigtop: skipping attachment without path (conversation: "Sorellas e Freritos", sent: 2025-11-18 17:40:52)
sigtop: skipping attachment without path (conversation: "Sorellas e Freritos", sent: 2025-11-18 17:40:52)
sigtop: skipping attachment without path (conversation: "Sorellas e Freritos", sent: 2025-11-18 17:40:52)
sigtop: skipping attachment without path (conversation: "Sorellas e Freritos", sent: 2025-11-18 17:42:13)
sigtop: skipping attachment without path (conversation: "Sorellas e Freritos", sent: 2025-11-18 17:43:57)
sigtop: skipping attachment without path (conversation: "Sorellas e Freritos", sent: 2025-11-18 17:43:57)
sigtop: skipping attachment without path (conversation: "Sorellas e Freritos", sent: 2025-11-18 17:43:57)
sigtop: skipping attachment without path (conversation: "Sorellas e Freritos", sent: 2025-11-21 18:51:55)
sigtop: skipping attachment without path (conversation: "Sorellas e Freritos", sent: 2025-11-21 18:51:55)
sigtop: skipping attachment without path (conversation: "Sorellas e Freritos", sent: 2025-11-21 18:51:55)
sigtop: skipping attachment without path (conversation: "Sorellas e Freritos", sent: 2025-11-21 18:51:55)
sigtop: skipping attachment without path (conversation: "Sorellas e Freritos", sent: 2025-11-22 02:33:21)
sigtop: skipping attachment without path (conversation: "Sorellas e Freritos", sent: 2025-11-22 02:53:30)
sigtop: skipping attachment without path (conversation: "Sorellas e Freritos", sent: 2025-11-22 02:53:30)
sigtop: skipping attachment without path (conversation: "Sorellas e Freritos", sent: 2025-11-22 02:53:30)
sigtop: skipping attachment without path (conversation: "Sorellas e Freritos", sent: 2025-11-22 02:53:30)
sigtop: skipping attachment without path (conversation: "Sorellas e Freritos", sent: 2025-11-22 08:02:27)
sigtop: skipping attachment without path (conversation: "Sorellas e Freritos", sent: 2025-11-22 08:02:27)
sigtop: skipping attachment without path (conversation: "Sorellas e Freritos", sent: 2025-12-06 01:19:29)
sigtop: skipping attachment without path (conversation: "Sorellas e Freritos", sent: 2025-12-06 01:19:29)
sigtop: skipping attachment without path (conversation: "Sorellas e Freritos", sent: 2025-12-06 01:19:29)
sigtop: skipping attachment without path (conversation: "Sorellas e Freritos", sent: 2025-12-06 01:19:29)
sigtop: skipping attachment without path (conversation: "Sorellas e Freritos", sent: 2025-12-06 01:19:29)
sigtop: skipping attachment without path (conversation: "Sorellas e Freritos", sent: 2025-12-06 01:19:29)
sigtop: skipping attachment without path (conversation: "Sorellas e Freritos", sent: 2025-12-06 01:19:29)
sigtop: skipping attachment without path (conversation: "Sorellas e Freritos", sent: 2025-12-06 01:19:29)
sigtop: skipping attachment without path (conversation: "Sorellas e Freritos", sent: 2025-12-06 01:19:29)
sigtop: skipping attachment without path (conversation: "Sorellas e Freritos", sent: 2025-12-06 01:19:29)
sigtop: skipping attachment without path (conversation: "Sorellas e Freritos", sent: 2025-12-06 01:19:29)
sigtop: skipping attachment without path (conversation: "Sorellas e Freritos", sent: 2025-12-06 01:19:29)
sigtop: skipping attachment without path (conversation: "Sorellas e Freritos", sent: 2025-12-06 01:19:29)
sigtop: skipping attachment without path (conversation: "Sorellas e Freritos", sent: 2025-12-06 05:56:26)
sigtop: skipping attachment without path (conversation: "Sorellas e Freritos", sent: 2025-12-19 01:19:51)
sigtop: skipping attachment without path (conversation: "Sorellas e Freritos", sent: 2025-12-19 01:19:51)
sigtop: skipping attachment without path (conversation: "Sorellas e Freritos", sent: 2025-12-19 01:19:51)
sigtop: skipping attachment without path (conversation: "Sorellas e Freritos", sent: 2025-12-26 00:48:17)
sigtop: skipping attachment without path (conversation: "Sorellas e Freritos", sent: 2025-12-27 00:38:23)
sigtop: skipping attachment without path (conversation: "Sorellas e Freritos", sent: 2025-12-27 00:38:23)
sigtop: skipping attachment without path (conversation: "Sorellas e Freritos", sent: 2025-12-27 00:38:23)
sigtop: skipping attachment without path (conversation: "Sorellas e Freritos", sent: 2025-12-27 00:40:41)
sigtop: skipping attachment without path (conversation: "Sorellas e Freritos", sent: 2025-12-27 00:40:41)
sigtop: skipping attachment without path (conversation: "Sorellas e Freritos", sent: 2025-12-29 05:44:12)
sigtop: skipping attachment without path (conversation: "Sorellas e Freritos", sent: 2025-12-30 03:09:14)
sigtop: skipping attachment without path (conversation: "Sorellas e Freritos", sent: 2025-12-30 03:09:14)
sigtop: skipping attachment without path (conversation: "Sorellas e Freritos", sent: 2025-12-30 03:09:14)
sigtop: skipping attachment without path (conversation: "Sorellas e Freritos", sent: 2025-12-30 03:09:14)
sigtop: skipping attachment without path (conversation: "Sorellas e Freritos", sent: 2025-12-30 03:09:14)
sigtop: skipping attachment without path (conversation: "Sorellas e Freritos", sent: 2026-01-03 06:01:12)
sigtop: skipping attachment without path (conversation: "Sorellas e Freritos", sent: 2026-01-03 06:01:12)
sigtop: skipping attachment without path (conversation: "Sorellas e Freritos", sent: 2026-01-03 06:46:35)
sigtop: skipping attachment without path (conversation: "Sorellas e Freritos", sent: 2026-01-03 10:36:15)
sigtop: skipping attachment without path (conversation: "Sorellas e Freritos", sent: 2026-01-03 10:36:15)
sigtop: skipping attachment without path (conversation: "Sorellas e Freritos", sent: 2026-01-03 10:36:15)
sigtop: skipping attachment without path (conversation: "Sorellas e Freritos", sent: 2026-01-04 11:49:19)
sigtop: skipping attachment without path (conversation: "Sorellas e Freritos", sent: 2026-01-04 11:52:29)
sigtop: skipping attachment without path (conversation: "Sorellas e Freritos", sent: 2026-01-07 20:04:17)
sigtop: skipping attachment without path (conversation: "Sorellas e Freritos", sent: 2026-01-07 20:04:17)
sigtop: skipping attachment without path (conversation: "Sorellas e Freritos", sent: 2026-01-07 20:04:17)
sigtop: skipping attachment without path (conversation: "Sorellas e Freritos", sent: 2026-01-07 20:04:17)
sigtop: skipping attachment without path (conversation: "Sorellas e Freritos", sent: 2026-01-07 20:04:17)
sigtop: skipping attachment without path (conversation: "Sorellas e Freritos", sent: 2026-01-07 20:04:17)
sigtop: skipping attachment without path (conversation: "Sorellas e Freritos", sent: 2026-01-07 20:04:17)
sigtop: skipping attachment without path (conversation: "Sorellas e Freritos", sent: 2026-01-07 20:04:17)
sigtop: skipping attachment without path (conversation: "Sorellas e Freritos", sent: 2026-01-07 20:04:17)
sigtop: skipping attachment without path (conversation: "Sorellas e Freritos", sent: 2026-01-07 20:17:54)
sigtop: skipping attachment without path (conversation: "Sorellas e Freritos", sent: 2026-01-11 03:14:01)
sigtop: skipping attachment without path (conversation: "Sorellas e Freritos", sent: 2026-01-11 03:14:01)
sigtop: skipping attachment without path (conversation: "Sorellas e Freritos", sent: 2026-01-11 03:14:01)
sigtop: skipping attachment without path (conversation: "Sorellas e Freritos", sent: 2026-01-11 03:14:01)
sigtop: skipping attachment without path (conversation: "Sorellas e Freritos", sent: 2026-01-11 03:14:01)
sigtop: skipping attachment without path (conversation: "Sorellas e Freritos", sent: 2026-01-11 03:14:01)
sigtop: skipping attachment without path (conversation: "Sorellas e Freritos", sent: 2026-01-11 04:28:47)
sigtop: skipping attachment without path (conversation: "Sorellas e Freritos", sent: 2026-01-11 04:28:47)
sigtop: skipping attachment without path (conversation: "Sorellas e Freritos", sent: 2026-01-11 04:28:47)
sigtop: skipping attachment without path (conversation: "Sorellas e Freritos", sent: 2026-01-11 04:28:47)
sigtop: skipping attachment without path (conversation: "Sorellas e Freritos", sent: 2026-01-11 04:28:47)
sigtop: skipping attachment without path (conversation: "Sorellas e Freritos", sent: 2026-01-11 04:28:47)
sigtop: skipping attachment without path (conversation: "Sorellas e Freritos", sent: 2026-01-11 04:28:47)
sigtop: skipping attachment without path (conversation: "Sorellas e Freritos", sent: 2026-01-16 03:37:12)
sigtop: skipping attachment without path (conversation: "Sorellas e Freritos", sent: 2026-01-16 03:38:11)
sigtop: skipping attachment without path (conversation: "Sorellas e Freritos", sent: 2026-01-17 20:13:12)
sigtop: skipping attachment without path (conversation: "Sorellas e Freritos", sent: 2026-01-20 23:59:48)
sigtop: skipping attachment without path (conversation: "Sorellas e Freritos", sent: 2026-01-20 23:59:48)
sigtop: skipping attachment without path (conversation: "Sorellas e Freritos", sent: 2026-01-20 23:59:48)
sigtop: skipping attachment without path (conversation: "Sorellas e Freritos", sent: 2026-01-29 22:37:35)
sigtop: skipping attachment without path (conversation: "Sorellas e Freritos", sent: 2026-02-03 19:41:35)
sigtop: skipping attachment without path (conversation: "Sorellas e Freritos", sent: 2026-02-03 19:41:35)
sigtop: skipping attachment without path (conversation: "Sorellas e Freritos", sent: 2026-02-03 19:41:35)
sigtop: skipping attachment without path (conversation: "Sorellas e Freritos", sent: 2026-02-03 19:41:35)
sigtop: skipping attachment without path (conversation: "Sorellas e Freritos", sent: 2026-02-03 19:41:35)
sigtop: skipping attachment without path (conversation: "Sorellas e Freritos", sent: 2026-02-03 19:41:35)
sigtop: skipping attachment without path (conversation: "Sorellas e Freritos", sent: 2026-02-03 19:41:35)
sigtop: skipping attachment without path (conversation: "Sorellas e Freritos", sent: 2026-02-24 07:30:10)
sigtop: skipping attachment without path (conversation: "Sorellas e Freritos", sent: 2026-02-24 07:30:10)
sigtop: skipping attachment without path (conversation: "Sorellas e Freritos", sent: 2026-02-24 07:30:10)
sigtop: skipping attachment without path (conversation: "Sorellas e Freritos", sent: 2026-02-24 07:30:10)
sigtop: skipping attachment without path (conversation: "Sorellas e Freritos", sent: 2026-02-24 07:30:10)
sigtop: skipping attachment without path (conversation: "Sorellas e Freritos", sent: 2026-02-24 07:30:10)
sigtop: skipping attachment without path (conversation: "Sorellas e Freritos", sent: 2026-02-24 08:31:11)
sigtop: skipping attachment without path (conversation: "Sorellas e Freritos", sent: 2026-02-24 08:31:11)
sigtop: skipping attachment without path (conversation: "Sorellas e Freritos", sent: 2026-02-24 08:31:55)
sigtop: skipping attachment without path (conversation: "Sorellas e Freritos", sent: 2026-02-24 08:31:55)
sigtop: skipping attachment without path (conversation: "Sorellas e Freritos", sent: 2026-02-24 08:31:55)
sigtop: skipping attachment without path (conversation: "Sorellas e Freritos", sent: 2026-02-24 08:31:55)
sigtop: skipping attachment without path (conversation: "Sorellas e Freritos", sent: 2026-02-24 08:31:55)
sigtop: skipping attachment without path (conversation: "Sorellas e Freritos", sent: 2026-02-24 08:31:55)
sigtop: skipping attachment without path (conversation: "Sorellas e Freritos", sent: 2026-02-24 08:31:55)
sigtop: skipping attachment without path (conversation: "Sorellas e Freritos", sent: 2026-02-24 08:31:55)
sigtop: skipping attachment without path (conversation: "Sorellas e Freritos", sent: 2026-02-24 08:31:55)
sigtop: skipping attachment without path (conversation: "Sorellas e Freritos", sent: 2026-02-27 13:43:20)
sigtop: skipping attachment without path (conversation: "Sorellas e Freritos", sent: 2026-03-28 20:03:53)
sigtop: skipping attachment without path (conversation: "Sorellas e Freritos", sent: 2026-03-28 20:03:53)
sigtop: skipping attachment without path (conversation: "Sorellas e Freritos", sent: 2026-03-28 20:03:53)
sigtop: skipping attachment without path (conversation: "Sorellas e Freritos", sent: 2026-03-28 20:03:53)
sigtop: skipping attachment without path (conversation: "Sorellas e Freritos", sent: 2026-03-28 20:03:53)
sigtop: skipping attachment without path (conversation: "Sorellas e Freritos", sent: 2026-03-28 20:03:53)
sigtop: skipping attachment without path (conversation: "Sorellas e Freritos", sent: 2026-03-28 20:03:53)
sigtop: skipping attachment without path (conversation: "Sorellas e Freritos", sent: 2026-03-28 20:03:53)
sigtop: skipping attachment without path (conversation: "Sorellas e Freritos", sent: 2026-03-28 20:03:53)
sigtop: skipping attachment without path (conversation: "Sorellas e Freritos", sent: 2026-03-28 20:03:53)
sigtop: skipping attachment without path (conversation: "Sorellas e Freritos", sent: 2026-03-28 20:03:53)
sigtop: skipping attachment without path (conversation: "Sorellas e Freritos", sent: 2026-03-28 20:05:27)
sigtop: skipping attachment without path (conversation: "Sorellas e Freritos", sent: 2026-03-29 20:02:24)
sigtop: skipping attachment without path (conversation: "Sorellas e Freritos", sent: 2026-04-01 05:24:53)
sigtop: skipping attachment without path (conversation: "Sorellas e Freritos", sent: 2026-04-04 07:00:52)
sigtop: skipping attachment without path (conversation: "Sorellas e Freritos", sent: 2026-04-04 07:01:00)
sigtop: skipping attachment without path (conversation: "Sorellas e Freritos", sent: 2026-04-04 07:04:15)
sigtop: skipping attachment without path (conversation: "Sorellas e Freritos", sent: 2026-04-04 07:04:15)
sigtop: skipping attachment without path (conversation: "Sorellas e Freritos", sent: 2026-04-04 17:29:40)
sigtop: skipping attachment without path (conversation: "Sorellas e Freritos", sent: 2026-04-04 17:29:40)
sigtop: skipping attachment without path (conversation: "Sorellas e Freritos", sent: 2026-04-04 17:29:40)
sigtop: skipping attachment without path (conversation: "Sorellas e Freritos", sent: 2026-04-04 17:29:40)
sigtop: skipping attachment without path (conversation: "Sorellas e Freritos", sent: 2026-04-04 17:29:40)
sigtop: skipping attachment without path (conversation: "Sorellas e Freritos", sent: 2026-04-04 17:29:40)
sigtop: skipping attachment without path (conversation: "Sorellas e Freritos", sent: 2026-04-04 18:42:30)
sigtop: skipping attachment without path (conversation: "Sorellas e Freritos", sent: 2026-04-10 19:12:23)
sigtop: skipping attachment without path (conversation: "Sorellas e Freritos", sent: 2026-04-10 19:12:23)
sigtop: skipping attachment without path (conversation: "Sorellas e Freritos", sent: 2026-04-10 19:12:23)
sigtop: skipping attachment without path (conversation: "Sorellas e Freritos", sent: 2026-04-10 19:12:23)
sigtop: skipping attachment without path (conversation: "Sorellas e Freritos", sent: 2026-04-10 20:56:55)
sigtop: skipping attachment without path (conversation: "Sorellas e Freritos", sent: 2026-04-10 20:58:42)
sigtop: skipping attachment without path (conversation: "Sorellas e Freritos", sent: 2026-04-18 02:53:49)
sigtop: skipping attachment without path (conversation: "Sorellas e Freritos", sent: 2026-04-18 02:58:42)
sigtop: skipping attachment without path (conversation: "Sorellas e Freritos", sent: 2026-04-18 03:09:10)
sigtop: skipping attachment without path (conversation: "Sorellas e Freritos", sent: 2026-04-18 05:47:00)
sigtop: skipping attachment without path (conversation: "Sorellas e Freritos", sent: 2026-04-18 05:58:09)
sigtop: skipping attachment without path (conversation: "Sorellas e Freritos", sent: 2026-04-18 06:43:14)
sigtop: skipping attachment without path (conversation: "Sorellas e Freritos", sent: 2026-04-25 19:14:27)
sigtop: skipping attachment without path (conversation: "Sorellas e Freritos", sent: 2026-04-25 19:14:27)
sigtop: skipping attachment without path (conversation: "Sorellas e Freritos", sent: 2026-04-30 17:06:53)
sigtop: skipping attachment without path (conversation: "Sorellas e Freritos", sent: 2026-05-03 17:01:34)
sigtop: skipping attachment without path (conversation: "Rudi Dotzer", sent: 2025-10-10 18:14:00)
sigtop: skipping attachment without path (conversation: "Rudi Dotzer", sent: 2025-10-10 18:14:00)
sigtop: skipping attachment without path (conversation: "Rudi Dotzer", sent: 2025-12-25 03:38:54)
sigtop: skipping attachment without path (conversation: "Rudi Dotzer", sent: 2025-12-25 03:38:54)
sigtop: skipping attachment without path (conversation: "Photos voyages", sent: 2026-03-19 06:47:39)
sigtop: skipping attachment without path (conversation: "Photos voyages", sent: 2026-03-19 06:47:39)
sigtop: skipping attachment without path (conversation: "Photos voyages", sent: 2026-03-19 06:47:39)
sigtop: skipping attachment without path (conversation: "Photos voyages", sent: 2026-03-19 06:47:39)
sigtop: skipping attachment without path (conversation: "Photos voyages", sent: 2026-03-19 06:47:39)
sigtop: skipping attachment without path (conversation: "Photos voyages", sent: 2026-03-19 06:47:39)
sigtop: skipping attachment without path (conversation: "Photos voyages", sent: 2026-03-19 06:47:39)
sigtop: skipping attachment without path (conversation: "Photos voyages", sent: 2026-03-19 06:47:39)
sigtop: skipping attachment without path (conversation: "Photos voyages", sent: 2026-03-19 06:47:39)
sigtop: skipping attachment without path (conversation: "Photos voyages", sent: 2026-03-19 06:47:39)
sigtop: skipping attachment without path (conversation: "Photos voyages", sent: 2026-03-19 06:47:39)
sigtop: skipping attachment without path (conversation: "Photos voyages", sent: 2026-03-19 06:47:39)
sigtop: skipping attachment without path (conversation: "Photos voyages", sent: 2026-03-19 06:47:39)
sigtop: skipping attachment without path (conversation: "Photos voyages", sent: 2026-03-19 06:47:39)
sigtop: skipping attachment without path (conversation: "Photos voyages", sent: 2026-03-19 06:47:39)
sigtop: skipping attachment without path (conversation: "Photos voyages", sent: 2026-03-19 06:47:39)
sigtop: skipping attachment without path (conversation: "Photos voyages", sent: 2026-03-19 06:47:39)
sigtop: skipping attachment without path (conversation: "Photos voyages", sent: 2026-03-19 06:47:39)
sigtop: skipping attachment without path (conversation: "Photos voyages", sent: 2026-03-21 20:19:52)
sigtop: skipping attachment without path (conversation: "Photos voyages", sent: 2026-03-21 20:19:52)
sigtop: skipping attachment without path (conversation: "Photos voyages", sent: 2026-03-21 20:19:52)
sigtop: skipping attachment without path (conversation: "Photos voyages", sent: 2026-03-21 20:21:00)
sigtop: skipping attachment without path (conversation: "Photos voyages", sent: 2026-03-21 20:21:00)
sigtop: skipping attachment without path (conversation: "Photos voyages", sent: 2026-04-03 03:30:30)
sigtop: skipping attachment without path (conversation: "Photos voyages", sent: 2026-04-03 03:30:37)
sigtop: skipping attachment without path (conversation: "Photos voyages", sent: 2026-04-03 03:30:45)
sigtop: skipping attachment without path (conversation: "Photos voyages", sent: 2026-04-03 03:31:19)
sigtop: skipping attachment without path (conversation: "Photos voyages", sent: 2026-04-03 03:31:58)
sigtop: skipping attachment without path (conversation: "Photos voyages", sent: 2026-04-03 03:32:14)
sigtop: skipping attachment without path (conversation: "Photos voyages", sent: 2026-04-03 03:32:52)
sigtop: skipping attachment without path (conversation: "Photos voyages", sent: 2026-04-03 20:14:17)
sigtop: skipping attachment without path (conversation: "Photos voyages", sent: 2026-04-03 20:14:17)
sigtop: skipping attachment without path (conversation: "Photos voyages", sent: 2026-04-03 20:14:17)
sigtop: skipping attachment without path (conversation: "Photos voyages", sent: 2026-04-03 20:14:17)
sigtop: skipping attachment without path (conversation: "Photos voyages", sent: 2026-04-03 20:16:53)
sigtop: skipping attachment without path (conversation: "Photos voyages", sent: 2026-04-03 20:17:22)
sigtop: skipping attachment without path (conversation: "Photos voyages", sent: 2026-04-04 05:27:52)
sigtop: skipping attachment without path (conversation: "Photos voyages", sent: 2026-04-04 05:28:06)
sigtop: skipping attachment without path (conversation: "Photos voyages", sent: 2026-04-04 05:30:03)
sigtop: skipping attachment without path (conversation: "Photos voyages", sent: 2026-04-04 05:32:26)
sigtop: skipping attachment without path (conversation: "Photos voyages", sent: 2026-04-14 05:13:21)
sigtop: skipping attachment without path (conversation: "Photos voyages", sent: 2026-04-14 05:13:21)
sigtop: skipping attachment without path (conversation: "Photos voyages", sent: 2026-04-14 05:13:21)
sigtop: skipping attachment without path (conversation: "Photos voyages", sent: 2026-04-14 05:13:21)
sigtop: skipping attachment without path (conversation: "Photos voyages", sent: 2026-04-14 05:13:21)
sigtop: skipping attachment without path (conversation: "Photos voyages", sent: 2026-04-14 05:13:21)
sigtop: skipping attachment without path (conversation: "Photos voyages", sent: 2026-04-14 05:13:21)
sigtop: skipping attachment without path (conversation: "Photos voyages", sent: 2026-04-14 05:13:21)
sigtop: skipping attachment without path (conversation: "Photos voyages", sent: 2026-04-14 05:13:21)
sigtop: skipping attachment without path (conversation: "Photos voyages", sent: 2026-04-14 05:13:21)
sigtop: skipping attachment without path (conversation: "Photos voyages", sent: 2026-04-14 05:13:21)
sigtop: skipping attachment without path (conversation: "Photos voyages", sent: 2026-04-14 05:13:21)
sigtop: skipping attachment without path (conversation: "Photos voyages", sent: 2026-04-14 05:13:21)
sigtop: skipping attachment without path (conversation: "Photos voyages", sent: 2026-04-14 05:13:21)
sigtop: skipping attachment without path (conversation: "Photos voyages", sent: 2026-04-14 05:13:21)
sigtop: skipping attachment without path (conversation: "Photos voyages", sent: 2026-04-14 05:13:21)
sigtop: skipping attachment without path (conversation: "Photos voyages", sent: 2026-04-23 21:32:01)
sigtop: skipping attachment without path (conversation: "Photos voyages", sent: 2026-04-23 21:33:34)
sigtop: skipping attachment without path (conversation: "Photos voyages", sent: 2026-04-23 21:33:34)
sigtop: skipping attachment without path (conversation: "Photos voyages", sent: 2026-04-23 21:33:34)
sigtop: skipping attachment without path (conversation: "Photos voyages", sent: 2026-04-23 21:33:34)
sigtop: skipping attachment without path (conversation: "Photos voyages", sent: 2026-04-23 21:33:34)
sigtop: skipping attachment without path (conversation: "Photos voyages", sent: 2026-04-23 21:33:34)
sigtop: skipping attachment without path (conversation: "Photos voyages", sent: 2026-04-23 21:33:34)
sigtop: skipping attachment without path (conversation: "Photos voyages", sent: 2026-04-23 21:33:34)
sigtop: skipping attachment without path (conversation: "Photos voyages", sent: 2026-04-23 21:33:34)
sigtop: skipping attachment without path (conversation: "Photos voyages", sent: 2026-04-23 21:33:34)
sigtop: skipping attachment without path (conversation: "Photos voyages", sent: 2026-04-23 21:33:34)
sigtop: skipping attachment without path (conversation: "Photos voyages", sent: 2026-04-23 21:33:34)
sigtop: skipping attachment without path (conversation: "Photos voyages", sent: 2026-04-23 21:33:34)
sigtop: skipping attachment without path (conversation: "Photos voyages", sent: 2026-04-23 21:33:34)
sigtop: skipping attachment without path (conversation: "Photos voyages", sent: 2026-04-23 21:33:34)
sigtop: skipping attachment without path (conversation: "Photos voyages", sent: 2026-04-23 21:34:44)
sigtop: skipping attachment without path (conversation: "Photos voyages", sent: 2026-04-23 21:34:44)
sigtop: skipping attachment without path (conversation: "Photos voyages", sent: 2026-04-23 21:34:44)
sigtop: skipping attachment without path (conversation: "Photos voyages", sent: 2026-04-25 21:58:51)
sigtop: skipping attachment without path (conversation: "Photos voyages", sent: 2026-04-25 21:58:51)
sigtop: skipping attachment without path (conversation: "Photos voyages", sent: 2026-05-04 00:54:03)
sigtop: skipping attachment without path (conversation: "Photos voyages", sent: 2026-05-04 00:55:08)
sigtop: skipping attachment without path (conversation: "Photos voyages", sent: 2026-05-04 00:55:56)
sigtop: skipping attachment without path (conversation: "Photos voyages", sent: 2026-05-04 00:56:50)
sigtop: skipping attachment without path (conversation: "Photos voyages", sent: 2026-05-04 00:57:40)
sigtop: skipping attachment without path (conversation: "Photos voyages", sent: 2026-05-04 00:58:28)
sigtop: skipping attachment without path (conversation: "Photos voyages", sent: 2026-05-04 00:59:10)
sigtop: skipping attachment without path (conversation: "Photos voyages", sent: 2026-05-30 23:13:48)
sigtop: skipping attachment without path (conversation: "Lisa Dotzer", sent: 2025-11-26 00:29:23)
sigtop: skipping attachment without path (conversation: "Lisa Dotzer", sent: 2025-11-26 23:30:43)
sigtop: skipping attachment without path (conversation: "Lisa Dotzer", sent: 2025-11-27 00:08:30)
sigtop: skipping attachment without path (conversation: "Lisa Dotzer", sent: 2025-11-28 23:35:42)
sigtop: skipping attachment without path (conversation: "Lisa Dotzer", sent: 2025-12-10 06:29:28)
sigtop: skipping attachment without path (conversation: "Lisa Dotzer", sent: 2025-12-19 01:19:51)
sigtop: skipping attachment without path (conversation: "Lisa Dotzer", sent: 2025-12-19 01:19:51)
sigtop: skipping attachment without path (conversation: "Lisa Dotzer", sent: 2025-12-19 01:19:51)
sigtop: skipping attachment without path (conversation: "Lisa Dotzer", sent: 2026-01-07 20:05:25)
sigtop: skipping attachment without path (conversation: "Lisa Dotzer", sent: 2026-01-07 20:05:25)
sigtop: skipping attachment without path (conversation: "Lisa Dotzer", sent: 2026-01-07 20:05:25)
sigtop: skipping attachment without path (conversation: "Lisa Dotzer", sent: 2026-01-07 20:05:25)
sigtop: skipping attachment without path (conversation: "Lisa Dotzer", sent: 2026-01-07 20:05:25)
sigtop: skipping attachment without path (conversation: "Lisa Dotzer", sent: 2026-01-07 20:05:25)
sigtop: skipping attachment without path (conversation: "Lisa Dotzer", sent: 2026-01-07 20:05:25)
sigtop: skipping attachment without path (conversation: "Lisa Dotzer", sent: 2026-01-07 20:05:25)
sigtop: skipping attachment without path (conversation: "Lisa Dotzer", sent: 2026-01-07 20:05:25)
sigtop: skipping attachment without path (conversation: "Lisa Dotzer", sent: 2026-01-08 18:08:42)
sigtop: skipping attachment without path (conversation: "Lisa Dotzer", sent: 2026-01-08 18:17:09)
sigtop: skipping attachment without path (conversation: "Lisa Dotzer", sent: 2026-01-08 18:17:09)
sigtop: skipping attachment without path (conversation: "Lisa Dotzer", sent: 2026-01-15 07:51:30)
sigtop: skipping attachment without path (conversation: "Lisa Dotzer", sent: 2026-01-15 07:55:22)
sigtop: skipping attachment without path (conversation: "Lisa Dotzer", sent: 2026-01-15 12:16:20)
sigtop: skipping attachment without path (conversation: "Lisa Dotzer", sent: 2026-01-20 23:56:20)
sigtop: skipping attachment without path (conversation: "Lisa Dotzer", sent: 2026-01-20 23:56:20)
sigtop: skipping attachment without path (conversation: "Lisa Dotzer", sent: 2026-01-20 23:56:20)
sigtop: skipping attachment without path (conversation: "Lisa Dotzer", sent: 2026-02-17 18:09:58)
sigtop: skipping attachment without path (conversation: "Lisa Dotzer", sent: 2026-02-17 18:09:58)
sigtop: skipping attachment without path (conversation: "Lisa Dotzer", sent: 2026-02-17 18:09:58)
sigtop: skipping attachment without path (conversation: "Lisa Dotzer", sent: 2026-02-17 18:09:58)
sigtop: skipping attachment without path (conversation: "Lisa Dotzer", sent: 2026-02-17 18:09:58)
sigtop: skipping attachment without path (conversation: "Lisa Dotzer", sent: 2026-02-17 18:09:58)
sigtop: skipping attachment without path (conversation: "Lisa Dotzer", sent: 2026-02-17 20:38:34)
sigtop: skipping attachment without path (conversation: "Lisa Dotzer", sent: 2026-02-17 20:38:34)
sigtop: skipping attachment without path (conversation: "Lisa Dotzer", sent: 2026-02-17 20:38:34)
sigtop: skipping attachment without path (conversation: "Lisa Dotzer", sent: 2026-03-28 20:06:50)
sigtop: skipping attachment without path (conversation: "Lisa Dotzer", sent: 2026-03-28 20:06:50)
sigtop: skipping attachment without path (conversation: "Lisa Dotzer", sent: 2026-03-28 20:06:50)
sigtop: skipping attachment without path (conversation: "Lisa Dotzer", sent: 2026-03-28 20:06:50)
sigtop: skipping attachment without path (conversation: "Lisa Dotzer", sent: 2026-03-28 20:06:50)
sigtop: skipping attachment without path (conversation: "Lisa Dotzer", sent: 2026-03-28 20:06:50)
sigtop: skipping attachment without path (conversation: "Lisa Dotzer", sent: 2026-03-28 20:06:50)
sigtop: skipping attachment without path (conversation: "Lisa Dotzer", sent: 2026-03-28 20:06:50)
sigtop: skipping attachment without path (conversation: "Lisa Dotzer", sent: 2026-03-28 20:06:50)
sigtop: skipping attachment without path (conversation: "Lisa Dotzer", sent: 2026-03-28 20:06:50)
sigtop: skipping attachment without path (conversation: "Lisa Dotzer", sent: 2026-03-28 20:06:50)
sigtop: skipping attachment without path (conversation: "Lisa Dotzer", sent: 2026-04-16 18:27:48)
sigtop: skipping attachment without path (conversation: "Lisa Dotzer", sent: 2026-04-16 18:27:48)
sigtop: skipping attachment without path (conversation: "Lisa Dotzer", sent: 2026-04-16 18:27:48)
sigtop: skipping attachment without path (conversation: "Lisa Dotzer", sent: 2026-04-16 18:27:48)
sigtop: skipping attachment without path (conversation: "Lisa Dotzer", sent: 2026-04-16 18:27:48)
sigtop: skipping attachment without path (conversation: "Lisa Dotzer", sent: 2026-04-16 18:27:48)
sigtop: skipping attachment without path (conversation: "Lisa Dotzer", sent: 2026-04-16 18:27:48)
sigtop: skipping attachment without path (conversation: "Lisa Dotzer", sent: 2026-04-16 18:27:48)
sigtop: skipping attachment without path (conversation: "Lisa Dotzer", sent: 2026-04-16 18:27:48)
sigtop: skipping attachment without path (conversation: "Lisa Dotzer", sent: 2026-04-16 18:27:48)
sigtop: skipping attachment without path (conversation: "Lisa Dotzer", sent: 2026-04-16 18:27:48)
sigtop: skipping attachment without path (conversation: "Lisa Dotzer", sent: 2026-04-16 18:27:48)
sigtop: skipping attachment without path (conversation: "Lisa Dotzer", sent: 2026-04-16 18:27:48)
sigtop: skipping attachment without path (conversation: "Christine Distler", sent: 2026-02-08 03:46:36)
sigtop: skipping attachment without path (conversation: "Christine Distler", sent: 2026-02-10 19:14:52)
sigtop: skipping attachment without path (conversation: "Christine Distler", sent: 2026-02-10 19:15:15)
sigtop: skipping attachment without path (conversation: "Christine Distler", sent: 2026-02-10 19:22:07)
sigtop: skipping attachment without path (conversation: "Christine Distler", sent: 2026-02-10 19:23:03)
sigtop: skipping attachment without path (conversation: "Simon Horvat", sent: 2025-09-29 23:08:23)
sigtop: skipping attachment without path (conversation: "Simon Horvat", sent: 2025-10-02 01:24:19)
sigtop: skipping attachment without path (conversation: "Simon Horvat", sent: 2025-10-11 05:27:32)
sigtop: skipping attachment without path (conversation: "Simon Horvat", sent: 2025-10-11 05:35:27)
sigtop: skipping attachment without path (conversation: "Simon Horvat", sent: 2025-10-25 03:03:40)
sigtop: skipping attachment without path (conversation: "Simon Horvat", sent: 2025-10-26 22:17:40)
sigtop: skipping attachment without path (conversation: "Simon Horvat", sent: 2025-11-03 17:07:54)
sigtop: skipping attachment without path (conversation: "Simon Horvat", sent: 2025-11-08 00:37:17)
sigtop: skipping attachment without path (conversation: "Simon Horvat", sent: 2025-11-08 01:11:38)
sigtop: skipping attachment without path (conversation: "Simon Horvat", sent: 2025-11-08 01:15:55)
sigtop: skipping attachment without path (conversation: "Simon Horvat", sent: 2025-11-08 04:43:26)
sigtop: skipping attachment without path (conversation: "Simon Horvat", sent: 2025-11-10 21:58:28)
sigtop: skipping attachment without path (conversation: "Simon Horvat", sent: 2025-11-13 20:02:56)
sigtop: skipping attachment without path (conversation: "Simon Horvat", sent: 2025-11-13 20:04:28)
sigtop: skipping attachment without path (conversation: "Simon Horvat", sent: 2025-11-16 19:09:04)
sigtop: skipping attachment without path (conversation: "Simon Horvat", sent: 2025-11-17 00:40:58)
sigtop: skipping attachment without path (conversation: "Simon Horvat", sent: 2025-11-17 06:35:25)
sigtop: skipping attachment without path (conversation: "Simon Horvat", sent: 2025-12-03 03:31:23)
sigtop: skipping attachment without path (conversation: "Simon Horvat", sent: 2025-12-11 22:45:49)
sigtop: skipping attachment without path (conversation: "Simon Horvat", sent: 2026-04-04 17:09:21)
sigtop: skipping attachment without path (conversation: "Simon Horvat", sent: 2026-04-04 17:17:23)
sigtop: skipping attachment without path (conversation: "Simon Horvat", sent: 2026-04-18 11:40:30)
sigtop: skipping attachment without path (conversation: "Simon Horvat", sent: 2026-04-18 11:40:30)
sigtop: skipping attachment without path (conversation: "Simon Horvat", sent: 2026-04-18 11:40:30)
sigtop: skipping attachment without path (conversation: "Simon Horvat", sent: 2026-04-18 11:40:30)
sigtop: skipping attachment without path (conversation: "Simon Horvat", sent: 2026-04-18 11:40:30)
sigtop: skipping attachment without path (conversation: "Mia Leu", sent: 2025-10-29 03:02:38)
sigtop: skipping attachment without path (conversation: "Mia Leu", sent: 2025-10-30 16:55:35)
sigtop: skipping attachment without path (conversation: "Mia Leu", sent: 2025-10-30 16:57:26)
sigtop: skipping attachment without path (conversation: "Mia Leu", sent: 2025-10-30 18:27:10)
sigtop: skipping attachment without path (conversation: "Mia Leu", sent: 2025-10-31 09:09:12)
sigtop: skipping attachment without path (conversation: "Mia Leu", sent: 2025-11-03 17:44:49)
sigtop: skipping attachment without path (conversation: "Mia Leu", sent: 2025-11-04 09:36:20)
sigtop: skipping attachment without path (conversation: "Mia Leu", sent: 2025-11-12 15:03:11)
sigtop: skipping attachment without path (conversation: "Mia Leu", sent: 2025-11-16 07:17:47)
sigtop: skipping attachment without path (conversation: "Mia Leu", sent: 2025-11-20 21:37:32)
sigtop: skipping attachment without path (conversation: "Mia Leu", sent: 2025-11-24 14:00:14)
sigtop: skipping attachment without path (conversation: "Mia Leu", sent: 2025-11-25 03:00:35)
sigtop: skipping attachment without path (conversation: "Mia Leu", sent: 2025-11-25 03:56:16)
sigtop: skipping attachment without path (conversation: "Mia Leu", sent: 2025-11-30 08:17:16)
sigtop: skipping attachment without path (conversation: "Mia Leu", sent: 2025-11-30 09:15:13)
sigtop: skipping attachment without path (conversation: "Mia Leu", sent: 2025-12-01 18:35:48)
sigtop: skipping attachment without path (conversation: "Mia Leu", sent: 2025-12-09 19:44:31)
sigtop: skipping attachment without path (conversation: "Mia Leu", sent: 2025-12-10 04:54:43)
sigtop: skipping attachment without path (conversation: "Mia Leu", sent: 2025-12-13 03:50:39)
sigtop: skipping attachment without path (conversation: "Mia Leu", sent: 2025-12-13 03:54:29)
sigtop: skipping attachment without path (conversation: "Mia Leu", sent: 2025-12-13 03:58:37)
sigtop: skipping attachment without path (conversation: "Mia Leu", sent: 2026-03-12 11:02:12)
Signal: 16 convos
WhatsApp (Mac): 56 convos
Added Dulcesita (iPhone): 10992 msgs, 771 voice msgs
Added Simon Baumann (iPhone): 1119 msgs, 6 voice msgs

Written: /Users/rafaelhorvat/__code__/chat_backup/data/index.html
Conversations: 72
Total messages: 14294
Audio files (voice msgs): 854
Total media files: 1709

[2026-08-03 13:33:01] ChatBackupSync run
sigtop: skipping attachment without path (conversation: "Lina Leu", sent: 2025-10-06 21:58:43)
sigtop: skipping attachment without path (conversation: "Lina Leu", sent: 2025-10-29 02:54:44)
sigtop: skipping attachment without path (conversation: "Lina Leu", sent: 2025-10-29 03:41:04)
sigtop: skipping attachment without path (conversation: "Jan Biller", sent: 2025-10-02 17:59:53)
sigtop: skipping attachment without path (conversation: "Jan Biller", sent: 2025-10-07 00:19:41)
sigtop: skipping attachment without path (conversation: "Jan Biller", sent: 2025-10-08 20:29:28)
sigtop: skipping attachment without path (conversation: "Jan Biller", sent: 2025-10-14 18:43:44)
sigtop: skipping attachment without path (conversation: "Jan Biller", sent: 2025-10-15 19:25:22)
sigtop: skipping attachment without path (conversation: "Jan Biller", sent: 2026-04-13 16:22:06)
sigtop: skipping attachment without path (conversation: "Jan Biller", sent: 2026-05-06 01:39:38)
sigtop: skipping attachment without path (conversation: "Christine Distler", sent: 2026-02-08 03:46:36)
sigtop: skipping attachment without path (conversation: "Christine Distler", sent: 2026-02-10 19:14:52)
sigtop: skipping attachment without path (conversation: "Christine Distler", sent: 2026-02-10 19:15:15)
sigtop: skipping attachment without path (conversation: "Christine Distler", sent: 2026-02-10 19:22:07)
sigtop: skipping attachment without path (conversation: "Christine Distler", sent: 2026-02-10 19:23:03)
sigtop: skipping attachment without path (conversation: "Isabelle Leu", sent: 2025-12-09 22:54:07)
sigtop: skipping attachment without path (conversation: "Isabelle Leu", sent: 2025-12-09 22:54:07)
sigtop: skipping attachment without path (conversation: "Isabelle Leu", sent: 2025-12-09 22:54:07)
sigtop: skipping attachment without path (conversation: "Isabelle Leu", sent: 2025-12-09 22:54:07)
sigtop: skipping attachment without path (conversation: "Isabelle Leu", sent: 2025-12-09 22:55:13)
sigtop: skipping attachment without path (conversation: "Isabelle Leu", sent: 2025-12-09 22:55:13)
sigtop: skipping attachment without path (conversation: "Isabelle Leu", sent: 2025-12-09 22:55:13)
sigtop: skipping attachment without path (conversation: "Isabelle Leu", sent: 2025-12-09 22:55:13)
sigtop: skipping attachment without path (conversation: "Isabelle Leu", sent: 2025-12-09 22:55:13)
sigtop: skipping attachment without path (conversation: "Isabelle Leu", sent: 2025-12-09 22:58:22)
sigtop: skipping attachment without path (conversation: "Isabelle Leu", sent: 2025-12-09 23:03:36)
sigtop: skipping attachment without path (conversation: "Isabelle Leu", sent: 2025-12-19 02:28:17)
sigtop: skipping attachment without path (conversation: "Isabelle Leu", sent: 2026-02-07 18:57:25)
sigtop: skipping attachment without path (conversation: "Isabelle Leu", sent: 2026-02-07 19:02:58)
sigtop: skipping attachment without path (conversation: "Isabelle Leu", sent: 2026-02-07 22:58:52)
sigtop: skipping attachment without path (conversation: "Isabelle Leu", sent: 2026-02-07 23:07:46)
sigtop: skipping attachment without path (conversation: "Isabelle Leu", sent: 2026-02-12 20:42:19)
sigtop: skipping attachment without path (conversation: "Isabelle Leu", sent: 2026-02-13 01:21:24)
sigtop: skipping attachment without path (conversation: "Isabelle Leu", sent: 2026-04-15 09:21:35)
sigtop: skipping attachment without path (conversation: "Isabelle Leu", sent: 2026-04-15 17:37:46)
sigtop: skipping attachment without path (conversation: "Isabelle Leu", sent: 2026-04-15 17:39:23)
sigtop: skipping attachment without path (conversation: "Isabelle Leu", sent: 2026-04-15 17:43:43)
sigtop: skipping attachment without path (conversation: "Isabelle Leu", sent: 2026-04-15 17:43:43)
sigtop: skipping attachment without path (conversation: "Isabelle Leu", sent: 2026-04-15 17:43:43)
sigtop: skipping attachment without path (conversation: "Isabelle Leu", sent: 2026-04-15 17:44:09)
sigtop: skipping attachment without path (conversation: "Isabelle Leu", sent: 2026-04-15 17:44:09)
sigtop: skipping attachment without path (conversation: "Isabelle Leu", sent: 2026-04-15 17:44:09)
sigtop: skipping attachment without path (conversation: "Isabelle Leu", sent: 2026-04-15 17:44:09)
sigtop: skipping attachment without path (conversation: "Isabelle Leu", sent: 2026-04-15 17:44:09)
sigtop: skipping attachment without path (conversation: "Isabelle Leu", sent: 2026-04-15 17:44:09)
sigtop: skipping attachment without path (conversation: "Isabelle Leu", sent: 2026-04-15 17:44:09)
sigtop: skipping attachment without path (conversation: "Isabelle Leu", sent: 2026-04-15 17:44:09)
sigtop: skipping attachment without path (conversation: "Isabelle Leu", sent: 2026-04-15 17:44:09)
sigtop: skipping attachment without path (conversation: "Isabelle Leu", sent: 2026-04-15 17:48:29)
sigtop: skipping attachment without path (conversation: "Isabelle Leu", sent: 2026-04-15 17:48:29)
sigtop: skipping attachment without path (conversation: "Isabelle Leu", sent: 2026-04-15 17:48:29)
sigtop: skipping attachment without path (conversation: "Isabelle Leu", sent: 2026-04-15 17:48:29)
sigtop: skipping attachment without path (conversation: "Isabelle Leu", sent: 2026-04-15 17:48:29)
sigtop: skipping attachment without path (conversation: "Isabelle Leu", sent: 2026-04-15 17:48:29)
sigtop: skipping attachment without path (conversation: "Isabelle Leu", sent: 2026-04-15 17:48:29)
sigtop: skipping attachment without path (conversation: "Isabelle Leu", sent: 2026-04-15 17:48:29)
sigtop: skipping attachment without path (conversation: "Isabelle Leu", sent: 2026-04-15 18:00:11)
sigtop: skipping attachment without path (conversation: "Isabelle Leu", sent: 2026-04-15 18:09:34)
sigtop: skipping attachment without path (conversation: "Isabelle Leu", sent: 2026-04-16 12:54:57)
sigtop: skipping attachment without path (conversation: "Isabelle Leu", sent: 2026-04-16 16:30:20)
sigtop: skipping attachment without path (conversation: "Isabelle Leu", sent: 2026-04-16 16:33:02)
sigtop: skipping attachment without path (conversation: "Isabelle Leu", sent: 2026-04-16 16:47:56)
sigtop: skipping attachment without path (conversation: "Isabelle Leu", sent: 2026-04-29 21:55:43)
sigtop: skipping attachment without path (conversation: "Textile Brand", sent: 2025-09-27 02:09:02)
sigtop: skipping attachment without path (conversation: "Textile Brand", sent: 2025-09-27 02:13:36)
sigtop: skipping attachment without path (conversation: "Textile Brand", sent: 2025-10-01 04:50:59)
sigtop: skipping attachment without path (conversation: "Photos voyages", sent: 2026-03-19 06:47:39)
sigtop: skipping attachment without path (conversation: "Photos voyages", sent: 2026-03-19 06:47:39)
sigtop: skipping attachment without path (conversation: "Photos voyages", sent: 2026-03-19 06:47:39)
sigtop: skipping attachment without path (conversation: "Photos voyages", sent: 2026-03-19 06:47:39)
sigtop: skipping attachment without path (conversation: "Photos voyages", sent: 2026-03-19 06:47:39)
sigtop: skipping attachment without path (conversation: "Photos voyages", sent: 2026-03-19 06:47:39)
sigtop: skipping attachment without path (conversation: "Photos voyages", sent: 2026-03-19 06:47:39)
sigtop: skipping attachment without path (conversation: "Photos voyages", sent: 2026-03-19 06:47:39)
sigtop: skipping attachment without path (conversation: "Photos voyages", sent: 2026-03-19 06:47:39)
sigtop: skipping attachment without path (conversation: "Photos voyages", sent: 2026-03-19 06:47:39)
sigtop: skipping attachment without path (conversation: "Photos voyages", sent: 2026-03-19 06:47:39)
sigtop: skipping attachment without path (conversation: "Photos voyages", sent: 2026-03-19 06:47:39)
sigtop: skipping attachment without path (conversation: "Photos voyages", sent: 2026-03-19 06:47:39)
sigtop: skipping attachment without path (conversation: "Photos voyages", sent: 2026-03-19 06:47:39)
sigtop: skipping attachment without path (conversation: "Photos voyages", sent: 2026-03-19 06:47:39)
sigtop: skipping attachment without path (conversation: "Photos voyages", sent: 2026-03-19 06:47:39)
sigtop: skipping attachment without path (conversation: "Photos voyages", sent: 2026-03-19 06:47:39)
sigtop: skipping attachment without path (conversation: "Photos voyages", sent: 2026-03-19 06:47:39)
sigtop: skipping attachment without path (conversation: "Photos voyages", sent: 2026-03-21 20:19:52)
sigtop: skipping attachment without path (conversation: "Photos voyages", sent: 2026-03-21 20:19:52)
sigtop: skipping attachment without path (conversation: "Photos voyages", sent: 2026-03-21 20:19:52)
sigtop: skipping attachment without path (conversation: "Photos voyages", sent: 2026-03-21 20:21:00)
sigtop: skipping attachment without path (conversation: "Photos voyages", sent: 2026-03-21 20:21:00)
sigtop: skipping attachment without path (conversation: "Photos voyages", sent: 2026-04-03 03:30:30)
sigtop: skipping attachment without path (conversation: "Photos voyages", sent: 2026-04-03 03:30:37)
sigtop: skipping attachment without path (conversation: "Photos voyages", sent: 2026-04-03 03:30:45)
sigtop: skipping attachment without path (conversation: "Photos voyages", sent: 2026-04-03 03:31:19)
sigtop: skipping attachment without path (conversation: "Photos voyages", sent: 2026-04-03 03:31:58)
sigtop: skipping attachment without path (conversation: "Photos voyages", sent: 2026-04-03 03:32:14)
sigtop: skipping attachment without path (conversation: "Photos voyages", sent: 2026-04-03 03:32:52)
sigtop: skipping attachment without path (conversation: "Photos voyages", sent: 2026-04-03 20:14:17)
sigtop: skipping attachment without path (conversation: "Photos voyages", sent: 2026-04-03 20:14:17)
sigtop: skipping attachment without path (conversation: "Photos voyages", sent: 2026-04-03 20:14:17)
sigtop: skipping attachment without path (conversation: "Photos voyages", sent: 2026-04-03 20:14:17)
sigtop: skipping attachment without path (conversation: "Photos voyages", sent: 2026-04-03 20:16:53)
sigtop: skipping attachment without path (conversation: "Photos voyages", sent: 2026-04-03 20:17:22)
sigtop: skipping attachment without path (conversation: "Photos voyages", sent: 2026-04-04 05:27:52)
sigtop: skipping attachment without path (conversation: "Photos voyages", sent: 2026-04-04 05:28:06)
sigtop: skipping attachment without path (conversation: "Photos voyages", sent: 2026-04-04 05:30:03)
sigtop: skipping attachment without path (conversation: "Photos voyages", sent: 2026-04-04 05:32:26)
sigtop: skipping attachment without path (conversation: "Photos voyages", sent: 2026-04-14 05:13:21)
sigtop: skipping attachment without path (conversation: "Photos voyages", sent: 2026-04-14 05:13:21)
sigtop: skipping attachment without path (conversation: "Photos voyages", sent: 2026-04-14 05:13:21)
sigtop: skipping attachment without path (conversation: "Photos voyages", sent: 2026-04-14 05:13:21)
sigtop: skipping attachment without path (conversation: "Photos voyages", sent: 2026-04-14 05:13:21)
sigtop: skipping attachment without path (conversation: "Photos voyages", sent: 2026-04-14 05:13:21)
sigtop: skipping attachment without path (conversation: "Photos voyages", sent: 2026-04-14 05:13:21)
sigtop: skipping attachment without path (conversation: "Photos voyages", sent: 2026-04-14 05:13:21)
sigtop: skipping attachment without path (conversation: "Photos voyages", sent: 2026-04-14 05:13:21)
sigtop: skipping attachment without path (conversation: "Photos voyages", sent: 2026-04-14 05:13:21)
sigtop: skipping attachment without path (conversation: "Photos voyages", sent: 2026-04-14 05:13:21)
sigtop: skipping attachment without path (conversation: "Photos voyages", sent: 2026-04-14 05:13:21)
sigtop: skipping attachment without path (conversation: "Photos voyages", sent: 2026-04-14 05:13:21)
sigtop: skipping attachment without path (conversation: "Photos voyages", sent: 2026-04-14 05:13:21)
sigtop: skipping attachment without path (conversation: "Photos voyages", sent: 2026-04-14 05:13:21)
sigtop: skipping attachment without path (conversation: "Photos voyages", sent: 2026-04-14 05:13:21)
sigtop: skipping attachment without path (conversation: "Photos voyages", sent: 2026-04-23 21:32:01)
sigtop: skipping attachment without path (conversation: "Photos voyages", sent: 2026-04-23 21:33:34)
sigtop: skipping attachment without path (conversation: "Photos voyages", sent: 2026-04-23 21:33:34)
sigtop: skipping attachment without path (conversation: "Photos voyages", sent: 2026-04-23 21:33:34)
sigtop: skipping attachment without path (conversation: "Photos voyages", sent: 2026-04-23 21:33:34)
sigtop: skipping attachment without path (conversation: "Photos voyages", sent: 2026-04-23 21:33:34)
sigtop: skipping attachment without path (conversation: "Photos voyages", sent: 2026-04-23 21:33:34)
sigtop: skipping attachment without path (conversation: "Photos voyages", sent: 2026-04-23 21:33:34)
sigtop: skipping attachment without path (conversation: "Photos voyages", sent: 2026-04-23 21:33:34)
sigtop: skipping attachment without path (conversation: "Photos voyages", sent: 2026-04-23 21:33:34)
sigtop: skipping attachment without path (conversation: "Photos voyages", sent: 2026-04-23 21:33:34)
sigtop: skipping attachment without path (conversation: "Photos voyages", sent: 2026-04-23 21:33:34)
sigtop: skipping attachment without path (conversation: "Photos voyages", sent: 2026-04-23 21:33:34)
sigtop: skipping attachment without path (conversation: "Photos voyages", sent: 2026-04-23 21:33:34)
sigtop: skipping attachment without path (conversation: "Photos voyages", sent: 2026-04-23 21:33:34)
sigtop: skipping attachment without path (conversation: "Photos voyages", sent: 2026-04-23 21:33:34)
sigtop: skipping attachment without path (conversation: "Photos voyages", sent: 2026-04-23 21:34:44)
sigtop: skipping attachment without path (conversation: "Photos voyages", sent: 2026-04-23 21:34:44)
sigtop: skipping attachment without path (conversation: "Photos voyages", sent: 2026-04-23 21:34:44)
sigtop: skipping attachment without path (conversation: "Photos voyages", sent: 2026-04-25 21:58:51)
sigtop: skipping attachment without path (conversation: "Photos voyages", sent: 2026-04-25 21:58:51)
sigtop: skipping attachment without path (conversation: "Photos voyages", sent: 2026-05-04 00:54:03)
sigtop: skipping attachment without path (conversation: "Photos voyages", sent: 2026-05-04 00:55:08)
sigtop: skipping attachment without path (conversation: "Photos voyages", sent: 2026-05-04 00:55:56)
sigtop: skipping attachment without path (conversation: "Photos voyages", sent: 2026-05-04 00:56:50)
sigtop: skipping attachment without path (conversation: "Photos voyages", sent: 2026-05-04 00:57:40)
sigtop: skipping attachment without path (conversation: "Photos voyages", sent: 2026-05-04 00:58:28)
sigtop: skipping attachment without path (conversation: "Photos voyages", sent: 2026-05-04 00:59:10)
sigtop: skipping attachment without path (conversation: "Photos voyages", sent: 2026-05-30 23:13:48)
sigtop: skipping attachment without path (conversation: "Conrad Leu", sent: 2025-09-27 19:47:53)
sigtop: skipping attachment without path (conversation: "Conrad Leu", sent: 2025-09-28 01:55:08)
sigtop: skipping attachment without path (conversation: "Conrad Leu", sent: 2025-10-01 07:22:29)
sigtop: skipping attachment without path (conversation: "Conrad Leu", sent: 2025-11-26 17:26:56)
sigtop: skipping attachment without path (conversation: "Conrad Leu", sent: 2025-11-27 07:27:54)
sigtop: skipping attachment without path (conversation: "Lisa Dotzer", sent: 2025-11-26 00:29:23)
sigtop: skipping attachment without path (conversation: "Lisa Dotzer", sent: 2025-11-26 23:30:43)
sigtop: skipping attachment without path (conversation: "Lisa Dotzer", sent: 2025-11-27 00:08:30)
sigtop: skipping attachment without path (conversation: "Lisa Dotzer", sent: 2025-11-28 23:35:42)
sigtop: skipping attachment without path (conversation: "Lisa Dotzer", sent: 2025-12-10 06:29:28)
sigtop: skipping attachment without path (conversation: "Lisa Dotzer", sent: 2025-12-19 01:19:51)
sigtop: skipping attachment without path (conversation: "Lisa Dotzer", sent: 2025-12-19 01:19:51)
sigtop: skipping attachment without path (conversation: "Lisa Dotzer", sent: 2025-12-19 01:19:51)
sigtop: skipping attachment without path (conversation: "Lisa Dotzer", sent: 2026-01-07 20:05:25)
sigtop: skipping attachment without path (conversation: "Lisa Dotzer", sent: 2026-01-07 20:05:25)
sigtop: skipping attachment without path (conversation: "Lisa Dotzer", sent: 2026-01-07 20:05:25)
sigtop: skipping attachment without path (conversation: "Lisa Dotzer", sent: 2026-01-07 20:05:25)
sigtop: skipping attachment without path (conversation: "Lisa Dotzer", sent: 2026-01-07 20:05:25)
sigtop: skipping attachment without path (conversation: "Lisa Dotzer", sent: 2026-01-07 20:05:25)
sigtop: skipping attachment without path (conversation: "Lisa Dotzer", sent: 2026-01-07 20:05:25)
sigtop: skipping attachment without path (conversation: "Lisa Dotzer", sent: 2026-01-07 20:05:25)
sigtop: skipping attachment without path (conversation: "Lisa Dotzer", sent: 2026-01-07 20:05:25)
sigtop: skipping attachment without path (conversation: "Lisa Dotzer", sent: 2026-01-08 18:08:42)
sigtop: skipping attachment without path (conversation: "Lisa Dotzer", sent: 2026-01-08 18:17:09)
sigtop: skipping attachment without path (conversation: "Lisa Dotzer", sent: 2026-01-08 18:17:09)
sigtop: skipping attachment without path (conversation: "Lisa Dotzer", sent: 2026-01-15 07:51:30)
sigtop: skipping attachment without path (conversation: "Lisa Dotzer", sent: 2026-01-15 07:55:22)
sigtop: skipping attachment without path (conversation: "Lisa Dotzer", sent: 2026-01-15 12:16:20)
sigtop: skipping attachment without path (conversation: "Lisa Dotzer", sent: 2026-01-20 23:56:20)
sigtop: skipping attachment without path (conversation: "Lisa Dotzer", sent: 2026-01-20 23:56:20)
sigtop: skipping attachment without path (conversation: "Lisa Dotzer", sent: 2026-01-20 23:56:20)
sigtop: skipping attachment without path (conversation: "Lisa Dotzer", sent: 2026-02-17 18:09:58)
sigtop: skipping attachment without path (conversation: "Lisa Dotzer", sent: 2026-02-17 18:09:58)
sigtop: skipping attachment without path (conversation: "Lisa Dotzer", sent: 2026-02-17 18:09:58)
sigtop: skipping attachment without path (conversation: "Lisa Dotzer", sent: 2026-02-17 18:09:58)
sigtop: skipping attachment without path (conversation: "Lisa Dotzer", sent: 2026-02-17 18:09:58)
sigtop: skipping attachment without path (conversation: "Lisa Dotzer", sent: 2026-02-17 18:09:58)
sigtop: skipping attachment without path (conversation: "Lisa Dotzer", sent: 2026-02-17 20:38:34)
sigtop: skipping attachment without path (conversation: "Lisa Dotzer", sent: 2026-02-17 20:38:34)
sigtop: skipping attachment without path (conversation: "Lisa Dotzer", sent: 2026-02-17 20:38:34)
sigtop: skipping attachment without path (conversation: "Lisa Dotzer", sent: 2026-03-28 20:06:50)
sigtop: skipping attachment without path (conversation: "Lisa Dotzer", sent: 2026-03-28 20:06:50)
sigtop: skipping attachment without path (conversation: "Lisa Dotzer", sent: 2026-03-28 20:06:50)
sigtop: skipping attachment without path (conversation: "Lisa Dotzer", sent: 2026-03-28 20:06:50)
sigtop: skipping attachment without path (conversation: "Lisa Dotzer", sent: 2026-03-28 20:06:50)
sigtop: skipping attachment without path (conversation: "Lisa Dotzer", sent: 2026-03-28 20:06:50)
sigtop: skipping attachment without path (conversation: "Lisa Dotzer", sent: 2026-03-28 20:06:50)
sigtop: skipping attachment without path (conversation: "Lisa Dotzer", sent: 2026-03-28 20:06:50)
sigtop: skipping attachment without path (conversation: "Lisa Dotzer", sent: 2026-03-28 20:06:50)
sigtop: skipping attachment without path (conversation: "Lisa Dotzer", sent: 2026-03-28 20:06:50)
sigtop: skipping attachment without path (conversation: "Lisa Dotzer", sent: 2026-03-28 20:06:50)
sigtop: skipping attachment without path (conversation: "Lisa Dotzer", sent: 2026-04-16 18:27:48)
sigtop: skipping attachment without path (conversation: "Lisa Dotzer", sent: 2026-04-16 18:27:48)
sigtop: skipping attachment without path (conversation: "Lisa Dotzer", sent: 2026-04-16 18:27:48)
sigtop: skipping attachment without path (conversation: "Lisa Dotzer", sent: 2026-04-16 18:27:48)
sigtop: skipping attachment without path (conversation: "Lisa Dotzer", sent: 2026-04-16 18:27:48)
sigtop: skipping attachment without path (conversation: "Lisa Dotzer", sent: 2026-04-16 18:27:48)
sigtop: skipping attachment without path (conversation: "Lisa Dotzer", sent: 2026-04-16 18:27:48)
sigtop: skipping attachment without path (conversation: "Lisa Dotzer", sent: 2026-04-16 18:27:48)
sigtop: skipping attachment without path (conversation: "Lisa Dotzer", sent: 2026-04-16 18:27:48)
sigtop: skipping attachment without path (conversation: "Lisa Dotzer", sent: 2026-04-16 18:27:48)
sigtop: skipping attachment without path (conversation: "Lisa Dotzer", sent: 2026-04-16 18:27:48)
sigtop: skipping attachment without path (conversation: "Lisa Dotzer", sent: 2026-04-16 18:27:48)
sigtop: skipping attachment without path (conversation: "Lisa Dotzer", sent: 2026-04-16 18:27:48)
sigtop: skipping attachment without path (conversation: "Gabriel Horvat", sent: 2025-11-07 02:06:27)
sigtop: skipping attachment without path (conversation: "Gabriel Horvat", sent: 2025-11-07 02:06:27)
sigtop: skipping attachment without path (conversation: "Gabriel Horvat", sent: 2025-11-07 02:06:27)
sigtop: skipping attachment without path (conversation: "Gabriel Horvat", sent: 2025-11-07 02:06:27)
sigtop: skipping attachment without path (conversation: "Gabriel Horvat", sent: 2025-11-07 02:06:27)
sigtop: skipping attachment without path (conversation: "Gabriel Horvat", sent: 2025-11-07 02:06:27)
sigtop: skipping attachment without path (conversation: "Gabriel Horvat", sent: 2025-11-27 02:25:16)
sigtop: skipping attachment without path (conversation: "Gabriel Horvat", sent: 2025-12-01 02:47:57)
sigtop: skipping attachment without path (conversation: "Gabriel Horvat", sent: 2025-12-02 05:25:55)
sigtop: skipping attachment without path (conversation: "Gabriel Horvat", sent: 2025-12-17 01:47:01)
sigtop: skipping attachment without path (conversation: "Gabriel Horvat", sent: 2025-12-17 01:47:01)
sigtop: skipping attachment without path (conversation: "Gabriel Horvat", sent: 2025-12-17 01:47:01)
sigtop: skipping attachment without path (conversation: "Gabriel Horvat", sent: 2025-12-17 01:47:01)
sigtop: skipping attachment without path (conversation: "Gabriel Horvat", sent: 2025-12-17 01:47:01)
sigtop: skipping attachment without path (conversation: "Gabriel Horvat", sent: 2025-12-17 01:47:01)
sigtop: skipping attachment without path (conversation: "Gabriel Horvat", sent: 2025-12-17 01:47:01)
sigtop: skipping attachment without path (conversation: "Gabriel Horvat", sent: 2025-12-17 01:47:01)
sigtop: skipping attachment without path (conversation: "Gabriel Horvat", sent: 2025-12-17 01:47:01)
sigtop: skipping attachment without path (conversation: "Gabriel Horvat", sent: 2025-12-17 01:47:01)
sigtop: skipping attachment without path (conversation: "Gabriel Horvat", sent: 2025-12-17 01:47:01)
sigtop: skipping attachment without path (conversation: "Gabriel Horvat", sent: 2025-12-17 01:47:01)
sigtop: skipping attachment without path (conversation: "Gabriel Horvat", sent: 2025-12-17 01:47:01)
sigtop: skipping attachment without path (conversation: "Simon Horvat", sent: 2025-09-29 23:08:23)
sigtop: skipping attachment without path (conversation: "Simon Horvat", sent: 2025-10-02 01:24:19)
sigtop: skipping attachment without path (conversation: "Simon Horvat", sent: 2025-10-11 05:27:32)
sigtop: skipping attachment without path (conversation: "Simon Horvat", sent: 2025-10-11 05:35:27)
sigtop: skipping attachment without path (conversation: "Simon Horvat", sent: 2025-10-25 03:03:40)
sigtop: skipping attachment without path (conversation: "Simon Horvat", sent: 2025-10-26 22:17:40)
sigtop: skipping attachment without path (conversation: "Simon Horvat", sent: 2025-11-03 17:07:54)
sigtop: skipping attachment without path (conversation: "Simon Horvat", sent: 2025-11-08 00:37:17)
sigtop: skipping attachment without path (conversation: "Simon Horvat", sent: 2025-11-08 01:11:38)
sigtop: skipping attachment without path (conversation: "Simon Horvat", sent: 2025-11-08 01:15:55)
sigtop: skipping attachment without path (conversation: "Simon Horvat", sent: 2025-11-08 04:43:26)
sigtop: skipping attachment without path (conversation: "Simon Horvat", sent: 2025-11-10 21:58:28)
sigtop: skipping attachment without path (conversation: "Simon Horvat", sent: 2025-11-13 20:02:56)
sigtop: skipping attachment without path (conversation: "Simon Horvat", sent: 2025-11-13 20:04:28)
sigtop: skipping attachment without path (conversation: "Simon Horvat", sent: 2025-11-16 19:09:04)
sigtop: skipping attachment without path (conversation: "Simon Horvat", sent: 2025-11-17 00:40:58)
sigtop: skipping attachment without path (conversation: "Simon Horvat", sent: 2025-11-17 06:35:25)
sigtop: skipping attachment without path (conversation: "Simon Horvat", sent: 2025-12-03 03:31:23)
sigtop: skipping attachment without path (conversation: "Simon Horvat", sent: 2025-12-11 22:45:49)
sigtop: skipping attachment without path (conversation: "Simon Horvat", sent: 2026-04-04 17:09:21)
sigtop: skipping attachment without path (conversation: "Simon Horvat", sent: 2026-04-04 17:17:23)
sigtop: skipping attachment without path (conversation: "Simon Horvat", sent: 2026-04-18 11:40:30)
sigtop: skipping attachment without path (conversation: "Simon Horvat", sent: 2026-04-18 11:40:30)
sigtop: skipping attachment without path (conversation: "Simon Horvat", sent: 2026-04-18 11:40:30)
sigtop: skipping attachment without path (conversation: "Simon Horvat", sent: 2026-04-18 11:40:30)
sigtop: skipping attachment without path (conversation: "Simon Horvat", sent: 2026-04-18 11:40:30)
sigtop: skipping attachment without path (conversation: "Rudi Dotzer", sent: 2025-10-10 18:14:00)
sigtop: skipping attachment without path (conversation: "Rudi Dotzer", sent: 2025-10-10 18:14:00)
sigtop: skipping attachment without path (conversation: "Rudi Dotzer", sent: 2025-12-25 03:38:54)
sigtop: skipping attachment without path (conversation: "Rudi Dotzer", sent: 2025-12-25 03:38:54)
sigtop: skipping attachment without path (conversation: "Marianne Dotzer", sent: 2025-09-25 07:12:10)
sigtop: skipping attachment without path (conversation: "Marianne Dotzer", sent: 2025-09-27 00:36:41)
sigtop: skipping attachment without path (conversation: "Marianne Dotzer", sent: 2025-09-28 04:55:26)
sigtop: skipping attachment without path (conversation: "Marianne Dotzer", sent: 2025-09-28 04:55:30)
sigtop: skipping attachment without path (conversation: "Marianne Dotzer", sent: 2025-09-28 05:30:40)
sigtop: skipping attachment without path (conversation: "Marianne Dotzer", sent: 2025-09-29 04:30:37)
sigtop: skipping attachment without path (conversation: "Marianne Dotzer", sent: 2025-10-01 19:38:15)
sigtop: skipping attachment without path (conversation: "Marianne Dotzer", sent: 2025-10-03 03:14:32)
sigtop: skipping attachment without path (conversation: "Marianne Dotzer", sent: 2025-10-03 03:14:32)
sigtop: skipping attachment without path (conversation: "Marianne Dotzer", sent: 2025-10-03 03:14:32)
sigtop: skipping attachment without path (conversation: "Marianne Dotzer", sent: 2025-10-03 03:14:32)
sigtop: skipping attachment without path (conversation: "Marianne Dotzer", sent: 2025-10-03 18:36:55)
sigtop: skipping attachment without path (conversation: "Marianne Dotzer", sent: 2025-10-05 22:51:08)
sigtop: skipping attachment without path (conversation: "Marianne Dotzer", sent: 2025-10-08 17:34:49)
sigtop: skipping attachment without path (conversation: "Marianne Dotzer", sent: 2025-10-08 18:14:36)
sigtop: skipping attachment without path (conversation: "Marianne Dotzer", sent: 2025-10-11 01:19:10)
sigtop: skipping attachment without path (conversation: "Marianne Dotzer", sent: 2025-10-11 05:52:46)
sigtop: skipping attachment without path (conversation: "Marianne Dotzer", sent: 2025-10-14 06:43:42)
sigtop: skipping attachment without path (conversation: "Marianne Dotzer", sent: 2025-10-14 22:35:01)
sigtop: skipping attachment without path (conversation: "Marianne Dotzer", sent: 2025-10-15 04:47:53)
sigtop: skipping attachment without path (conversation: "Marianne Dotzer", sent: 2025-10-16 03:22:08)
sigtop: skipping attachment without path (conversation: "Marianne Dotzer", sent: 2025-10-18 00:15:38)
sigtop: skipping attachment without path (conversation: "Marianne Dotzer", sent: 2025-10-18 17:16:34)
sigtop: skipping attachment without path (conversation: "Marianne Dotzer", sent: 2025-10-18 17:19:19)
sigtop: skipping attachment without path (conversation: "Marianne Dotzer", sent: 2025-10-18 19:28:00)
sigtop: skipping attachment without path (conversation: "Marianne Dotzer", sent: 2025-10-19 23:52:31)
sigtop: skipping attachment without path (conversation: "Marianne Dotzer", sent: 2025-10-21 02:10:49)
sigtop: skipping attachment without path (conversation: "Marianne Dotzer", sent: 2025-10-21 02:19:59)
sigtop: skipping attachment without path (conversation: "Marianne Dotzer", sent: 2025-10-21 03:32:02)
sigtop: skipping attachment without path (conversation: "Marianne Dotzer", sent: 2025-10-21 23:55:58)
sigtop: skipping attachment without path (conversation: "Marianne Dotzer", sent: 2025-10-22 04:56:54)
sigtop: skipping attachment without path (conversation: "Marianne Dotzer", sent: 2025-10-22 05:09:00)
sigtop: skipping attachment without path (conversation: "Marianne Dotzer", sent: 2025-10-22 22:37:06)
sigtop: skipping attachment without path (conversation: "Marianne Dotzer", sent: 2025-10-23 20:46:24)
sigtop: skipping attachment without path (conversation: "Marianne Dotzer", sent: 2025-10-23 22:46:42)
sigtop: skipping attachment without path (conversation: "Marianne Dotzer", sent: 2025-10-25 17:22:09)
sigtop: skipping attachment without path (conversation: "Marianne Dotzer", sent: 2025-10-25 17:32:56)
sigtop: skipping attachment without path (conversation: "Marianne Dotzer", sent: 2025-10-27 22:01:00)
sigtop: skipping attachment without path (conversation: "Marianne Dotzer", sent: 2025-10-28 18:04:06)
sigtop: skipping attachment without path (conversation: "Marianne Dotzer", sent: 2025-10-28 18:14:56)
sigtop: skipping attachment without path (conversation: "Marianne Dotzer", sent: 2025-10-29 21:58:09)
sigtop: skipping attachment without path (conversation: "Marianne Dotzer", sent: 2025-10-29 22:48:37)
sigtop: skipping attachment without path (conversation: "Marianne Dotzer", sent: 2025-10-29 23:22:26)
sigtop: skipping attachment without path (conversation: "Marianne Dotzer", sent: 2025-11-01 07:31:32)
sigtop: skipping attachment without path (conversation: "Marianne Dotzer", sent: 2025-11-02 20:06:48)
sigtop: skipping attachment without path (conversation: "Marianne Dotzer", sent: 2025-11-07 01:30:30)
sigtop: skipping attachment without path (conversation: "Marianne Dotzer", sent: 2025-11-09 03:27:26)
sigtop: skipping attachment without path (conversation: "Marianne Dotzer", sent: 2025-11-11 02:27:50)
sigtop: skipping attachment without path (conversation: "Marianne Dotzer", sent: 2025-11-11 02:29:00)
sigtop: skipping attachment without path (conversation: "Marianne Dotzer", sent: 2025-11-12 17:53:45)
sigtop: skipping attachment without path (conversation: "Marianne Dotzer", sent: 2025-11-12 17:53:45)
sigtop: skipping attachment without path (conversation: "Marianne Dotzer", sent: 2025-11-12 17:53:45)
sigtop: skipping attachment without path (conversation: "Marianne Dotzer", sent: 2025-11-14 21:01:03)
sigtop: skipping attachment without path (conversation: "Marianne Dotzer", sent: 2025-11-15 03:07:55)
sigtop: skipping attachment without path (conversation: "Marianne Dotzer", sent: 2025-11-15 03:07:55)
sigtop: skipping attachment without path (conversation: "Marianne Dotzer", sent: 2025-11-15 03:21:31)
sigtop: skipping attachment without path (conversation: "Marianne Dotzer", sent: 2025-11-17 21:42:05)
sigtop: skipping attachment without path (conversation: "Marianne Dotzer", sent: 2025-11-18 04:43:43)
sigtop: skipping attachment without path (conversation: "Marianne Dotzer", sent: 2025-11-20 18:52:23)
sigtop: skipping attachment without path (conversation: "Marianne Dotzer", sent: 2025-11-21 18:41:45)
sigtop: skipping attachment without path (conversation: "Marianne Dotzer", sent: 2025-11-21 18:41:45)
sigtop: skipping attachment without path (conversation: "Marianne Dotzer", sent: 2025-11-21 18:41:45)
sigtop: skipping attachment without path (conversation: "Marianne Dotzer", sent: 2025-11-25 06:43:39)
sigtop: skipping attachment without path (conversation: "Marianne Dotzer", sent: 2025-11-26 21:45:18)
sigtop: skipping attachment without path (conversation: "Marianne Dotzer", sent: 2025-11-26 21:46:20)
sigtop: skipping attachment without path (conversation: "Marianne Dotzer", sent: 2025-11-27 05:15:08)
sigtop: skipping attachment without path (conversation: "Marianne Dotzer", sent: 2025-11-29 18:15:20)
sigtop: skipping attachment without path (conversation: "Marianne Dotzer", sent: 2025-11-29 18:36:36)
sigtop: skipping attachment without path (conversation: "Marianne Dotzer", sent: 2025-11-29 18:52:52)
sigtop: skipping attachment without path (conversation: "Marianne Dotzer", sent: 2025-12-02 19:58:24)
sigtop: skipping attachment without path (conversation: "Marianne Dotzer", sent: 2025-12-02 23:41:27)
sigtop: skipping attachment without path (conversation: "Marianne Dotzer", sent: 2025-12-02 23:43:58)
sigtop: skipping attachment without path (conversation: "Marianne Dotzer", sent: 2025-12-05 23:01:16)
sigtop: skipping attachment without path (conversation: "Marianne Dotzer", sent: 2025-12-10 03:52:40)
sigtop: skipping attachment without path (conversation: "Marianne Dotzer", sent: 2025-12-10 05:58:14)
sigtop: skipping attachment without path (conversation: "Marianne Dotzer", sent: 2025-12-12 05:34:14)
sigtop: skipping attachment without path (conversation: "Marianne Dotzer", sent: 2025-12-12 22:51:52)
sigtop: skipping attachment without path (conversation: "Marianne Dotzer", sent: 2025-12-17 18:40:19)
sigtop: skipping attachment without path (conversation: "Marianne Dotzer", sent: 2025-12-17 18:54:53)
sigtop: skipping attachment without path (conversation: "Marianne Dotzer", sent: 2025-12-19 01:19:32)
sigtop: skipping attachment without path (conversation: "Marianne Dotzer", sent: 2025-12-19 01:19:32)
sigtop: skipping attachment without path (conversation: "Marianne Dotzer", sent: 2025-12-19 01:19:32)
sigtop: skipping attachment without path (conversation: "Marianne Dotzer", sent: 2025-12-22 21:01:09)
sigtop: skipping attachment without path (conversation: "Marianne Dotzer", sent: 2025-12-26 22:31:46)
sigtop: skipping attachment without path (conversation: "Marianne Dotzer", sent: 2025-12-26 22:31:46)
sigtop: skipping attachment without path (conversation: "Marianne Dotzer", sent: 2025-12-26 22:31:46)
sigtop: skipping attachment without path (conversation: "Marianne Dotzer", sent: 2025-12-26 22:31:46)
sigtop: skipping attachment without path (conversation: "Marianne Dotzer", sent: 2025-12-26 22:31:46)
sigtop: skipping attachment without path (conversation: "Marianne Dotzer", sent: 2025-12-26 22:31:46)
sigtop: skipping attachment without path (conversation: "Marianne Dotzer", sent: 2025-12-26 22:35:55)
sigtop: skipping attachment without path (conversation: "Marianne Dotzer", sent: 2025-12-28 18:15:26)
sigtop: skipping attachment without path (conversation: "Marianne Dotzer", sent: 2025-12-28 18:15:26)
sigtop: skipping attachment without path (conversation: "Marianne Dotzer", sent: 2025-12-28 18:15:26)
sigtop: skipping attachment without path (conversation: "Marianne Dotzer", sent: 2025-12-28 18:15:26)
sigtop: skipping attachment without path (conversation: "Marianne Dotzer", sent: 2025-12-28 18:47:20)
sigtop: skipping attachment without path (conversation: "Marianne Dotzer", sent: 2025-12-28 18:47:20)
sigtop: skipping attachment without path (conversation: "Marianne Dotzer", sent: 2025-12-29 18:07:30)
sigtop: skipping attachment without path (conversation: "Marianne Dotzer", sent: 2026-01-02 19:10:02)
sigtop: skipping attachment without path (conversation: "Marianne Dotzer", sent: 2026-01-05 08:18:30)
sigtop: skipping attachment without path (conversation: "Marianne Dotzer", sent: 2026-01-05 08:18:30)
sigtop: skipping attachment without path (conversation: "Marianne Dotzer", sent: 2026-01-07 20:05:25)
sigtop: skipping attachment without path (conversation: "Marianne Dotzer", sent: 2026-01-07 20:05:25)
sigtop: skipping attachment without path (conversation: "Marianne Dotzer", sent: 2026-01-07 20:05:25)
sigtop: skipping attachment without path (conversation: "Marianne Dotzer", sent: 2026-01-07 20:05:25)
sigtop: skipping attachment without path (conversation: "Marianne Dotzer", sent: 2026-01-07 20:05:25)
sigtop: skipping attachment without path (conversation: "Marianne Dotzer", sent: 2026-01-07 20:05:25)
sigtop: skipping attachment without path (conversation: "Marianne Dotzer", sent: 2026-01-07 20:05:25)
sigtop: skipping attachment without path (conversation: "Marianne Dotzer", sent: 2026-01-07 20:05:25)
sigtop: skipping attachment without path (conversation: "Marianne Dotzer", sent: 2026-01-07 20:05:25)
sigtop: skipping attachment without path (conversation: "Marianne Dotzer", sent: 2026-01-11 19:45:41)
sigtop: skipping attachment without path (conversation: "Marianne Dotzer", sent: 2026-01-14 18:21:56)
sigtop: skipping attachment without path (conversation: "Marianne Dotzer", sent: 2026-01-15 19:50:20)
sigtop: skipping attachment without path (conversation: "Marianne Dotzer", sent: 2026-01-15 19:50:20)
sigtop: skipping attachment without path (conversation: "Marianne Dotzer", sent: 2026-01-16 01:17:49)
sigtop: skipping attachment without path (conversation: "Marianne Dotzer", sent: 2026-01-19 00:37:40)
sigtop: skipping attachment without path (conversation: "Marianne Dotzer", sent: 2026-01-19 23:56:33)
sigtop: skipping attachment without path (conversation: "Marianne Dotzer", sent: 2026-01-20 23:51:00)
sigtop: skipping attachment without path (conversation: "Marianne Dotzer", sent: 2026-01-21 00:42:42)
sigtop: skipping attachment without path (conversation: "Marianne Dotzer", sent: 2026-01-21 00:44:25)
sigtop: skipping attachment without path (conversation: "Marianne Dotzer", sent: 2026-01-27 03:43:01)
sigtop: skipping attachment without path (conversation: "Marianne Dotzer", sent: 2026-01-28 15:03:28)
sigtop: skipping attachment without path (conversation: "Marianne Dotzer", sent: 2026-01-28 18:12:48)
sigtop: skipping attachment without path (conversation: "Marianne Dotzer", sent: 2026-01-28 18:25:27)
sigtop: skipping attachment without path (conversation: "Marianne Dotzer", sent: 2026-01-28 18:26:07)
sigtop: skipping attachment without path (conversation: "Marianne Dotzer", sent: 2026-02-06 18:51:57)
sigtop: skipping attachment without path (conversation: "Marianne Dotzer", sent: 2026-02-06 19:08:44)
sigtop: skipping attachment without path (conversation: "Marianne Dotzer", sent: 2026-02-06 19:30:52)
sigtop: skipping attachment without path (conversation: "Marianne Dotzer", sent: 2026-02-07 18:55:48)
sigtop: skipping attachment without path (conversation: "Marianne Dotzer", sent: 2026-02-07 19:07:00)
sigtop: skipping attachment without path (conversation: "Marianne Dotzer", sent: 2026-02-07 19:11:24)
sigtop: skipping attachment without path (conversation: "Marianne Dotzer", sent: 2026-02-10 18:53:29)
sigtop: skipping attachment without path (conversation: "Marianne Dotzer", sent: 2026-02-13 17:35:47)
sigtop: skipping attachment without path (conversation: "Marianne Dotzer", sent: 2026-02-17 03:30:11)
sigtop: skipping attachment without path (conversation: "Marianne Dotzer", sent: 2026-02-17 11:25:14)
sigtop: skipping attachment without path (conversation: "Marianne Dotzer", sent: 2026-02-17 13:02:18)
sigtop: skipping attachment without path (conversation: "Marianne Dotzer", sent: 2026-02-17 17:38:50)
sigtop: skipping attachment without path (conversation: "Marianne Dotzer", sent: 2026-02-17 19:12:43)
sigtop: skipping attachment without path (conversation: "Marianne Dotzer", sent: 2026-02-17 19:14:13)
sigtop: skipping attachment without path (conversation: "Marianne Dotzer", sent: 2026-02-17 19:18:49)
sigtop: skipping attachment without path (conversation: "Marianne Dotzer", sent: 2026-02-21 19:02:04)
sigtop: skipping attachment without path (conversation: "Marianne Dotzer", sent: 2026-02-23 20:03:54)
sigtop: skipping attachment without path (conversation: "Marianne Dotzer", sent: 2026-03-09 18:46:25)
sigtop: skipping attachment without path (conversation: "Marianne Dotzer", sent: 2026-03-11 00:33:17)
sigtop: skipping attachment without path (conversation: "Marianne Dotzer", sent: 2026-03-14 19:31:01)
sigtop: skipping attachment without path (conversation: "Marianne Dotzer", sent: 2026-03-20 20:21:58)
sigtop: skipping attachment without path (conversation: "Marianne Dotzer", sent: 2026-03-20 20:25:06)
sigtop: skipping attachment without path (conversation: "Marianne Dotzer", sent: 2026-03-20 21:05:20)
sigtop: skipping attachment without path (conversation: "Marianne Dotzer", sent: 2026-03-20 21:15:15)
sigtop: skipping attachment without path (conversation: "Marianne Dotzer", sent: 2026-03-21 03:28:44)
sigtop: skipping attachment without path (conversation: "Marianne Dotzer", sent: 2026-03-21 05:27:43)
sigtop: skipping attachment without path (conversation: "Marianne Dotzer", sent: 2026-03-26 22:22:59)
sigtop: skipping attachment without path (conversation: "Marianne Dotzer", sent: 2026-03-26 22:48:38)
sigtop: skipping attachment without path (conversation: "Marianne Dotzer", sent: 2026-03-26 23:02:23)
sigtop: skipping attachment without path (conversation: "Marianne Dotzer", sent: 2026-03-27 04:57:17)
sigtop: skipping attachment without path (conversation: "Marianne Dotzer", sent: 2026-03-27 19:28:25)
sigtop: skipping attachment without path (conversation: "Marianne Dotzer", sent: 2026-04-01 20:37:36)
sigtop: skipping attachment without path (conversation: "Marianne Dotzer", sent: 2026-04-01 20:41:08)
sigtop: skipping attachment without path (conversation: "Marianne Dotzer", sent: 2026-04-01 20:44:33)
sigtop: skipping attachment without path (conversation: "Marianne Dotzer", sent: 2026-04-01 23:25:05)
sigtop: skipping attachment without path (conversation: "Marianne Dotzer", sent: 2026-04-02 01:20:25)
sigtop: skipping attachment without path (conversation: "Marianne Dotzer", sent: 2026-04-03 00:48:14)
sigtop: skipping attachment without path (conversation: "Marianne Dotzer", sent: 2026-04-09 03:49:58)
sigtop: skipping attachment without path (conversation: "Marianne Dotzer", sent: 2026-04-14 16:49:36)
sigtop: skipping attachment without path (conversation: "Marianne Dotzer", sent: 2026-04-14 16:50:19)
sigtop: skipping attachment without path (conversation: "Marianne Dotzer", sent: 2026-04-14 16:56:35)
sigtop: skipping attachment without path (conversation: "Marianne Dotzer", sent: 2026-04-16 12:48:42)
sigtop: skipping attachment without path (conversation: "Marianne Dotzer", sent: 2026-04-16 15:31:02)
sigtop: skipping attachment without path (conversation: "Marianne Dotzer", sent: 2026-04-16 15:39:18)
sigtop: skipping attachment without path (conversation: "Marianne Dotzer", sent: 2026-04-19 02:34:40)
sigtop: skipping attachment without path (conversation: "Marianne Dotzer", sent: 2026-04-19 21:36:00)
sigtop: skipping attachment without path (conversation: "Marianne Dotzer", sent: 2026-04-21 16:31:10)
sigtop: skipping attachment without path (conversation: "Marianne Dotzer", sent: 2026-04-28 10:46:42)
sigtop: skipping attachment without path (conversation: "Marianne Dotzer", sent: 2026-04-28 10:46:54)
sigtop: skipping attachment without path (conversation: "Marianne Dotzer", sent: 2026-04-28 15:55:25)
sigtop: skipping attachment without path (conversation: "Marianne Dotzer", sent: 2026-04-28 15:56:37)
sigtop: skipping attachment without path (conversation: "Marianne Dotzer", sent: 2026-05-03 06:08:17)
sigtop: skipping attachment without path (conversation: "Mia Leu", sent: 2025-10-29 03:02:38)
sigtop: skipping attachment without path (conversation: "Mia Leu", sent: 2025-10-30 16:55:35)
sigtop: skipping attachment without path (conversation: "Mia Leu", sent: 2025-10-30 16:57:26)
sigtop: skipping attachment without path (conversation: "Mia Leu", sent: 2025-10-30 18:27:10)
sigtop: skipping attachment without path (conversation: "Mia Leu", sent: 2025-10-31 09:09:12)
sigtop: skipping attachment without path (conversation: "Mia Leu", sent: 2025-11-03 17:44:49)
sigtop: skipping attachment without path (conversation: "Mia Leu", sent: 2025-11-04 09:36:20)
sigtop: skipping attachment without path (conversation: "Mia Leu", sent: 2025-11-12 15:03:11)
sigtop: skipping attachment without path (conversation: "Mia Leu", sent: 2025-11-16 07:17:47)
sigtop: skipping attachment without path (conversation: "Mia Leu", sent: 2025-11-20 21:37:32)
sigtop: skipping attachment without path (conversation: "Mia Leu", sent: 2025-11-24 14:00:14)
sigtop: skipping attachment without path (conversation: "Mia Leu", sent: 2025-11-25 03:00:35)
sigtop: skipping attachment without path (conversation: "Mia Leu", sent: 2025-11-25 03:56:16)
sigtop: skipping attachment without path (conversation: "Mia Leu", sent: 2025-11-30 08:17:16)
sigtop: skipping attachment without path (conversation: "Mia Leu", sent: 2025-11-30 09:15:13)
sigtop: skipping attachment without path (conversation: "Mia Leu", sent: 2025-12-01 18:35:48)
sigtop: skipping attachment without path (conversation: "Mia Leu", sent: 2025-12-09 19:44:31)
sigtop: skipping attachment without path (conversation: "Mia Leu", sent: 2025-12-10 04:54:43)
sigtop: skipping attachment without path (conversation: "Mia Leu", sent: 2025-12-13 03:50:39)
sigtop: skipping attachment without path (conversation: "Mia Leu", sent: 2025-12-13 03:54:29)
sigtop: skipping attachment without path (conversation: "Mia Leu", sent: 2025-12-13 03:58:37)
sigtop: skipping attachment without path (conversation: "Mia Leu", sent: 2026-03-12 11:02:12)
sigtop: skipping attachment without path (conversation: "Sorellas e Freritos", sent: 2025-09-28 06:55:29)
sigtop: skipping attachment without path (conversation: "Sorellas e Freritos", sent: 2025-11-18 17:40:52)
sigtop: skipping attachment without path (conversation: "Sorellas e Freritos", sent: 2025-11-18 17:40:52)
sigtop: skipping attachment without path (conversation: "Sorellas e Freritos", sent: 2025-11-18 17:40:52)
sigtop: skipping attachment without path (conversation: "Sorellas e Freritos", sent: 2025-11-18 17:40:52)
sigtop: skipping attachment without path (conversation: "Sorellas e Freritos", sent: 2025-11-18 17:40:52)
sigtop: skipping attachment without path (conversation: "Sorellas e Freritos", sent: 2025-11-18 17:40:52)
sigtop: skipping attachment without path (conversation: "Sorellas e Freritos", sent: 2025-11-18 17:40:52)
sigtop: skipping attachment without path (conversation: "Sorellas e Freritos", sent: 2025-11-18 17:42:13)
sigtop: skipping attachment without path (conversation: "Sorellas e Freritos", sent: 2025-11-18 17:43:57)
sigtop: skipping attachment without path (conversation: "Sorellas e Freritos", sent: 2025-11-18 17:43:57)
sigtop: skipping attachment without path (conversation: "Sorellas e Freritos", sent: 2025-11-18 17:43:57)
sigtop: skipping attachment without path (conversation: "Sorellas e Freritos", sent: 2025-11-21 18:51:55)
sigtop: skipping attachment without path (conversation: "Sorellas e Freritos", sent: 2025-11-21 18:51:55)
sigtop: skipping attachment without path (conversation: "Sorellas e Freritos", sent: 2025-11-21 18:51:55)
sigtop: skipping attachment without path (conversation: "Sorellas e Freritos", sent: 2025-11-21 18:51:55)
sigtop: skipping attachment without path (conversation: "Sorellas e Freritos", sent: 2025-11-22 02:33:21)
sigtop: skipping attachment without path (conversation: "Sorellas e Freritos", sent: 2025-11-22 02:53:30)
sigtop: skipping attachment without path (conversation: "Sorellas e Freritos", sent: 2025-11-22 02:53:30)
sigtop: skipping attachment without path (conversation: "Sorellas e Freritos", sent: 2025-11-22 02:53:30)
sigtop: skipping attachment without path (conversation: "Sorellas e Freritos", sent: 2025-11-22 02:53:30)
sigtop: skipping attachment without path (conversation: "Sorellas e Freritos", sent: 2025-11-22 08:02:27)
sigtop: skipping attachment without path (conversation: "Sorellas e Freritos", sent: 2025-11-22 08:02:27)
sigtop: skipping attachment without path (conversation: "Sorellas e Freritos", sent: 2025-12-06 01:19:29)
sigtop: skipping attachment without path (conversation: "Sorellas e Freritos", sent: 2025-12-06 01:19:29)
sigtop: skipping attachment without path (conversation: "Sorellas e Freritos", sent: 2025-12-06 01:19:29)
sigtop: skipping attachment without path (conversation: "Sorellas e Freritos", sent: 2025-12-06 01:19:29)
sigtop: skipping attachment without path (conversation: "Sorellas e Freritos", sent: 2025-12-06 01:19:29)
sigtop: skipping attachment without path (conversation: "Sorellas e Freritos", sent: 2025-12-06 01:19:29)
sigtop: skipping attachment without path (conversation: "Sorellas e Freritos", sent: 2025-12-06 01:19:29)
sigtop: skipping attachment without path (conversation: "Sorellas e Freritos", sent: 2025-12-06 01:19:29)
sigtop: skipping attachment without path (conversation: "Sorellas e Freritos", sent: 2025-12-06 01:19:29)
sigtop: skipping attachment without path (conversation: "Sorellas e Freritos", sent: 2025-12-06 01:19:29)
sigtop: skipping attachment without path (conversation: "Sorellas e Freritos", sent: 2025-12-06 01:19:29)
sigtop: skipping attachment without path (conversation: "Sorellas e Freritos", sent: 2025-12-06 01:19:29)
sigtop: skipping attachment without path (conversation: "Sorellas e Freritos", sent: 2025-12-06 01:19:29)
sigtop: skipping attachment without path (conversation: "Sorellas e Freritos", sent: 2025-12-06 05:56:26)
sigtop: skipping attachment without path (conversation: "Sorellas e Freritos", sent: 2025-12-19 01:19:51)
sigtop: skipping attachment without path (conversation: "Sorellas e Freritos", sent: 2025-12-19 01:19:51)
sigtop: skipping attachment without path (conversation: "Sorellas e Freritos", sent: 2025-12-19 01:19:51)
sigtop: skipping attachment without path (conversation: "Sorellas e Freritos", sent: 2025-12-26 00:48:17)
sigtop: skipping attachment without path (conversation: "Sorellas e Freritos", sent: 2025-12-27 00:38:23)
sigtop: skipping attachment without path (conversation: "Sorellas e Freritos", sent: 2025-12-27 00:38:23)
sigtop: skipping attachment without path (conversation: "Sorellas e Freritos", sent: 2025-12-27 00:38:23)
sigtop: skipping attachment without path (conversation: "Sorellas e Freritos", sent: 2025-12-27 00:40:41)
sigtop: skipping attachment without path (conversation: "Sorellas e Freritos", sent: 2025-12-27 00:40:41)
sigtop: skipping attachment without path (conversation: "Sorellas e Freritos", sent: 2025-12-29 05:44:12)
sigtop: skipping attachment without path (conversation: "Sorellas e Freritos", sent: 2025-12-30 03:09:14)
sigtop: skipping attachment without path (conversation: "Sorellas e Freritos", sent: 2025-12-30 03:09:14)
sigtop: skipping attachment without path (conversation: "Sorellas e Freritos", sent: 2025-12-30 03:09:14)
sigtop: skipping attachment without path (conversation: "Sorellas e Freritos", sent: 2025-12-30 03:09:14)
sigtop: skipping attachment without path (conversation: "Sorellas e Freritos", sent: 2025-12-30 03:09:14)
sigtop: skipping attachment without path (conversation: "Sorellas e Freritos", sent: 2026-01-03 06:01:12)
sigtop: skipping attachment without path (conversation: "Sorellas e Freritos", sent: 2026-01-03 06:01:12)
sigtop: skipping attachment without path (conversation: "Sorellas e Freritos", sent: 2026-01-03 06:46:35)
sigtop: skipping attachment without path (conversation: "Sorellas e Freritos", sent: 2026-01-03 10:36:15)
sigtop: skipping attachment without path (conversation: "Sorellas e Freritos", sent: 2026-01-03 10:36:15)
sigtop: skipping attachment without path (conversation: "Sorellas e Freritos", sent: 2026-01-03 10:36:15)
sigtop: skipping attachment without path (conversation: "Sorellas e Freritos", sent: 2026-01-04 11:49:19)
sigtop: skipping attachment without path (conversation: "Sorellas e Freritos", sent: 2026-01-04 11:52:29)
sigtop: skipping attachment without path (conversation: "Sorellas e Freritos", sent: 2026-01-07 20:04:17)
sigtop: skipping attachment without path (conversation: "Sorellas e Freritos", sent: 2026-01-07 20:04:17)
sigtop: skipping attachment without path (conversation: "Sorellas e Freritos", sent: 2026-01-07 20:04:17)
sigtop: skipping attachment without path (conversation: "Sorellas e Freritos", sent: 2026-01-07 20:04:17)
sigtop: skipping attachment without path (conversation: "Sorellas e Freritos", sent: 2026-01-07 20:04:17)
sigtop: skipping attachment without path (conversation: "Sorellas e Freritos", sent: 2026-01-07 20:04:17)
sigtop: skipping attachment without path (conversation: "Sorellas e Freritos", sent: 2026-01-07 20:04:17)
sigtop: skipping attachment without path (conversation: "Sorellas e Freritos", sent: 2026-01-07 20:04:17)
sigtop: skipping attachment without path (conversation: "Sorellas e Freritos", sent: 2026-01-07 20:04:17)
sigtop: skipping attachment without path (conversation: "Sorellas e Freritos", sent: 2026-01-07 20:17:54)
sigtop: skipping attachment without path (conversation: "Sorellas e Freritos", sent: 2026-01-11 03:14:01)
sigtop: skipping attachment without path (conversation: "Sorellas e Freritos", sent: 2026-01-11 03:14:01)
sigtop: skipping attachment without path (conversation: "Sorellas e Freritos", sent: 2026-01-11 03:14:01)
sigtop: skipping attachment without path (conversation: "Sorellas e Freritos", sent: 2026-01-11 03:14:01)
sigtop: skipping attachment without path (conversation: "Sorellas e Freritos", sent: 2026-01-11 03:14:01)
sigtop: skipping attachment without path (conversation: "Sorellas e Freritos", sent: 2026-01-11 03:14:01)
sigtop: skipping attachment without path (conversation: "Sorellas e Freritos", sent: 2026-01-11 04:28:47)
sigtop: skipping attachment without path (conversation: "Sorellas e Freritos", sent: 2026-01-11 04:28:47)
sigtop: skipping attachment without path (conversation: "Sorellas e Freritos", sent: 2026-01-11 04:28:47)
sigtop: skipping attachment without path (conversation: "Sorellas e Freritos", sent: 2026-01-11 04:28:47)
sigtop: skipping attachment without path (conversation: "Sorellas e Freritos", sent: 2026-01-11 04:28:47)
sigtop: skipping attachment without path (conversation: "Sorellas e Freritos", sent: 2026-01-11 04:28:47)
sigtop: skipping attachment without path (conversation: "Sorellas e Freritos", sent: 2026-01-11 04:28:47)
sigtop: skipping attachment without path (conversation: "Sorellas e Freritos", sent: 2026-01-16 03:37:12)
sigtop: skipping attachment without path (conversation: "Sorellas e Freritos", sent: 2026-01-16 03:38:11)
sigtop: skipping attachment without path (conversation: "Sorellas e Freritos", sent: 2026-01-17 20:13:12)
sigtop: skipping attachment without path (conversation: "Sorellas e Freritos", sent: 2026-01-20 23:59:48)
sigtop: skipping attachment without path (conversation: "Sorellas e Freritos", sent: 2026-01-20 23:59:48)
sigtop: skipping attachment without path (conversation: "Sorellas e Freritos", sent: 2026-01-20 23:59:48)
sigtop: skipping attachment without path (conversation: "Sorellas e Freritos", sent: 2026-01-29 22:37:35)
sigtop: skipping attachment without path (conversation: "Sorellas e Freritos", sent: 2026-02-03 19:41:35)
sigtop: skipping attachment without path (conversation: "Sorellas e Freritos", sent: 2026-02-03 19:41:35)
sigtop: skipping attachment without path (conversation: "Sorellas e Freritos", sent: 2026-02-03 19:41:35)
sigtop: skipping attachment without path (conversation: "Sorellas e Freritos", sent: 2026-02-03 19:41:35)
sigtop: skipping attachment without path (conversation: "Sorellas e Freritos", sent: 2026-02-03 19:41:35)
sigtop: skipping attachment without path (conversation: "Sorellas e Freritos", sent: 2026-02-03 19:41:35)
sigtop: skipping attachment without path (conversation: "Sorellas e Freritos", sent: 2026-02-03 19:41:35)
sigtop: skipping attachment without path (conversation: "Sorellas e Freritos", sent: 2026-02-24 07:30:10)
sigtop: skipping attachment without path (conversation: "Sorellas e Freritos", sent: 2026-02-24 07:30:10)
sigtop: skipping attachment without path (conversation: "Sorellas e Freritos", sent: 2026-02-24 07:30:10)
sigtop: skipping attachment without path (conversation: "Sorellas e Freritos", sent: 2026-02-24 07:30:10)
sigtop: skipping attachment without path (conversation: "Sorellas e Freritos", sent: 2026-02-24 07:30:10)
sigtop: skipping attachment without path (conversation: "Sorellas e Freritos", sent: 2026-02-24 07:30:10)
sigtop: skipping attachment without path (conversation: "Sorellas e Freritos", sent: 2026-02-24 08:31:11)
sigtop: skipping attachment without path (conversation: "Sorellas e Freritos", sent: 2026-02-24 08:31:11)
sigtop: skipping attachment without path (conversation: "Sorellas e Freritos", sent: 2026-02-24 08:31:55)
sigtop: skipping attachment without path (conversation: "Sorellas e Freritos", sent: 2026-02-24 08:31:55)
sigtop: skipping attachment without path (conversation: "Sorellas e Freritos", sent: 2026-02-24 08:31:55)
sigtop: skipping attachment without path (conversation: "Sorellas e Freritos", sent: 2026-02-24 08:31:55)
sigtop: skipping attachment without path (conversation: "Sorellas e Freritos", sent: 2026-02-24 08:31:55)
sigtop: skipping attachment without path (conversation: "Sorellas e Freritos", sent: 2026-02-24 08:31:55)
sigtop: skipping attachment without path (conversation: "Sorellas e Freritos", sent: 2026-02-24 08:31:55)
sigtop: skipping attachment without path (conversation: "Sorellas e Freritos", sent: 2026-02-24 08:31:55)
sigtop: skipping attachment without path (conversation: "Sorellas e Freritos", sent: 2026-02-24 08:31:55)
sigtop: skipping attachment without path (conversation: "Sorellas e Freritos", sent: 2026-02-27 13:43:20)
sigtop: skipping attachment without path (conversation: "Sorellas e Freritos", sent: 2026-03-28 20:03:53)
sigtop: skipping attachment without path (conversation: "Sorellas e Freritos", sent: 2026-03-28 20:03:53)
sigtop: skipping attachment without path (conversation: "Sorellas e Freritos", sent: 2026-03-28 20:03:53)
sigtop: skipping attachment without path (conversation: "Sorellas e Freritos", sent: 2026-03-28 20:03:53)
sigtop: skipping attachment without path (conversation: "Sorellas e Freritos", sent: 2026-03-28 20:03:53)
sigtop: skipping attachment without path (conversation: "Sorellas e Freritos", sent: 2026-03-28 20:03:53)
sigtop: skipping attachment without path (conversation: "Sorellas e Freritos", sent: 2026-03-28 20:03:53)
sigtop: skipping attachment without path (conversation: "Sorellas e Freritos", sent: 2026-03-28 20:03:53)
sigtop: skipping attachment without path (conversation: "Sorellas e Freritos", sent: 2026-03-28 20:03:53)
sigtop: skipping attachment without path (conversation: "Sorellas e Freritos", sent: 2026-03-28 20:03:53)
sigtop: skipping attachment without path (conversation: "Sorellas e Freritos", sent: 2026-03-28 20:03:53)
sigtop: skipping attachment without path (conversation: "Sorellas e Freritos", sent: 2026-03-28 20:05:27)
sigtop: skipping attachment without path (conversation: "Sorellas e Freritos", sent: 2026-03-29 20:02:24)
sigtop: skipping attachment without path (conversation: "Sorellas e Freritos", sent: 2026-04-01 05:24:53)
sigtop: skipping attachment without path (conversation: "Sorellas e Freritos", sent: 2026-04-04 07:00:52)
sigtop: skipping attachment without path (conversation: "Sorellas e Freritos", sent: 2026-04-04 07:01:00)
sigtop: skipping attachment without path (conversation: "Sorellas e Freritos", sent: 2026-04-04 07:04:15)
sigtop: skipping attachment without path (conversation: "Sorellas e Freritos", sent: 2026-04-04 07:04:15)
sigtop: skipping attachment without path (conversation: "Sorellas e Freritos", sent: 2026-04-04 17:29:40)
sigtop: skipping attachment without path (conversation: "Sorellas e Freritos", sent: 2026-04-04 17:29:40)
sigtop: skipping attachment without path (conversation: "Sorellas e Freritos", sent: 2026-04-04 17:29:40)
sigtop: skipping attachment without path (conversation: "Sorellas e Freritos", sent: 2026-04-04 17:29:40)
sigtop: skipping attachment without path (conversation: "Sorellas e Freritos", sent: 2026-04-04 17:29:40)
sigtop: skipping attachment without path (conversation: "Sorellas e Freritos", sent: 2026-04-04 17:29:40)
sigtop: skipping attachment without path (conversation: "Sorellas e Freritos", sent: 2026-04-04 18:42:30)
sigtop: skipping attachment without path (conversation: "Sorellas e Freritos", sent: 2026-04-10 19:12:23)
sigtop: skipping attachment without path (conversation: "Sorellas e Freritos", sent: 2026-04-10 19:12:23)
sigtop: skipping attachment without path (conversation: "Sorellas e Freritos", sent: 2026-04-10 19:12:23)
sigtop: skipping attachment without path (conversation: "Sorellas e Freritos", sent: 2026-04-10 19:12:23)
sigtop: skipping attachment without path (conversation: "Sorellas e Freritos", sent: 2026-04-10 20:56:55)
sigtop: skipping attachment without path (conversation: "Sorellas e Freritos", sent: 2026-04-10 20:58:42)
sigtop: skipping attachment without path (conversation: "Sorellas e Freritos", sent: 2026-04-18 02:53:49)
sigtop: skipping attachment without path (conversation: "Sorellas e Freritos", sent: 2026-04-18 02:58:42)
sigtop: skipping attachment without path (conversation: "Sorellas e Freritos", sent: 2026-04-18 03:09:10)
sigtop: skipping attachment without path (conversation: "Sorellas e Freritos", sent: 2026-04-18 05:47:00)
sigtop: skipping attachment without path (conversation: "Sorellas e Freritos", sent: 2026-04-18 05:58:09)
sigtop: skipping attachment without path (conversation: "Sorellas e Freritos", sent: 2026-04-18 06:43:14)
sigtop: skipping attachment without path (conversation: "Sorellas e Freritos", sent: 2026-04-25 19:14:27)
sigtop: skipping attachment without path (conversation: "Sorellas e Freritos", sent: 2026-04-25 19:14:27)
sigtop: skipping attachment without path (conversation: "Sorellas e Freritos", sent: 2026-04-30 17:06:53)
sigtop: skipping attachment without path (conversation: "Sorellas e Freritos", sent: 2026-05-03 17:01:34)
Signal: 16 convos
WhatsApp (Mac): 56 convos
Added Dulcesita (iPhone): 10992 msgs, 771 voice msgs
Added Simon Baumann (iPhone): 1119 msgs, 6 voice msgs

Written: /Users/rafaelhorvat/__code__/chat_backup/data/index.html
Conversations: 72
Total messages: 14294
Audio files (voice msgs): 854
Total media files: 1709

[2026-08-03 14:01:38] ChatBackupSync run
sigtop: skipping attachment without path (conversation: "Lina Leu", sent: 2025-10-06 21:58:43)
sigtop: skipping attachment without path (conversation: "Lina Leu", sent: 2025-10-29 02:54:44)
sigtop: skipping attachment without path (conversation: "Lina Leu", sent: 2025-10-29 03:41:04)
sigtop: skipping attachment without path (conversation: "Isabelle Leu", sent: 2025-12-09 22:54:07)
sigtop: skipping attachment without path (conversation: "Isabelle Leu", sent: 2025-12-09 22:54:07)
sigtop: skipping attachment without path (conversation: "Isabelle Leu", sent: 2025-12-09 22:54:07)
sigtop: skipping attachment without path (conversation: "Isabelle Leu", sent: 2025-12-09 22:54:07)
sigtop: skipping attachment without path (conversation: "Isabelle Leu", sent: 2025-12-09 22:55:13)
sigtop: skipping attachment without path (conversation: "Isabelle Leu", sent: 2025-12-09 22:55:13)
sigtop: skipping attachment without path (conversation: "Isabelle Leu", sent: 2025-12-09 22:55:13)
sigtop: skipping attachment without path (conversation: "Isabelle Leu", sent: 2025-12-09 22:55:13)
sigtop: skipping attachment without path (conversation: "Isabelle Leu", sent: 2025-12-09 22:55:13)
sigtop: skipping attachment without path (conversation: "Isabelle Leu", sent: 2025-12-09 22:58:22)
sigtop: skipping attachment without path (conversation: "Isabelle Leu", sent: 2025-12-09 23:03:36)
sigtop: skipping attachment without path (conversation: "Isabelle Leu", sent: 2025-12-19 02:28:17)
sigtop: skipping attachment without path (conversation: "Isabelle Leu", sent: 2026-02-07 18:57:25)
sigtop: skipping attachment without path (conversation: "Isabelle Leu", sent: 2026-02-07 19:02:58)
sigtop: skipping attachment without path (conversation: "Isabelle Leu", sent: 2026-02-07 22:58:52)
sigtop: skipping attachment without path (conversation: "Isabelle Leu", sent: 2026-02-07 23:07:46)
sigtop: skipping attachment without path (conversation: "Isabelle Leu", sent: 2026-02-12 20:42:19)
sigtop: skipping attachment without path (conversation: "Isabelle Leu", sent: 2026-02-13 01:21:24)
sigtop: skipping attachment without path (conversation: "Isabelle Leu", sent: 2026-04-15 09:21:35)
sigtop: skipping attachment without path (conversation: "Isabelle Leu", sent: 2026-04-15 17:37:46)
sigtop: skipping attachment without path (conversation: "Isabelle Leu", sent: 2026-04-15 17:39:23)
sigtop: skipping attachment without path (conversation: "Isabelle Leu", sent: 2026-04-15 17:43:43)
sigtop: skipping attachment without path (conversation: "Isabelle Leu", sent: 2026-04-15 17:43:43)
sigtop: skipping attachment without path (conversation: "Isabelle Leu", sent: 2026-04-15 17:43:43)
sigtop: skipping attachment without path (conversation: "Isabelle Leu", sent: 2026-04-15 17:44:09)
sigtop: skipping attachment without path (conversation: "Isabelle Leu", sent: 2026-04-15 17:44:09)
sigtop: skipping attachment without path (conversation: "Isabelle Leu", sent: 2026-04-15 17:44:09)
sigtop: skipping attachment without path (conversation: "Isabelle Leu", sent: 2026-04-15 17:44:09)
sigtop: skipping attachment without path (conversation: "Isabelle Leu", sent: 2026-04-15 17:44:09)
sigtop: skipping attachment without path (conversation: "Isabelle Leu", sent: 2026-04-15 17:44:09)
sigtop: skipping attachment without path (conversation: "Isabelle Leu", sent: 2026-04-15 17:44:09)
sigtop: skipping attachment without path (conversation: "Isabelle Leu", sent: 2026-04-15 17:44:09)
sigtop: skipping attachment without path (conversation: "Isabelle Leu", sent: 2026-04-15 17:44:09)
sigtop: skipping attachment without path (conversation: "Isabelle Leu", sent: 2026-04-15 17:48:29)
sigtop: skipping attachment without path (conversation: "Isabelle Leu", sent: 2026-04-15 17:48:29)
sigtop: skipping attachment without path (conversation: "Isabelle Leu", sent: 2026-04-15 17:48:29)
sigtop: skipping attachment without path (conversation: "Isabelle Leu", sent: 2026-04-15 17:48:29)
sigtop: skipping attachment without path (conversation: "Isabelle Leu", sent: 2026-04-15 17:48:29)
sigtop: skipping attachment without path (conversation: "Isabelle Leu", sent: 2026-04-15 17:48:29)
sigtop: skipping attachment without path (conversation: "Isabelle Leu", sent: 2026-04-15 17:48:29)
sigtop: skipping attachment without path (conversation: "Isabelle Leu", sent: 2026-04-15 17:48:29)
sigtop: skipping attachment without path (conversation: "Isabelle Leu", sent: 2026-04-15 18:00:11)
sigtop: skipping attachment without path (conversation: "Isabelle Leu", sent: 2026-04-15 18:09:34)
sigtop: skipping attachment without path (conversation: "Isabelle Leu", sent: 2026-04-16 12:54:57)
sigtop: skipping attachment without path (conversation: "Isabelle Leu", sent: 2026-04-16 16:30:20)
sigtop: skipping attachment without path (conversation: "Isabelle Leu", sent: 2026-04-16 16:33:02)
sigtop: skipping attachment without path (conversation: "Isabelle Leu", sent: 2026-04-16 16:47:56)
sigtop: skipping attachment without path (conversation: "Isabelle Leu", sent: 2026-04-29 21:55:43)
sigtop: skipping attachment without path (conversation: "Gabriel Horvat", sent: 2025-11-07 02:06:27)
sigtop: skipping attachment without path (conversation: "Gabriel Horvat", sent: 2025-11-07 02:06:27)
sigtop: skipping attachment without path (conversation: "Gabriel Horvat", sent: 2025-11-07 02:06:27)
sigtop: skipping attachment without path (conversation: "Gabriel Horvat", sent: 2025-11-07 02:06:27)
sigtop: skipping attachment without path (conversation: "Gabriel Horvat", sent: 2025-11-07 02:06:27)
sigtop: skipping attachment without path (conversation: "Gabriel Horvat", sent: 2025-11-07 02:06:27)
sigtop: skipping attachment without path (conversation: "Gabriel Horvat", sent: 2025-11-27 02:25:16)
sigtop: skipping attachment without path (conversation: "Gabriel Horvat", sent: 2025-12-01 02:47:57)
sigtop: skipping attachment without path (conversation: "Gabriel Horvat", sent: 2025-12-02 05:25:55)
sigtop: skipping attachment without path (conversation: "Gabriel Horvat", sent: 2025-12-17 01:47:01)
sigtop: skipping attachment without path (conversation: "Gabriel Horvat", sent: 2025-12-17 01:47:01)
sigtop: skipping attachment without path (conversation: "Gabriel Horvat", sent: 2025-12-17 01:47:01)
sigtop: skipping attachment without path (conversation: "Gabriel Horvat", sent: 2025-12-17 01:47:01)
sigtop: skipping attachment without path (conversation: "Gabriel Horvat", sent: 2025-12-17 01:47:01)
sigtop: skipping attachment without path (conversation: "Gabriel Horvat", sent: 2025-12-17 01:47:01)
sigtop: skipping attachment without path (conversation: "Gabriel Horvat", sent: 2025-12-17 01:47:01)
sigtop: skipping attachment without path (conversation: "Gabriel Horvat", sent: 2025-12-17 01:47:01)
sigtop: skipping attachment without path (conversation: "Gabriel Horvat", sent: 2025-12-17 01:47:01)
sigtop: skipping attachment without path (conversation: "Gabriel Horvat", sent: 2025-12-17 01:47:01)
sigtop: skipping attachment without path (conversation: "Gabriel Horvat", sent: 2025-12-17 01:47:01)
sigtop: skipping attachment without path (conversation: "Gabriel Horvat", sent: 2025-12-17 01:47:01)
sigtop: skipping attachment without path (conversation: "Gabriel Horvat", sent: 2025-12-17 01:47:01)
sigtop: skipping attachment without path (conversation: "Photos voyages", sent: 2026-03-19 06:47:39)
sigtop: skipping attachment without path (conversation: "Photos voyages", sent: 2026-03-19 06:47:39)
sigtop: skipping attachment without path (conversation: "Photos voyages", sent: 2026-03-19 06:47:39)
sigtop: skipping attachment without path (conversation: "Photos voyages", sent: 2026-03-19 06:47:39)
sigtop: skipping attachment without path (conversation: "Photos voyages", sent: 2026-03-19 06:47:39)
sigtop: skipping attachment without path (conversation: "Photos voyages", sent: 2026-03-19 06:47:39)
sigtop: skipping attachment without path (conversation: "Photos voyages", sent: 2026-03-19 06:47:39)
sigtop: skipping attachment without path (conversation: "Photos voyages", sent: 2026-03-19 06:47:39)
sigtop: skipping attachment without path (conversation: "Photos voyages", sent: 2026-03-19 06:47:39)
sigtop: skipping attachment without path (conversation: "Photos voyages", sent: 2026-03-19 06:47:39)
sigtop: skipping attachment without path (conversation: "Photos voyages", sent: 2026-03-19 06:47:39)
sigtop: skipping attachment without path (conversation: "Photos voyages", sent: 2026-03-19 06:47:39)
sigtop: skipping attachment without path (conversation: "Photos voyages", sent: 2026-03-19 06:47:39)
sigtop: skipping attachment without path (conversation: "Photos voyages", sent: 2026-03-19 06:47:39)
sigtop: skipping attachment without path (conversation: "Photos voyages", sent: 2026-03-19 06:47:39)
sigtop: skipping attachment without path (conversation: "Photos voyages", sent: 2026-03-19 06:47:39)
sigtop: skipping attachment without path (conversation: "Photos voyages", sent: 2026-03-19 06:47:39)
sigtop: skipping attachment without path (conversation: "Photos voyages", sent: 2026-03-19 06:47:39)
sigtop: skipping attachment without path (conversation: "Photos voyages", sent: 2026-03-21 20:19:52)
sigtop: skipping attachment without path (conversation: "Photos voyages", sent: 2026-03-21 20:19:52)
sigtop: skipping attachment without path (conversation: "Photos voyages", sent: 2026-03-21 20:19:52)
sigtop: skipping attachment without path (conversation: "Photos voyages", sent: 2026-03-21 20:21:00)
sigtop: skipping attachment without path (conversation: "Photos voyages", sent: 2026-03-21 20:21:00)
sigtop: skipping attachment without path (conversation: "Photos voyages", sent: 2026-04-03 03:30:30)
sigtop: skipping attachment without path (conversation: "Photos voyages", sent: 2026-04-03 03:30:37)
sigtop: skipping attachment without path (conversation: "Photos voyages", sent: 2026-04-03 03:30:45)
sigtop: skipping attachment without path (conversation: "Photos voyages", sent: 2026-04-03 03:31:19)
sigtop: skipping attachment without path (conversation: "Photos voyages", sent: 2026-04-03 03:31:58)
sigtop: skipping attachment without path (conversation: "Photos voyages", sent: 2026-04-03 03:32:14)
sigtop: skipping attachment without path (conversation: "Photos voyages", sent: 2026-04-03 03:32:52)
sigtop: skipping attachment without path (conversation: "Photos voyages", sent: 2026-04-03 20:14:17)
sigtop: skipping attachment without path (conversation: "Photos voyages", sent: 2026-04-03 20:14:17)
sigtop: skipping attachment without path (conversation: "Photos voyages", sent: 2026-04-03 20:14:17)
sigtop: skipping attachment without path (conversation: "Photos voyages", sent: 2026-04-03 20:14:17)
sigtop: skipping attachment without path (conversation: "Photos voyages", sent: 2026-04-03 20:16:53)
sigtop: skipping attachment without path (conversation: "Photos voyages", sent: 2026-04-03 20:17:22)
sigtop: skipping attachment without path (conversation: "Photos voyages", sent: 2026-04-04 05:27:52)
sigtop: skipping attachment without path (conversation: "Photos voyages", sent: 2026-04-04 05:28:06)
sigtop: skipping attachment without path (conversation: "Photos voyages", sent: 2026-04-04 05:30:03)
sigtop: skipping attachment without path (conversation: "Photos voyages", sent: 2026-04-04 05:32:26)
sigtop: skipping attachment without path (conversation: "Photos voyages", sent: 2026-04-14 05:13:21)
sigtop: skipping attachment without path (conversation: "Photos voyages", sent: 2026-04-14 05:13:21)
sigtop: skipping attachment without path (conversation: "Photos voyages", sent: 2026-04-14 05:13:21)
sigtop: skipping attachment without path (conversation: "Photos voyages", sent: 2026-04-14 05:13:21)
sigtop: skipping attachment without path (conversation: "Photos voyages", sent: 2026-04-14 05:13:21)
sigtop: skipping attachment without path (conversation: "Photos voyages", sent: 2026-04-14 05:13:21)
sigtop: skipping attachment without path (conversation: "Photos voyages", sent: 2026-04-14 05:13:21)
sigtop: skipping attachment without path (conversation: "Photos voyages", sent: 2026-04-14 05:13:21)
sigtop: skipping attachment without path (conversation: "Photos voyages", sent: 2026-04-14 05:13:21)
sigtop: skipping attachment without path (conversation: "Photos voyages", sent: 2026-04-14 05:13:21)
sigtop: skipping attachment without path (conversation: "Photos voyages", sent: 2026-04-14 05:13:21)
sigtop: skipping attachment without path (conversation: "Photos voyages", sent: 2026-04-14 05:13:21)
sigtop: skipping attachment without path (conversation: "Photos voyages", sent: 2026-04-14 05:13:21)
sigtop: skipping attachment without path (conversation: "Photos voyages", sent: 2026-04-14 05:13:21)
sigtop: skipping attachment without path (conversation: "Photos voyages", sent: 2026-04-14 05:13:21)
sigtop: skipping attachment without path (conversation: "Photos voyages", sent: 2026-04-14 05:13:21)
sigtop: skipping attachment without path (conversation: "Photos voyages", sent: 2026-04-23 21:32:01)
sigtop: skipping attachment without path (conversation: "Photos voyages", sent: 2026-04-23 21:33:34)
sigtop: skipping attachment without path (conversation: "Photos voyages", sent: 2026-04-23 21:33:34)
sigtop: skipping attachment without path (conversation: "Photos voyages", sent: 2026-04-23 21:33:34)
sigtop: skipping attachment without path (conversation: "Photos voyages", sent: 2026-04-23 21:33:34)
sigtop: skipping attachment without path (conversation: "Photos voyages", sent: 2026-04-23 21:33:34)
sigtop: skipping attachment without path (conversation: "Photos voyages", sent: 2026-04-23 21:33:34)
sigtop: skipping attachment without path (conversation: "Photos voyages", sent: 2026-04-23 21:33:34)
sigtop: skipping attachment without path (conversation: "Photos voyages", sent: 2026-04-23 21:33:34)
sigtop: skipping attachment without path (conversation: "Photos voyages", sent: 2026-04-23 21:33:34)
sigtop: skipping attachment without path (conversation: "Photos voyages", sent: 2026-04-23 21:33:34)
sigtop: skipping attachment without path (conversation: "Photos voyages", sent: 2026-04-23 21:33:34)
sigtop: skipping attachment without path (conversation: "Photos voyages", sent: 2026-04-23 21:33:34)
sigtop: skipping attachment without path (conversation: "Photos voyages", sent: 2026-04-23 21:33:34)
sigtop: skipping attachment without path (conversation: "Photos voyages", sent: 2026-04-23 21:33:34)
sigtop: skipping attachment without path (conversation: "Photos voyages", sent: 2026-04-23 21:33:34)
sigtop: skipping attachment without path (conversation: "Photos voyages", sent: 2026-04-23 21:34:44)
sigtop: skipping attachment without path (conversation: "Photos voyages", sent: 2026-04-23 21:34:44)
sigtop: skipping attachment without path (conversation: "Photos voyages", sent: 2026-04-23 21:34:44)
sigtop: skipping attachment without path (conversation: "Photos voyages", sent: 2026-04-25 21:58:51)
sigtop: skipping attachment without path (conversation: "Photos voyages", sent: 2026-04-25 21:58:51)
sigtop: skipping attachment without path (conversation: "Photos voyages", sent: 2026-05-04 00:54:03)
sigtop: skipping attachment without path (conversation: "Photos voyages", sent: 2026-05-04 00:55:08)
sigtop: skipping attachment without path (conversation: "Photos voyages", sent: 2026-05-04 00:55:56)
sigtop: skipping attachment without path (conversation: "Photos voyages", sent: 2026-05-04 00:56:50)
sigtop: skipping attachment without path (conversation: "Photos voyages", sent: 2026-05-04 00:57:40)
sigtop: skipping attachment without path (conversation: "Photos voyages", sent: 2026-05-04 00:58:28)
sigtop: skipping attachment without path (conversation: "Photos voyages", sent: 2026-05-04 00:59:10)
sigtop: skipping attachment without path (conversation: "Photos voyages", sent: 2026-05-30 23:13:48)
sigtop: skipping attachment without path (conversation: "Mia Leu", sent: 2025-10-29 03:02:38)
sigtop: skipping attachment without path (conversation: "Mia Leu", sent: 2025-10-30 16:55:35)
sigtop: skipping attachment without path (conversation: "Mia Leu", sent: 2025-10-30 16:57:26)
sigtop: skipping attachment without path (conversation: "Mia Leu", sent: 2025-10-30 18:27:10)
sigtop: skipping attachment without path (conversation: "Mia Leu", sent: 2025-10-31 09:09:12)
sigtop: skipping attachment without path (conversation: "Mia Leu", sent: 2025-11-03 17:44:49)
sigtop: skipping attachment without path (conversation: "Mia Leu", sent: 2025-11-04 09:36:20)
sigtop: skipping attachment without path (conversation: "Mia Leu", sent: 2025-11-12 15:03:11)
sigtop: skipping attachment without path (conversation: "Mia Leu", sent: 2025-11-16 07:17:47)
sigtop: skipping attachment without path (conversation: "Mia Leu", sent: 2025-11-20 21:37:32)
sigtop: skipping attachment without path (conversation: "Mia Leu", sent: 2025-11-24 14:00:14)
sigtop: skipping attachment without path (conversation: "Mia Leu", sent: 2025-11-25 03:00:35)
sigtop: skipping attachment without path (conversation: "Mia Leu", sent: 2025-11-25 03:56:16)
sigtop: skipping attachment without path (conversation: "Mia Leu", sent: 2025-11-30 08:17:16)
sigtop: skipping attachment without path (conversation: "Mia Leu", sent: 2025-11-30 09:15:13)
sigtop: skipping attachment without path (conversation: "Mia Leu", sent: 2025-12-01 18:35:48)
sigtop: skipping attachment without path (conversation: "Mia Leu", sent: 2025-12-09 19:44:31)
sigtop: skipping attachment without path (conversation: "Mia Leu", sent: 2025-12-10 04:54:43)
sigtop: skipping attachment without path (conversation: "Mia Leu", sent: 2025-12-13 03:50:39)
sigtop: skipping attachment without path (conversation: "Mia Leu", sent: 2025-12-13 03:54:29)
sigtop: skipping attachment without path (conversation: "Mia Leu", sent: 2025-12-13 03:58:37)
sigtop: skipping attachment without path (conversation: "Mia Leu", sent: 2026-03-12 11:02:12)
sigtop: skipping attachment without path (conversation: "Lisa Dotzer", sent: 2025-11-26 00:29:23)
sigtop: skipping attachment without path (conversation: "Lisa Dotzer", sent: 2025-11-26 23:30:43)
sigtop: skipping attachment without path (conversation: "Lisa Dotzer", sent: 2025-11-27 00:08:30)
sigtop: skipping attachment without path (conversation: "Lisa Dotzer", sent: 2025-11-28 23:35:42)
sigtop: skipping attachment without path (conversation: "Lisa Dotzer", sent: 2025-12-10 06:29:28)
sigtop: skipping attachment without path (conversation: "Lisa Dotzer", sent: 2025-12-19 01:19:51)
sigtop: skipping attachment without path (conversation: "Lisa Dotzer", sent: 2025-12-19 01:19:51)
sigtop: skipping attachment without path (conversation: "Lisa Dotzer", sent: 2025-12-19 01:19:51)
sigtop: skipping attachment without path (conversation: "Lisa Dotzer", sent: 2026-01-07 20:05:25)
sigtop: skipping attachment without path (conversation: "Lisa Dotzer", sent: 2026-01-07 20:05:25)
sigtop: skipping attachment without path (conversation: "Lisa Dotzer", sent: 2026-01-07 20:05:25)
sigtop: skipping attachment without path (conversation: "Lisa Dotzer", sent: 2026-01-07 20:05:25)
sigtop: skipping attachment without path (conversation: "Lisa Dotzer", sent: 2026-01-07 20:05:25)
sigtop: skipping attachment without path (conversation: "Lisa Dotzer", sent: 2026-01-07 20:05:25)
sigtop: skipping attachment without path (conversation: "Lisa Dotzer", sent: 2026-01-07 20:05:25)
sigtop: skipping attachment without path (conversation: "Lisa Dotzer", sent: 2026-01-07 20:05:25)
sigtop: skipping attachment without path (conversation: "Lisa Dotzer", sent: 2026-01-07 20:05:25)
sigtop: skipping attachment without path (conversation: "Lisa Dotzer", sent: 2026-01-08 18:08:42)
sigtop: skipping attachment without path (conversation: "Lisa Dotzer", sent: 2026-01-08 18:17:09)
sigtop: skipping attachment without path (conversation: "Lisa Dotzer", sent: 2026-01-08 18:17:09)
sigtop: skipping attachment without path (conversation: "Lisa Dotzer", sent: 2026-01-15 07:51:30)
sigtop: skipping attachment without path (conversation: "Lisa Dotzer", sent: 2026-01-15 07:55:22)
sigtop: skipping attachment without path (conversation: "Lisa Dotzer", sent: 2026-01-15 12:16:20)
sigtop: skipping attachment without path (conversation: "Lisa Dotzer", sent: 2026-01-20 23:56:20)
sigtop: skipping attachment without path (conversation: "Lisa Dotzer", sent: 2026-01-20 23:56:20)
sigtop: skipping attachment without path (conversation: "Lisa Dotzer", sent: 2026-01-20 23:56:20)
sigtop: skipping attachment without path (conversation: "Lisa Dotzer", sent: 2026-02-17 18:09:58)
sigtop: skipping attachment without path (conversation: "Lisa Dotzer", sent: 2026-02-17 18:09:58)
sigtop: skipping attachment without path (conversation: "Lisa Dotzer", sent: 2026-02-17 18:09:58)
sigtop: skipping attachment without path (conversation: "Lisa Dotzer", sent: 2026-02-17 18:09:58)
sigtop: skipping attachment without path (conversation: "Lisa Dotzer", sent: 2026-02-17 18:09:58)
sigtop: skipping attachment without path (conversation: "Lisa Dotzer", sent: 2026-02-17 18:09:58)
sigtop: skipping attachment without path (conversation: "Lisa Dotzer", sent: 2026-02-17 20:38:34)
sigtop: skipping attachment without path (conversation: "Lisa Dotzer", sent: 2026-02-17 20:38:34)
sigtop: skipping attachment without path (conversation: "Lisa Dotzer", sent: 2026-02-17 20:38:34)
sigtop: skipping attachment without path (conversation: "Lisa Dotzer", sent: 2026-03-28 20:06:50)
sigtop: skipping attachment without path (conversation: "Lisa Dotzer", sent: 2026-03-28 20:06:50)
sigtop: skipping attachment without path (conversation: "Lisa Dotzer", sent: 2026-03-28 20:06:50)
sigtop: skipping attachment without path (conversation: "Lisa Dotzer", sent: 2026-03-28 20:06:50)
sigtop: skipping attachment without path (conversation: "Lisa Dotzer", sent: 2026-03-28 20:06:50)
sigtop: skipping attachment without path (conversation: "Lisa Dotzer", sent: 2026-03-28 20:06:50)
sigtop: skipping attachment without path (conversation: "Lisa Dotzer", sent: 2026-03-28 20:06:50)
sigtop: skipping attachment without path (conversation: "Lisa Dotzer", sent: 2026-03-28 20:06:50)
sigtop: skipping attachment without path (conversation: "Lisa Dotzer", sent: 2026-03-28 20:06:50)
sigtop: skipping attachment without path (conversation: "Lisa Dotzer", sent: 2026-03-28 20:06:50)
sigtop: skipping attachment without path (conversation: "Lisa Dotzer", sent: 2026-03-28 20:06:50)
sigtop: skipping attachment without path (conversation: "Lisa Dotzer", sent: 2026-04-16 18:27:48)
sigtop: skipping attachment without path (conversation: "Lisa Dotzer", sent: 2026-04-16 18:27:48)
sigtop: skipping attachment without path (conversation: "Lisa Dotzer", sent: 2026-04-16 18:27:48)
sigtop: skipping attachment without path (conversation: "Lisa Dotzer", sent: 2026-04-16 18:27:48)
sigtop: skipping attachment without path (conversation: "Lisa Dotzer", sent: 2026-04-16 18:27:48)
sigtop: skipping attachment without path (conversation: "Lisa Dotzer", sent: 2026-04-16 18:27:48)
sigtop: skipping attachment without path (conversation: "Lisa Dotzer", sent: 2026-04-16 18:27:48)
sigtop: skipping attachment without path (conversation: "Lisa Dotzer", sent: 2026-04-16 18:27:48)
sigtop: skipping attachment without path (conversation: "Lisa Dotzer", sent: 2026-04-16 18:27:48)
sigtop: skipping attachment without path (conversation: "Lisa Dotzer", sent: 2026-04-16 18:27:48)
sigtop: skipping attachment without path (conversation: "Lisa Dotzer", sent: 2026-04-16 18:27:48)
sigtop: skipping attachment without path (conversation: "Lisa Dotzer", sent: 2026-04-16 18:27:48)
sigtop: skipping attachment without path (conversation: "Lisa Dotzer", sent: 2026-04-16 18:27:48)
sigtop: skipping attachment without path (conversation: "Sorellas e Freritos", sent: 2025-09-28 06:55:29)
sigtop: skipping attachment without path (conversation: "Sorellas e Freritos", sent: 2025-11-18 17:40:52)
sigtop: skipping attachment without path (conversation: "Sorellas e Freritos", sent: 2025-11-18 17:40:52)
sigtop: skipping attachment without path (conversation: "Sorellas e Freritos", sent: 2025-11-18 17:40:52)
sigtop: skipping attachment without path (conversation: "Sorellas e Freritos", sent: 2025-11-18 17:40:52)
sigtop: skipping attachment without path (conversation: "Sorellas e Freritos", sent: 2025-11-18 17:40:52)
sigtop: skipping attachment without path (conversation: "Sorellas e Freritos", sent: 2025-11-18 17:40:52)
sigtop: skipping attachment without path (conversation: "Sorellas e Freritos", sent: 2025-11-18 17:40:52)
sigtop: skipping attachment without path (conversation: "Sorellas e Freritos", sent: 2025-11-18 17:42:13)
sigtop: skipping attachment without path (conversation: "Sorellas e Freritos", sent: 2025-11-18 17:43:57)
sigtop: skipping attachment without path (conversation: "Sorellas e Freritos", sent: 2025-11-18 17:43:57)
sigtop: skipping attachment without path (conversation: "Sorellas e Freritos", sent: 2025-11-18 17:43:57)
sigtop: skipping attachment without path (conversation: "Sorellas e Freritos", sent: 2025-11-21 18:51:55)
sigtop: skipping attachment without path (conversation: "Sorellas e Freritos", sent: 2025-11-21 18:51:55)
sigtop: skipping attachment without path (conversation: "Sorellas e Freritos", sent: 2025-11-21 18:51:55)
sigtop: skipping attachment without path (conversation: "Sorellas e Freritos", sent: 2025-11-21 18:51:55)
sigtop: skipping attachment without path (conversation: "Sorellas e Freritos", sent: 2025-11-22 02:33:21)
sigtop: skipping attachment without path (conversation: "Sorellas e Freritos", sent: 2025-11-22 02:53:30)
sigtop: skipping attachment without path (conversation: "Sorellas e Freritos", sent: 2025-11-22 02:53:30)
sigtop: skipping attachment without path (conversation: "Sorellas e Freritos", sent: 2025-11-22 02:53:30)
sigtop: skipping attachment without path (conversation: "Sorellas e Freritos", sent: 2025-11-22 02:53:30)
sigtop: skipping attachment without path (conversation: "Sorellas e Freritos", sent: 2025-11-22 08:02:27)
sigtop: skipping attachment without path (conversation: "Sorellas e Freritos", sent: 2025-11-22 08:02:27)
sigtop: skipping attachment without path (conversation: "Sorellas e Freritos", sent: 2025-12-06 01:19:29)
sigtop: skipping attachment without path (conversation: "Sorellas e Freritos", sent: 2025-12-06 01:19:29)
sigtop: skipping attachment without path (conversation: "Sorellas e Freritos", sent: 2025-12-06 01:19:29)
sigtop: skipping attachment without path (conversation: "Sorellas e Freritos", sent: 2025-12-06 01:19:29)
sigtop: skipping attachment without path (conversation: "Sorellas e Freritos", sent: 2025-12-06 01:19:29)
sigtop: skipping attachment without path (conversation: "Sorellas e Freritos", sent: 2025-12-06 01:19:29)
sigtop: skipping attachment without path (conversation: "Sorellas e Freritos", sent: 2025-12-06 01:19:29)
sigtop: skipping attachment without path (conversation: "Sorellas e Freritos", sent: 2025-12-06 01:19:29)
sigtop: skipping attachment without path (conversation: "Sorellas e Freritos", sent: 2025-12-06 01:19:29)
sigtop: skipping attachment without path (conversation: "Sorellas e Freritos", sent: 2025-12-06 01:19:29)
sigtop: skipping attachment without path (conversation: "Sorellas e Freritos", sent: 2025-12-06 01:19:29)
sigtop: skipping attachment without path (conversation: "Sorellas e Freritos", sent: 2025-12-06 01:19:29)
sigtop: skipping attachment without path (conversation: "Sorellas e Freritos", sent: 2025-12-06 01:19:29)
sigtop: skipping attachment without path (conversation: "Sorellas e Freritos", sent: 2025-12-06 05:56:26)
sigtop: skipping attachment without path (conversation: "Sorellas e Freritos", sent: 2025-12-19 01:19:51)
sigtop: skipping attachment without path (conversation: "Sorellas e Freritos", sent: 2025-12-19 01:19:51)
sigtop: skipping attachment without path (conversation: "Sorellas e Freritos", sent: 2025-12-19 01:19:51)
sigtop: skipping attachment without path (conversation: "Sorellas e Freritos", sent: 2025-12-26 00:48:17)
sigtop: skipping attachment without path (conversation: "Sorellas e Freritos", sent: 2025-12-27 00:38:23)
sigtop: skipping attachment without path (conversation: "Sorellas e Freritos", sent: 2025-12-27 00:38:23)
sigtop: skipping attachment without path (conversation: "Sorellas e Freritos", sent: 2025-12-27 00:38:23)
sigtop: skipping attachment without path (conversation: "Sorellas e Freritos", sent: 2025-12-27 00:40:41)
sigtop: skipping attachment without path (conversation: "Sorellas e Freritos", sent: 2025-12-27 00:40:41)
sigtop: skipping attachment without path (conversation: "Sorellas e Freritos", sent: 2025-12-29 05:44:12)
sigtop: skipping attachment without path (conversation: "Sorellas e Freritos", sent: 2025-12-30 03:09:14)
sigtop: skipping attachment without path (conversation: "Sorellas e Freritos", sent: 2025-12-30 03:09:14)
sigtop: skipping attachment without path (conversation: "Sorellas e Freritos", sent: 2025-12-30 03:09:14)
sigtop: skipping attachment without path (conversation: "Sorellas e Freritos", sent: 2025-12-30 03:09:14)
sigtop: skipping attachment without path (conversation: "Sorellas e Freritos", sent: 2025-12-30 03:09:14)
sigtop: skipping attachment without path (conversation: "Sorellas e Freritos", sent: 2026-01-03 06:01:12)
sigtop: skipping attachment without path (conversation: "Sorellas e Freritos", sent: 2026-01-03 06:01:12)
sigtop: skipping attachment without path (conversation: "Sorellas e Freritos", sent: 2026-01-03 06:46:35)
sigtop: skipping attachment without path (conversation: "Sorellas e Freritos", sent: 2026-01-03 10:36:15)
sigtop: skipping attachment without path (conversation: "Sorellas e Freritos", sent: 2026-01-03 10:36:15)
sigtop: skipping attachment without path (conversation: "Sorellas e Freritos", sent: 2026-01-03 10:36:15)
sigtop: skipping attachment without path (conversation: "Sorellas e Freritos", sent: 2026-01-04 11:49:19)
sigtop: skipping attachment without path (conversation: "Sorellas e Freritos", sent: 2026-01-04 11:52:29)
sigtop: skipping attachment without path (conversation: "Sorellas e Freritos", sent: 2026-01-07 20:04:17)
sigtop: skipping attachment without path (conversation: "Sorellas e Freritos", sent: 2026-01-07 20:04:17)
sigtop: skipping attachment without path (conversation: "Sorellas e Freritos", sent: 2026-01-07 20:04:17)
sigtop: skipping attachment without path (conversation: "Sorellas e Freritos", sent: 2026-01-07 20:04:17)
sigtop: skipping attachment without path (conversation: "Sorellas e Freritos", sent: 2026-01-07 20:04:17)
sigtop: skipping attachment without path (conversation: "Sorellas e Freritos", sent: 2026-01-07 20:04:17)
sigtop: skipping attachment without path (conversation: "Sorellas e Freritos", sent: 2026-01-07 20:04:17)
sigtop: skipping attachment without path (conversation: "Sorellas e Freritos", sent: 2026-01-07 20:04:17)
sigtop: skipping attachment without path (conversation: "Sorellas e Freritos", sent: 2026-01-07 20:04:17)
sigtop: skipping attachment without path (conversation: "Sorellas e Freritos", sent: 2026-01-07 20:17:54)
sigtop: skipping attachment without path (conversation: "Sorellas e Freritos", sent: 2026-01-11 03:14:01)
sigtop: skipping attachment without path (conversation: "Sorellas e Freritos", sent: 2026-01-11 03:14:01)
sigtop: skipping attachment without path (conversation: "Sorellas e Freritos", sent: 2026-01-11 03:14:01)
sigtop: skipping attachment without path (conversation: "Sorellas e Freritos", sent: 2026-01-11 03:14:01)
sigtop: skipping attachment without path (conversation: "Sorellas e Freritos", sent: 2026-01-11 03:14:01)
sigtop: skipping attachment without path (conversation: "Sorellas e Freritos", sent: 2026-01-11 03:14:01)
sigtop: skipping attachment without path (conversation: "Sorellas e Freritos", sent: 2026-01-11 04:28:47)
sigtop: skipping attachment without path (conversation: "Sorellas e Freritos", sent: 2026-01-11 04:28:47)
sigtop: skipping attachment without path (conversation: "Sorellas e Freritos", sent: 2026-01-11 04:28:47)
sigtop: skipping attachment without path (conversation: "Sorellas e Freritos", sent: 2026-01-11 04:28:47)
sigtop: skipping attachment without path (conversation: "Sorellas e Freritos", sent: 2026-01-11 04:28:47)
sigtop: skipping attachment without path (conversation: "Sorellas e Freritos", sent: 2026-01-11 04:28:47)
sigtop: skipping attachment without path (conversation: "Sorellas e Freritos", sent: 2026-01-11 04:28:47)
sigtop: skipping attachment without path (conversation: "Sorellas e Freritos", sent: 2026-01-16 03:37:12)
sigtop: skipping attachment without path (conversation: "Sorellas e Freritos", sent: 2026-01-16 03:38:11)
sigtop: skipping attachment without path (conversation: "Sorellas e Freritos", sent: 2026-01-17 20:13:12)
sigtop: skipping attachment without path (conversation: "Sorellas e Freritos", sent: 2026-01-20 23:59:48)
sigtop: skipping attachment without path (conversation: "Sorellas e Freritos", sent: 2026-01-20 23:59:48)
sigtop: skipping attachment without path (conversation: "Sorellas e Freritos", sent: 2026-01-20 23:59:48)
sigtop: skipping attachment without path (conversation: "Sorellas e Freritos", sent: 2026-01-29 22:37:35)
sigtop: skipping attachment without path (conversation: "Sorellas e Freritos", sent: 2026-02-03 19:41:35)
sigtop: skipping attachment without path (conversation: "Sorellas e Freritos", sent: 2026-02-03 19:41:35)
sigtop: skipping attachment without path (conversation: "Sorellas e Freritos", sent: 2026-02-03 19:41:35)
sigtop: skipping attachment without path (conversation: "Sorellas e Freritos", sent: 2026-02-03 19:41:35)
sigtop: skipping attachment without path (conversation: "Sorellas e Freritos", sent: 2026-02-03 19:41:35)
sigtop: skipping attachment without path (conversation: "Sorellas e Freritos", sent: 2026-02-03 19:41:35)
sigtop: skipping attachment without path (conversation: "Sorellas e Freritos", sent: 2026-02-03 19:41:35)
sigtop: skipping attachment without path (conversation: "Sorellas e Freritos", sent: 2026-02-24 07:30:10)
sigtop: skipping attachment without path (conversation: "Sorellas e Freritos", sent: 2026-02-24 07:30:10)
sigtop: skipping attachment without path (conversation: "Sorellas e Freritos", sent: 2026-02-24 07:30:10)
sigtop: skipping attachment without path (conversation: "Sorellas e Freritos", sent: 2026-02-24 07:30:10)
sigtop: skipping attachment without path (conversation: "Sorellas e Freritos", sent: 2026-02-24 07:30:10)
sigtop: skipping attachment without path (conversation: "Sorellas e Freritos", sent: 2026-02-24 07:30:10)
sigtop: skipping attachment without path (conversation: "Sorellas e Freritos", sent: 2026-02-24 08:31:11)
sigtop: skipping attachment without path (conversation: "Sorellas e Freritos", sent: 2026-02-24 08:31:11)
sigtop: skipping attachment without path (conversation: "Sorellas e Freritos", sent: 2026-02-24 08:31:55)
sigtop: skipping attachment without path (conversation: "Sorellas e Freritos", sent: 2026-02-24 08:31:55)
sigtop: skipping attachment without path (conversation: "Sorellas e Freritos", sent: 2026-02-24 08:31:55)
sigtop: skipping attachment without path (conversation: "Sorellas e Freritos", sent: 2026-02-24 08:31:55)
sigtop: skipping attachment without path (conversation: "Sorellas e Freritos", sent: 2026-02-24 08:31:55)
sigtop: skipping attachment without path (conversation: "Sorellas e Freritos", sent: 2026-02-24 08:31:55)
sigtop: skipping attachment without path (conversation: "Sorellas e Freritos", sent: 2026-02-24 08:31:55)
sigtop: skipping attachment without path (conversation: "Sorellas e Freritos", sent: 2026-02-24 08:31:55)
sigtop: skipping attachment without path (conversation: "Sorellas e Freritos", sent: 2026-02-24 08:31:55)
sigtop: skipping attachment without path (conversation: "Sorellas e Freritos", sent: 2026-02-27 13:43:20)
sigtop: skipping attachment without path (conversation: "Sorellas e Freritos", sent: 2026-03-28 20:03:53)
sigtop: skipping attachment without path (conversation: "Sorellas e Freritos", sent: 2026-03-28 20:03:53)
sigtop: skipping attachment without path (conversation: "Sorellas e Freritos", sent: 2026-03-28 20:03:53)
sigtop: skipping attachment without path (conversation: "Sorellas e Freritos", sent: 2026-03-28 20:03:53)
sigtop: skipping attachment without path (conversation: "Sorellas e Freritos", sent: 2026-03-28 20:03:53)
sigtop: skipping attachment without path (conversation: "Sorellas e Freritos", sent: 2026-03-28 20:03:53)
sigtop: skipping attachment without path (conversation: "Sorellas e Freritos", sent: 2026-03-28 20:03:53)
sigtop: skipping attachment without path (conversation: "Sorellas e Freritos", sent: 2026-03-28 20:03:53)
sigtop: skipping attachment without path (conversation: "Sorellas e Freritos", sent: 2026-03-28 20:03:53)
sigtop: skipping attachment without path (conversation: "Sorellas e Freritos", sent: 2026-03-28 20:03:53)
sigtop: skipping attachment without path (conversation: "Sorellas e Freritos", sent: 2026-03-28 20:03:53)
sigtop: skipping attachment without path (conversation: "Sorellas e Freritos", sent: 2026-03-28 20:05:27)
sigtop: skipping attachment without path (conversation: "Sorellas e Freritos", sent: 2026-03-29 20:02:24)
sigtop: skipping attachment without path (conversation: "Sorellas e Freritos", sent: 2026-04-01 05:24:53)
sigtop: skipping attachment without path (conversation: "Sorellas e Freritos", sent: 2026-04-04 07:00:52)
sigtop: skipping attachment without path (conversation: "Sorellas e Freritos", sent: 2026-04-04 07:01:00)
sigtop: skipping attachment without path (conversation: "Sorellas e Freritos", sent: 2026-04-04 07:04:15)
sigtop: skipping attachment without path (conversation: "Sorellas e Freritos", sent: 2026-04-04 07:04:15)
sigtop: skipping attachment without path (conversation: "Sorellas e Freritos", sent: 2026-04-04 17:29:40)
sigtop: skipping attachment without path (conversation: "Sorellas e Freritos", sent: 2026-04-04 17:29:40)
sigtop: skipping attachment without path (conversation: "Sorellas e Freritos", sent: 2026-04-04 17:29:40)
sigtop: skipping attachment without path (conversation: "Sorellas e Freritos", sent: 2026-04-04 17:29:40)
sigtop: skipping attachment without path (conversation: "Sorellas e Freritos", sent: 2026-04-04 17:29:40)
sigtop: skipping attachment without path (conversation: "Sorellas e Freritos", sent: 2026-04-04 17:29:40)
sigtop: skipping attachment without path (conversation: "Sorellas e Freritos", sent: 2026-04-04 18:42:30)
sigtop: skipping attachment without path (conversation: "Sorellas e Freritos", sent: 2026-04-10 19:12:23)
sigtop: skipping attachment without path (conversation: "Sorellas e Freritos", sent: 2026-04-10 19:12:23)
sigtop: skipping attachment without path (conversation: "Sorellas e Freritos", sent: 2026-04-10 19:12:23)
sigtop: skipping attachment without path (conversation: "Sorellas e Freritos", sent: 2026-04-10 19:12:23)
sigtop: skipping attachment without path (conversation: "Sorellas e Freritos", sent: 2026-04-10 20:56:55)
sigtop: skipping attachment without path (conversation: "Sorellas e Freritos", sent: 2026-04-10 20:58:42)
sigtop: skipping attachment without path (conversation: "Sorellas e Freritos", sent: 2026-04-18 02:53:49)
sigtop: skipping attachment without path (conversation: "Sorellas e Freritos", sent: 2026-04-18 02:58:42)
sigtop: skipping attachment without path (conversation: "Sorellas e Freritos", sent: 2026-04-18 03:09:10)
sigtop: skipping attachment without path (conversation: "Sorellas e Freritos", sent: 2026-04-18 05:47:00)
sigtop: skipping attachment without path (conversation: "Sorellas e Freritos", sent: 2026-04-18 05:58:09)
sigtop: skipping attachment without path (conversation: "Sorellas e Freritos", sent: 2026-04-18 06:43:14)
sigtop: skipping attachment without path (conversation: "Sorellas e Freritos", sent: 2026-04-25 19:14:27)
sigtop: skipping attachment without path (conversation: "Sorellas e Freritos", sent: 2026-04-25 19:14:27)
sigtop: skipping attachment without path (conversation: "Sorellas e Freritos", sent: 2026-04-30 17:06:53)
sigtop: skipping attachment without path (conversation: "Sorellas e Freritos", sent: 2026-05-03 17:01:34)
sigtop: skipping attachment without path (conversation: "Conrad Leu", sent: 2025-09-27 19:47:53)
sigtop: skipping attachment without path (conversation: "Conrad Leu", sent: 2025-09-28 01:55:08)
sigtop: skipping attachment without path (conversation: "Conrad Leu", sent: 2025-10-01 07:22:29)
sigtop: skipping attachment without path (conversation: "Conrad Leu", sent: 2025-11-26 17:26:56)
sigtop: skipping attachment without path (conversation: "Conrad Leu", sent: 2025-11-27 07:27:54)
sigtop: skipping attachment without path (conversation: "Rudi Dotzer", sent: 2025-10-10 18:14:00)
sigtop: skipping attachment without path (conversation: "Rudi Dotzer", sent: 2025-10-10 18:14:00)
sigtop: skipping attachment without path (conversation: "Rudi Dotzer", sent: 2025-12-25 03:38:54)
sigtop: skipping attachment without path (conversation: "Rudi Dotzer", sent: 2025-12-25 03:38:54)
sigtop: skipping attachment without path (conversation: "Marianne Dotzer", sent: 2025-09-25 07:12:10)
sigtop: skipping attachment without path (conversation: "Marianne Dotzer", sent: 2025-09-27 00:36:41)
sigtop: skipping attachment without path (conversation: "Marianne Dotzer", sent: 2025-09-28 04:55:26)
sigtop: skipping attachment without path (conversation: "Marianne Dotzer", sent: 2025-09-28 04:55:30)
sigtop: skipping attachment without path (conversation: "Marianne Dotzer", sent: 2025-09-28 05:30:40)
sigtop: skipping attachment without path (conversation: "Marianne Dotzer", sent: 2025-09-29 04:30:37)
sigtop: skipping attachment without path (conversation: "Marianne Dotzer", sent: 2025-10-01 19:38:15)
sigtop: skipping attachment without path (conversation: "Marianne Dotzer", sent: 2025-10-03 03:14:32)
sigtop: skipping attachment without path (conversation: "Marianne Dotzer", sent: 2025-10-03 03:14:32)
sigtop: skipping attachment without path (conversation: "Marianne Dotzer", sent: 2025-10-03 03:14:32)
sigtop: skipping attachment without path (conversation: "Marianne Dotzer", sent: 2025-10-03 03:14:32)
sigtop: skipping attachment without path (conversation: "Marianne Dotzer", sent: 2025-10-03 18:36:55)
sigtop: skipping attachment without path (conversation: "Marianne Dotzer", sent: 2025-10-05 22:51:08)
sigtop: skipping attachment without path (conversation: "Marianne Dotzer", sent: 2025-10-08 17:34:49)
sigtop: skipping attachment without path (conversation: "Marianne Dotzer", sent: 2025-10-08 18:14:36)
sigtop: skipping attachment without path (conversation: "Marianne Dotzer", sent: 2025-10-11 01:19:10)
sigtop: skipping attachment without path (conversation: "Marianne Dotzer", sent: 2025-10-11 05:52:46)
sigtop: skipping attachment without path (conversation: "Marianne Dotzer", sent: 2025-10-14 06:43:42)
sigtop: skipping attachment without path (conversation: "Marianne Dotzer", sent: 2025-10-14 22:35:01)
sigtop: skipping attachment without path (conversation: "Marianne Dotzer", sent: 2025-10-15 04:47:53)
sigtop: skipping attachment without path (conversation: "Marianne Dotzer", sent: 2025-10-16 03:22:08)
sigtop: skipping attachment without path (conversation: "Marianne Dotzer", sent: 2025-10-18 00:15:38)
sigtop: skipping attachment without path (conversation: "Marianne Dotzer", sent: 2025-10-18 17:16:34)
sigtop: skipping attachment without path (conversation: "Marianne Dotzer", sent: 2025-10-18 17:19:19)
sigtop: skipping attachment without path (conversation: "Marianne Dotzer", sent: 2025-10-18 19:28:00)
sigtop: skipping attachment without path (conversation: "Marianne Dotzer", sent: 2025-10-19 23:52:31)
sigtop: skipping attachment without path (conversation: "Marianne Dotzer", sent: 2025-10-21 02:10:49)
sigtop: skipping attachment without path (conversation: "Marianne Dotzer", sent: 2025-10-21 02:19:59)
sigtop: skipping attachment without path (conversation: "Marianne Dotzer", sent: 2025-10-21 03:32:02)
sigtop: skipping attachment without path (conversation: "Marianne Dotzer", sent: 2025-10-21 23:55:58)
sigtop: skipping attachment without path (conversation: "Marianne Dotzer", sent: 2025-10-22 04:56:54)
sigtop: skipping attachment without path (conversation: "Marianne Dotzer", sent: 2025-10-22 05:09:00)
sigtop: skipping attachment without path (conversation: "Marianne Dotzer", sent: 2025-10-22 22:37:06)
sigtop: skipping attachment without path (conversation: "Marianne Dotzer", sent: 2025-10-23 20:46:24)
sigtop: skipping attachment without path (conversation: "Marianne Dotzer", sent: 2025-10-23 22:46:42)
sigtop: skipping attachment without path (conversation: "Marianne Dotzer", sent: 2025-10-25 17:22:09)
sigtop: skipping attachment without path (conversation: "Marianne Dotzer", sent: 2025-10-25 17:32:56)
sigtop: skipping attachment without path (conversation: "Marianne Dotzer", sent: 2025-10-27 22:01:00)
sigtop: skipping attachment without path (conversation: "Marianne Dotzer", sent: 2025-10-28 18:04:06)
sigtop: skipping attachment without path (conversation: "Marianne Dotzer", sent: 2025-10-28 18:14:56)
sigtop: skipping attachment without path (conversation: "Marianne Dotzer", sent: 2025-10-29 21:58:09)
sigtop: skipping attachment without path (conversation: "Marianne Dotzer", sent: 2025-10-29 22:48:37)
sigtop: skipping attachment without path (conversation: "Marianne Dotzer", sent: 2025-10-29 23:22:26)
sigtop: skipping attachment without path (conversation: "Marianne Dotzer", sent: 2025-11-01 07:31:32)
sigtop: skipping attachment without path (conversation: "Marianne Dotzer", sent: 2025-11-02 20:06:48)
sigtop: skipping attachment without path (conversation: "Marianne Dotzer", sent: 2025-11-07 01:30:30)
sigtop: skipping attachment without path (conversation: "Marianne Dotzer", sent: 2025-11-09 03:27:26)
sigtop: skipping attachment without path (conversation: "Marianne Dotzer", sent: 2025-11-11 02:27:50)
sigtop: skipping attachment without path (conversation: "Marianne Dotzer", sent: 2025-11-11 02:29:00)
sigtop: skipping attachment without path (conversation: "Marianne Dotzer", sent: 2025-11-12 17:53:45)
sigtop: skipping attachment without path (conversation: "Marianne Dotzer", sent: 2025-11-12 17:53:45)
sigtop: skipping attachment without path (conversation: "Marianne Dotzer", sent: 2025-11-12 17:53:45)
sigtop: skipping attachment without path (conversation: "Marianne Dotzer", sent: 2025-11-14 21:01:03)
sigtop: skipping attachment without path (conversation: "Marianne Dotzer", sent: 2025-11-15 03:07:55)
sigtop: skipping attachment without path (conversation: "Marianne Dotzer", sent: 2025-11-15 03:07:55)
sigtop: skipping attachment without path (conversation: "Marianne Dotzer", sent: 2025-11-15 03:21:31)
sigtop: skipping attachment without path (conversation: "Marianne Dotzer", sent: 2025-11-17 21:42:05)
sigtop: skipping attachment without path (conversation: "Marianne Dotzer", sent: 2025-11-18 04:43:43)
sigtop: skipping attachment without path (conversation: "Marianne Dotzer", sent: 2025-11-20 18:52:23)
sigtop: skipping attachment without path (conversation: "Marianne Dotzer", sent: 2025-11-21 18:41:45)
sigtop: skipping attachment without path (conversation: "Marianne Dotzer", sent: 2025-11-21 18:41:45)
sigtop: skipping attachment without path (conversation: "Marianne Dotzer", sent: 2025-11-21 18:41:45)
sigtop: skipping attachment without path (conversation: "Marianne Dotzer", sent: 2025-11-25 06:43:39)
sigtop: skipping attachment without path (conversation: "Marianne Dotzer", sent: 2025-11-26 21:45:18)
sigtop: skipping attachment without path (conversation: "Marianne Dotzer", sent: 2025-11-26 21:46:20)
sigtop: skipping attachment without path (conversation: "Marianne Dotzer", sent: 2025-11-27 05:15:08)
sigtop: skipping attachment without path (conversation: "Marianne Dotzer", sent: 2025-11-29 18:15:20)
sigtop: skipping attachment without path (conversation: "Marianne Dotzer", sent: 2025-11-29 18:36:36)
sigtop: skipping attachment without path (conversation: "Marianne Dotzer", sent: 2025-11-29 18:52:52)
sigtop: skipping attachment without path (conversation: "Marianne Dotzer", sent: 2025-12-02 19:58:24)
sigtop: skipping attachment without path (conversation: "Marianne Dotzer", sent: 2025-12-02 23:41:27)
sigtop: skipping attachment without path (conversation: "Marianne Dotzer", sent: 2025-12-02 23:43:58)
sigtop: skipping attachment without path (conversation: "Marianne Dotzer", sent: 2025-12-05 23:01:16)
sigtop: skipping attachment without path (conversation: "Marianne Dotzer", sent: 2025-12-10 03:52:40)
sigtop: skipping attachment without path (conversation: "Marianne Dotzer", sent: 2025-12-10 05:58:14)
sigtop: skipping attachment without path (conversation: "Marianne Dotzer", sent: 2025-12-12 05:34:14)
sigtop: skipping attachment without path (conversation: "Marianne Dotzer", sent: 2025-12-12 22:51:52)
sigtop: skipping attachment without path (conversation: "Marianne Dotzer", sent: 2025-12-17 18:40:19)
sigtop: skipping attachment without path (conversation: "Marianne Dotzer", sent: 2025-12-17 18:54:53)
sigtop: skipping attachment without path (conversation: "Marianne Dotzer", sent: 2025-12-19 01:19:32)
sigtop: skipping attachment without path (conversation: "Marianne Dotzer", sent: 2025-12-19 01:19:32)
sigtop: skipping attachment without path (conversation: "Marianne Dotzer", sent: 2025-12-19 01:19:32)
sigtop: skipping attachment without path (conversation: "Marianne Dotzer", sent: 2025-12-22 21:01:09)
sigtop: skipping attachment without path (conversation: "Marianne Dotzer", sent: 2025-12-26 22:31:46)
sigtop: skipping attachment without path (conversation: "Marianne Dotzer", sent: 2025-12-26 22:31:46)
sigtop: skipping attachment without path (conversation: "Marianne Dotzer", sent: 2025-12-26 22:31:46)
sigtop: skipping attachment without path (conversation: "Marianne Dotzer", sent: 2025-12-26 22:31:46)
sigtop: skipping attachment without path (conversation: "Marianne Dotzer", sent: 2025-12-26 22:31:46)
sigtop: skipping attachment without path (conversation: "Marianne Dotzer", sent: 2025-12-26 22:31:46)
sigtop: skipping attachment without path (conversation: "Marianne Dotzer", sent: 2025-12-26 22:35:55)
sigtop: skipping attachment without path (conversation: "Marianne Dotzer", sent: 2025-12-28 18:15:26)
sigtop: skipping attachment without path (conversation: "Marianne Dotzer", sent: 2025-12-28 18:15:26)
sigtop: skipping attachment without path (conversation: "Marianne Dotzer", sent: 2025-12-28 18:15:26)
sigtop: skipping attachment without path (conversation: "Marianne Dotzer", sent: 2025-12-28 18:15:26)
sigtop: skipping attachment without path (conversation: "Marianne Dotzer", sent: 2025-12-28 18:47:20)
sigtop: skipping attachment without path (conversation: "Marianne Dotzer", sent: 2025-12-28 18:47:20)
sigtop: skipping attachment without path (conversation: "Marianne Dotzer", sent: 2025-12-29 18:07:30)
sigtop: skipping attachment without path (conversation: "Marianne Dotzer", sent: 2026-01-02 19:10:02)
sigtop: skipping attachment without path (conversation: "Marianne Dotzer", sent: 2026-01-05 08:18:30)
sigtop: skipping attachment without path (conversation: "Marianne Dotzer", sent: 2026-01-05 08:18:30)
sigtop: skipping attachment without path (conversation: "Marianne Dotzer", sent: 2026-01-07 20:05:25)
sigtop: skipping attachment without path (conversation: "Marianne Dotzer", sent: 2026-01-07 20:05:25)
sigtop: skipping attachment without path (conversation: "Marianne Dotzer", sent: 2026-01-07 20:05:25)
sigtop: skipping attachment without path (conversation: "Marianne Dotzer", sent: 2026-01-07 20:05:25)
sigtop: skipping attachment without path (conversation: "Marianne Dotzer", sent: 2026-01-07 20:05:25)
sigtop: skipping attachment without path (conversation: "Marianne Dotzer", sent: 2026-01-07 20:05:25)
sigtop: skipping attachment without path (conversation: "Marianne Dotzer", sent: 2026-01-07 20:05:25)
sigtop: skipping attachment without path (conversation: "Marianne Dotzer", sent: 2026-01-07 20:05:25)
sigtop: skipping attachment without path (conversation: "Marianne Dotzer", sent: 2026-01-07 20:05:25)
sigtop: skipping attachment without path (conversation: "Marianne Dotzer", sent: 2026-01-11 19:45:41)
sigtop: skipping attachment without path (conversation: "Marianne Dotzer", sent: 2026-01-14 18:21:56)
sigtop: skipping attachment without path (conversation: "Marianne Dotzer", sent: 2026-01-15 19:50:20)
sigtop: skipping attachment without path (conversation: "Marianne Dotzer", sent: 2026-01-15 19:50:20)
sigtop: skipping attachment without path (conversation: "Marianne Dotzer", sent: 2026-01-16 01:17:49)
sigtop: skipping attachment without path (conversation: "Marianne Dotzer", sent: 2026-01-19 00:37:40)
sigtop: skipping attachment without path (conversation: "Marianne Dotzer", sent: 2026-01-19 23:56:33)
sigtop: skipping attachment without path (conversation: "Marianne Dotzer", sent: 2026-01-20 23:51:00)
sigtop: skipping attachment without path (conversation: "Marianne Dotzer", sent: 2026-01-21 00:42:42)
sigtop: skipping attachment without path (conversation: "Marianne Dotzer", sent: 2026-01-21 00:44:25)
sigtop: skipping attachment without path (conversation: "Marianne Dotzer", sent: 2026-01-27 03:43:01)
sigtop: skipping attachment without path (conversation: "Marianne Dotzer", sent: 2026-01-28 15:03:28)
sigtop: skipping attachment without path (conversation: "Marianne Dotzer", sent: 2026-01-28 18:12:48)
sigtop: skipping attachment without path (conversation: "Marianne Dotzer", sent: 2026-01-28 18:25:27)
sigtop: skipping attachment without path (conversation: "Marianne Dotzer", sent: 2026-01-28 18:26:07)
sigtop: skipping attachment without path (conversation: "Marianne Dotzer", sent: 2026-02-06 18:51:57)
sigtop: skipping attachment without path (conversation: "Marianne Dotzer", sent: 2026-02-06 19:08:44)
sigtop: skipping attachment without path (conversation: "Marianne Dotzer", sent: 2026-02-06 19:30:52)
sigtop: skipping attachment without path (conversation: "Marianne Dotzer", sent: 2026-02-07 18:55:48)
sigtop: skipping attachment without path (conversation: "Marianne Dotzer", sent: 2026-02-07 19:07:00)
sigtop: skipping attachment without path (conversation: "Marianne Dotzer", sent: 2026-02-07 19:11:24)
sigtop: skipping attachment without path (conversation: "Marianne Dotzer", sent: 2026-02-10 18:53:29)
sigtop: skipping attachment without path (conversation: "Marianne Dotzer", sent: 2026-02-13 17:35:47)
sigtop: skipping attachment without path (conversation: "Marianne Dotzer", sent: 2026-02-17 03:30:11)
sigtop: skipping attachment without path (conversation: "Marianne Dotzer", sent: 2026-02-17 11:25:14)
sigtop: skipping attachment without path (conversation: "Marianne Dotzer", sent: 2026-02-17 13:02:18)
sigtop: skipping attachment without path (conversation: "Marianne Dotzer", sent: 2026-02-17 17:38:50)
sigtop: skipping attachment without path (conversation: "Marianne Dotzer", sent: 2026-02-17 19:12:43)
sigtop: skipping attachment without path (conversation: "Marianne Dotzer", sent: 2026-02-17 19:14:13)
sigtop: skipping attachment without path (conversation: "Marianne Dotzer", sent: 2026-02-17 19:18:49)
sigtop: skipping attachment without path (conversation: "Marianne Dotzer", sent: 2026-02-21 19:02:04)
sigtop: skipping attachment without path (conversation: "Marianne Dotzer", sent: 2026-02-23 20:03:54)
sigtop: skipping attachment without path (conversation: "Marianne Dotzer", sent: 2026-03-09 18:46:25)
sigtop: skipping attachment without path (conversation: "Marianne Dotzer", sent: 2026-03-11 00:33:17)
sigtop: skipping attachment without path (conversation: "Marianne Dotzer", sent: 2026-03-14 19:31:01)
sigtop: skipping attachment without path (conversation: "Marianne Dotzer", sent: 2026-03-20 20:21:58)
sigtop: skipping attachment without path (conversation: "Marianne Dotzer", sent: 2026-03-20 20:25:06)
sigtop: skipping attachment without path (conversation: "Marianne Dotzer", sent: 2026-03-20 21:05:20)
sigtop: skipping attachment without path (conversation: "Marianne Dotzer", sent: 2026-03-20 21:15:15)
sigtop: skipping attachment without path (conversation: "Marianne Dotzer", sent: 2026-03-21 03:28:44)
sigtop: skipping attachment without path (conversation: "Marianne Dotzer", sent: 2026-03-21 05:27:43)
sigtop: skipping attachment without path (conversation: "Marianne Dotzer", sent: 2026-03-26 22:22:59)
sigtop: skipping attachment without path (conversation: "Marianne Dotzer", sent: 2026-03-26 22:48:38)
sigtop: skipping attachment without path (conversation: "Marianne Dotzer", sent: 2026-03-26 23:02:23)
sigtop: skipping attachment without path (conversation: "Marianne Dotzer", sent: 2026-03-27 04:57:17)
sigtop: skipping attachment without path (conversation: "Marianne Dotzer", sent: 2026-03-27 19:28:25)
sigtop: skipping attachment without path (conversation: "Marianne Dotzer", sent: 2026-04-01 20:37:36)
sigtop: skipping attachment without path (conversation: "Marianne Dotzer", sent: 2026-04-01 20:41:08)
sigtop: skipping attachment without path (conversation: "Marianne Dotzer", sent: 2026-04-01 20:44:33)
sigtop: skipping attachment without path (conversation: "Marianne Dotzer", sent: 2026-04-01 23:25:05)
sigtop: skipping attachment without path (conversation: "Marianne Dotzer", sent: 2026-04-02 01:20:25)
sigtop: skipping attachment without path (conversation: "Marianne Dotzer", sent: 2026-04-03 00:48:14)
sigtop: skipping attachment without path (conversation: "Marianne Dotzer", sent: 2026-04-09 03:49:58)
sigtop: skipping attachment without path (conversation: "Marianne Dotzer", sent: 2026-04-14 16:49:36)
sigtop: skipping attachment without path (conversation: "Marianne Dotzer", sent: 2026-04-14 16:50:19)
sigtop: skipping attachment without path (conversation: "Marianne Dotzer", sent: 2026-04-14 16:56:35)
sigtop: skipping attachment without path (conversation: "Marianne Dotzer", sent: 2026-04-16 12:48:42)
sigtop: skipping attachment without path (conversation: "Marianne Dotzer", sent: 2026-04-16 15:31:02)
sigtop: skipping attachment without path (conversation: "Marianne Dotzer", sent: 2026-04-16 15:39:18)
sigtop: skipping attachment without path (conversation: "Marianne Dotzer", sent: 2026-04-19 02:34:40)
sigtop: skipping attachment without path (conversation: "Marianne Dotzer", sent: 2026-04-19 21:36:00)
sigtop: skipping attachment without path (conversation: "Marianne Dotzer", sent: 2026-04-21 16:31:10)
sigtop: skipping attachment without path (conversation: "Marianne Dotzer", sent: 2026-04-28 10:46:42)
sigtop: skipping attachment without path (conversation: "Marianne Dotzer", sent: 2026-04-28 10:46:54)
sigtop: skipping attachment without path (conversation: "Marianne Dotzer", sent: 2026-04-28 15:55:25)
sigtop: skipping attachment without path (conversation: "Marianne Dotzer", sent: 2026-04-28 15:56:37)
sigtop: skipping attachment without path (conversation: "Marianne Dotzer", sent: 2026-05-03 06:08:17)
sigtop: skipping attachment without path (conversation: "Christine Distler", sent: 2026-02-08 03:46:36)
sigtop: skipping attachment without path (conversation: "Christine Distler", sent: 2026-02-10 19:14:52)
sigtop: skipping attachment without path (conversation: "Christine Distler", sent: 2026-02-10 19:15:15)
sigtop: skipping attachment without path (conversation: "Christine Distler", sent: 2026-02-10 19:22:07)
sigtop: skipping attachment without path (conversation: "Christine Distler", sent: 2026-02-10 19:23:03)
sigtop: skipping attachment without path (conversation: "Simon Horvat", sent: 2025-09-29 23:08:23)
sigtop: skipping attachment without path (conversation: "Simon Horvat", sent: 2025-10-02 01:24:19)
sigtop: skipping attachment without path (conversation: "Simon Horvat", sent: 2025-10-11 05:27:32)
sigtop: skipping attachment without path (conversation: "Simon Horvat", sent: 2025-10-11 05:35:27)
sigtop: skipping attachment without path (conversation: "Simon Horvat", sent: 2025-10-25 03:03:40)
sigtop: skipping attachment without path (conversation: "Simon Horvat", sent: 2025-10-26 22:17:40)
sigtop: skipping attachment without path (conversation: "Simon Horvat", sent: 2025-11-03 17:07:54)
sigtop: skipping attachment without path (conversation: "Simon Horvat", sent: 2025-11-08 00:37:17)
sigtop: skipping attachment without path (conversation: "Simon Horvat", sent: 2025-11-08 01:11:38)
sigtop: skipping attachment without path (conversation: "Simon Horvat", sent: 2025-11-08 01:15:55)
sigtop: skipping attachment without path (conversation: "Simon Horvat", sent: 2025-11-08 04:43:26)
sigtop: skipping attachment without path (conversation: "Simon Horvat", sent: 2025-11-10 21:58:28)
sigtop: skipping attachment without path (conversation: "Simon Horvat", sent: 2025-11-13 20:02:56)
sigtop: skipping attachment without path (conversation: "Simon Horvat", sent: 2025-11-13 20:04:28)
sigtop: skipping attachment without path (conversation: "Simon Horvat", sent: 2025-11-16 19:09:04)
sigtop: skipping attachment without path (conversation: "Simon Horvat", sent: 2025-11-17 00:40:58)
sigtop: skipping attachment without path (conversation: "Simon Horvat", sent: 2025-11-17 06:35:25)
sigtop: skipping attachment without path (conversation: "Simon Horvat", sent: 2025-12-03 03:31:23)
sigtop: skipping attachment without path (conversation: "Simon Horvat", sent: 2025-12-11 22:45:49)
sigtop: skipping attachment without path (conversation: "Simon Horvat", sent: 2026-04-04 17:09:21)
sigtop: skipping attachment without path (conversation: "Simon Horvat", sent: 2026-04-04 17:17:23)
sigtop: skipping attachment without path (conversation: "Simon Horvat", sent: 2026-04-18 11:40:30)
sigtop: skipping attachment without path (conversation: "Simon Horvat", sent: 2026-04-18 11:40:30)
sigtop: skipping attachment without path (conversation: "Simon Horvat", sent: 2026-04-18 11:40:30)
sigtop: skipping attachment without path (conversation: "Simon Horvat", sent: 2026-04-18 11:40:30)
sigtop: skipping attachment without path (conversation: "Simon Horvat", sent: 2026-04-18 11:40:30)
sigtop: skipping attachment without path (conversation: "Jan Biller", sent: 2025-10-02 17:59:53)
sigtop: skipping attachment without path (conversation: "Jan Biller", sent: 2025-10-07 00:19:41)
sigtop: skipping attachment without path (conversation: "Jan Biller", sent: 2025-10-08 20:29:28)
sigtop: skipping attachment without path (conversation: "Jan Biller", sent: 2025-10-14 18:43:44)
sigtop: skipping attachment without path (conversation: "Jan Biller", sent: 2025-10-15 19:25:22)
sigtop: skipping attachment without path (conversation: "Jan Biller", sent: 2026-04-13 16:22:06)
sigtop: skipping attachment without path (conversation: "Jan Biller", sent: 2026-05-06 01:39:38)
sigtop: skipping attachment without path (conversation: "Textile Brand", sent: 2025-09-27 02:09:02)
sigtop: skipping attachment without path (conversation: "Textile Brand", sent: 2025-09-27 02:13:36)
sigtop: skipping attachment without path (conversation: "Textile Brand", sent: 2025-10-01 04:50:59)
Signal: 16 convos
WhatsApp (Mac): 56 convos
Added Dulcesita (iPhone): 10992 msgs, 771 voice msgs
Added Simon Baumann (iPhone): 1119 msgs, 6 voice msgs

Written: /Users/rafaelhorvat/__code__/chat_backup/data/index.html
Conversations: 72
Total messages: 14294
Audio files (voice msgs): 854
Total media files: 1709

[2026-08-03 14:02:13] ChatBackupSync run
sigtop: skipping attachment without path (conversation: "Christine Distler", sent: 2026-02-08 03:46:36)
sigtop: skipping attachment without path (conversation: "Christine Distler", sent: 2026-02-10 19:14:52)
sigtop: skipping attachment without path (conversation: "Christine Distler", sent: 2026-02-10 19:15:15)
sigtop: skipping attachment without path (conversation: "Christine Distler", sent: 2026-02-10 19:22:07)
sigtop: skipping attachment without path (conversation: "Christine Distler", sent: 2026-02-10 19:23:03)
sigtop: skipping attachment without path (conversation: "Marianne Dotzer", sent: 2025-09-25 07:12:10)
sigtop: skipping attachment without path (conversation: "Marianne Dotzer", sent: 2025-09-27 00:36:41)
sigtop: skipping attachment without path (conversation: "Marianne Dotzer", sent: 2025-09-28 04:55:26)
sigtop: skipping attachment without path (conversation: "Marianne Dotzer", sent: 2025-09-28 04:55:30)
sigtop: skipping attachment without path (conversation: "Marianne Dotzer", sent: 2025-09-28 05:30:40)
sigtop: skipping attachment without path (conversation: "Marianne Dotzer", sent: 2025-09-29 04:30:37)
sigtop: skipping attachment without path (conversation: "Marianne Dotzer", sent: 2025-10-01 19:38:15)
sigtop: skipping attachment without path (conversation: "Marianne Dotzer", sent: 2025-10-03 03:14:32)
sigtop: skipping attachment without path (conversation: "Marianne Dotzer", sent: 2025-10-03 03:14:32)
sigtop: skipping attachment without path (conversation: "Marianne Dotzer", sent: 2025-10-03 03:14:32)
sigtop: skipping attachment without path (conversation: "Marianne Dotzer", sent: 2025-10-03 03:14:32)
sigtop: skipping attachment without path (conversation: "Marianne Dotzer", sent: 2025-10-03 18:36:55)
sigtop: skipping attachment without path (conversation: "Marianne Dotzer", sent: 2025-10-05 22:51:08)
sigtop: skipping attachment without path (conversation: "Marianne Dotzer", sent: 2025-10-08 17:34:49)
sigtop: skipping attachment without path (conversation: "Marianne Dotzer", sent: 2025-10-08 18:14:36)
sigtop: skipping attachment without path (conversation: "Marianne Dotzer", sent: 2025-10-11 01:19:10)
sigtop: skipping attachment without path (conversation: "Marianne Dotzer", sent: 2025-10-11 05:52:46)
sigtop: skipping attachment without path (conversation: "Marianne Dotzer", sent: 2025-10-14 06:43:42)
sigtop: skipping attachment without path (conversation: "Marianne Dotzer", sent: 2025-10-14 22:35:01)
sigtop: skipping attachment without path (conversation: "Marianne Dotzer", sent: 2025-10-15 04:47:53)
sigtop: skipping attachment without path (conversation: "Marianne Dotzer", sent: 2025-10-16 03:22:08)
sigtop: skipping attachment without path (conversation: "Marianne Dotzer", sent: 2025-10-18 00:15:38)
sigtop: skipping attachment without path (conversation: "Marianne Dotzer", sent: 2025-10-18 17:16:34)
sigtop: skipping attachment without path (conversation: "Marianne Dotzer", sent: 2025-10-18 17:19:19)
sigtop: skipping attachment without path (conversation: "Marianne Dotzer", sent: 2025-10-18 19:28:00)
sigtop: skipping attachment without path (conversation: "Marianne Dotzer", sent: 2025-10-19 23:52:31)
sigtop: skipping attachment without path (conversation: "Marianne Dotzer", sent: 2025-10-21 02:10:49)
sigtop: skipping attachment without path (conversation: "Marianne Dotzer", sent: 2025-10-21 02:19:59)
sigtop: skipping attachment without path (conversation: "Marianne Dotzer", sent: 2025-10-21 03:32:02)
sigtop: skipping attachment without path (conversation: "Marianne Dotzer", sent: 2025-10-21 23:55:58)
sigtop: skipping attachment without path (conversation: "Marianne Dotzer", sent: 2025-10-22 04:56:54)
sigtop: skipping attachment without path (conversation: "Marianne Dotzer", sent: 2025-10-22 05:09:00)
sigtop: skipping attachment without path (conversation: "Marianne Dotzer", sent: 2025-10-22 22:37:06)
sigtop: skipping attachment without path (conversation: "Marianne Dotzer", sent: 2025-10-23 20:46:24)
sigtop: skipping attachment without path (conversation: "Marianne Dotzer", sent: 2025-10-23 22:46:42)
sigtop: skipping attachment without path (conversation: "Marianne Dotzer", sent: 2025-10-25 17:22:09)
sigtop: skipping attachment without path (conversation: "Marianne Dotzer", sent: 2025-10-25 17:32:56)
sigtop: skipping attachment without path (conversation: "Marianne Dotzer", sent: 2025-10-27 22:01:00)
sigtop: skipping attachment without path (conversation: "Marianne Dotzer", sent: 2025-10-28 18:04:06)
sigtop: skipping attachment without path (conversation: "Marianne Dotzer", sent: 2025-10-28 18:14:56)
sigtop: skipping attachment without path (conversation: "Marianne Dotzer", sent: 2025-10-29 21:58:09)
sigtop: skipping attachment without path (conversation: "Marianne Dotzer", sent: 2025-10-29 22:48:37)
sigtop: skipping attachment without path (conversation: "Marianne Dotzer", sent: 2025-10-29 23:22:26)
sigtop: skipping attachment without path (conversation: "Marianne Dotzer", sent: 2025-11-01 07:31:32)
sigtop: skipping attachment without path (conversation: "Marianne Dotzer", sent: 2025-11-02 20:06:48)
sigtop: skipping attachment without path (conversation: "Marianne Dotzer", sent: 2025-11-07 01:30:30)
sigtop: skipping attachment without path (conversation: "Marianne Dotzer", sent: 2025-11-09 03:27:26)
sigtop: skipping attachment without path (conversation: "Marianne Dotzer", sent: 2025-11-11 02:27:50)
sigtop: skipping attachment without path (conversation: "Marianne Dotzer", sent: 2025-11-11 02:29:00)
sigtop: skipping attachment without path (conversation: "Marianne Dotzer", sent: 2025-11-12 17:53:45)
sigtop: skipping attachment without path (conversation: "Marianne Dotzer", sent: 2025-11-12 17:53:45)
sigtop: skipping attachment without path (conversation: "Marianne Dotzer", sent: 2025-11-12 17:53:45)
sigtop: skipping attachment without path (conversation: "Marianne Dotzer", sent: 2025-11-14 21:01:03)
sigtop: skipping attachment without path (conversation: "Marianne Dotzer", sent: 2025-11-15 03:07:55)
sigtop: skipping attachment without path (conversation: "Marianne Dotzer", sent: 2025-11-15 03:07:55)
sigtop: skipping attachment without path (conversation: "Marianne Dotzer", sent: 2025-11-15 03:21:31)
sigtop: skipping attachment without path (conversation: "Marianne Dotzer", sent: 2025-11-17 21:42:05)
sigtop: skipping attachment without path (conversation: "Marianne Dotzer", sent: 2025-11-18 04:43:43)
sigtop: skipping attachment without path (conversation: "Marianne Dotzer", sent: 2025-11-20 18:52:23)
sigtop: skipping attachment without path (conversation: "Marianne Dotzer", sent: 2025-11-21 18:41:45)
sigtop: skipping attachment without path (conversation: "Marianne Dotzer", sent: 2025-11-21 18:41:45)
sigtop: skipping attachment without path (conversation: "Marianne Dotzer", sent: 2025-11-21 18:41:45)
sigtop: skipping attachment without path (conversation: "Marianne Dotzer", sent: 2025-11-25 06:43:39)
sigtop: skipping attachment without path (conversation: "Marianne Dotzer", sent: 2025-11-26 21:45:18)
sigtop: skipping attachment without path (conversation: "Marianne Dotzer", sent: 2025-11-26 21:46:20)
sigtop: skipping attachment without path (conversation: "Marianne Dotzer", sent: 2025-11-27 05:15:08)
sigtop: skipping attachment without path (conversation: "Marianne Dotzer", sent: 2025-11-29 18:15:20)
sigtop: skipping attachment without path (conversation: "Marianne Dotzer", sent: 2025-11-29 18:36:36)
sigtop: skipping attachment without path (conversation: "Marianne Dotzer", sent: 2025-11-29 18:52:52)
sigtop: skipping attachment without path (conversation: "Marianne Dotzer", sent: 2025-12-02 19:58:24)
sigtop: skipping attachment without path (conversation: "Marianne Dotzer", sent: 2025-12-02 23:41:27)
sigtop: skipping attachment without path (conversation: "Marianne Dotzer", sent: 2025-12-02 23:43:58)
sigtop: skipping attachment without path (conversation: "Marianne Dotzer", sent: 2025-12-05 23:01:16)
sigtop: skipping attachment without path (conversation: "Marianne Dotzer", sent: 2025-12-10 03:52:40)
sigtop: skipping attachment without path (conversation: "Marianne Dotzer", sent: 2025-12-10 05:58:14)
sigtop: skipping attachment without path (conversation: "Marianne Dotzer", sent: 2025-12-12 05:34:14)
sigtop: skipping attachment without path (conversation: "Marianne Dotzer", sent: 2025-12-12 22:51:52)
sigtop: skipping attachment without path (conversation: "Marianne Dotzer", sent: 2025-12-17 18:40:19)
sigtop: skipping attachment without path (conversation: "Marianne Dotzer", sent: 2025-12-17 18:54:53)
sigtop: skipping attachment without path (conversation: "Marianne Dotzer", sent: 2025-12-19 01:19:32)
sigtop: skipping attachment without path (conversation: "Marianne Dotzer", sent: 2025-12-19 01:19:32)
sigtop: skipping attachment without path (conversation: "Marianne Dotzer", sent: 2025-12-19 01:19:32)
sigtop: skipping attachment without path (conversation: "Marianne Dotzer", sent: 2025-12-22 21:01:09)
sigtop: skipping attachment without path (conversation: "Marianne Dotzer", sent: 2025-12-26 22:31:46)
sigtop: skipping attachment without path (conversation: "Marianne Dotzer", sent: 2025-12-26 22:31:46)
sigtop: skipping attachment without path (conversation: "Marianne Dotzer", sent: 2025-12-26 22:31:46)
sigtop: skipping attachment without path (conversation: "Marianne Dotzer", sent: 2025-12-26 22:31:46)
sigtop: skipping attachment without path (conversation: "Marianne Dotzer", sent: 2025-12-26 22:31:46)
sigtop: skipping attachment without path (conversation: "Marianne Dotzer", sent: 2025-12-26 22:31:46)
sigtop: skipping attachment without path (conversation: "Marianne Dotzer", sent: 2025-12-26 22:35:55)
sigtop: skipping attachment without path (conversation: "Marianne Dotzer", sent: 2025-12-28 18:15:26)
sigtop: skipping attachment without path (conversation: "Marianne Dotzer", sent: 2025-12-28 18:15:26)
sigtop: skipping attachment without path (conversation: "Marianne Dotzer", sent: 2025-12-28 18:15:26)
sigtop: skipping attachment without path (conversation: "Marianne Dotzer", sent: 2025-12-28 18:15:26)
sigtop: skipping attachment without path (conversation: "Marianne Dotzer", sent: 2025-12-28 18:47:20)
sigtop: skipping attachment without path (conversation: "Marianne Dotzer", sent: 2025-12-28 18:47:20)
sigtop: skipping attachment without path (conversation: "Marianne Dotzer", sent: 2025-12-29 18:07:30)
sigtop: skipping attachment without path (conversation: "Marianne Dotzer", sent: 2026-01-02 19:10:02)
sigtop: skipping attachment without path (conversation: "Marianne Dotzer", sent: 2026-01-05 08:18:30)
sigtop: skipping attachment without path (conversation: "Marianne Dotzer", sent: 2026-01-05 08:18:30)
sigtop: skipping attachment without path (conversation: "Marianne Dotzer", sent: 2026-01-07 20:05:25)
sigtop: skipping attachment without path (conversation: "Marianne Dotzer", sent: 2026-01-07 20:05:25)
sigtop: skipping attachment without path (conversation: "Marianne Dotzer", sent: 2026-01-07 20:05:25)
sigtop: skipping attachment without path (conversation: "Marianne Dotzer", sent: 2026-01-07 20:05:25)
sigtop: skipping attachment without path (conversation: "Marianne Dotzer", sent: 2026-01-07 20:05:25)
sigtop: skipping attachment without path (conversation: "Marianne Dotzer", sent: 2026-01-07 20:05:25)
sigtop: skipping attachment without path (conversation: "Marianne Dotzer", sent: 2026-01-07 20:05:25)
sigtop: skipping attachment without path (conversation: "Marianne Dotzer", sent: 2026-01-07 20:05:25)
sigtop: skipping attachment without path (conversation: "Marianne Dotzer", sent: 2026-01-07 20:05:25)
sigtop: skipping attachment without path (conversation: "Marianne Dotzer", sent: 2026-01-11 19:45:41)
sigtop: skipping attachment without path (conversation: "Marianne Dotzer", sent: 2026-01-14 18:21:56)
sigtop: skipping attachment without path (conversation: "Marianne Dotzer", sent: 2026-01-15 19:50:20)
sigtop: skipping attachment without path (conversation: "Marianne Dotzer", sent: 2026-01-15 19:50:20)
sigtop: skipping attachment without path (conversation: "Marianne Dotzer", sent: 2026-01-16 01:17:49)
sigtop: skipping attachment without path (conversation: "Marianne Dotzer", sent: 2026-01-19 00:37:40)
sigtop: skipping attachment without path (conversation: "Marianne Dotzer", sent: 2026-01-19 23:56:33)
sigtop: skipping attachment without path (conversation: "Marianne Dotzer", sent: 2026-01-20 23:51:00)
sigtop: skipping attachment without path (conversation: "Marianne Dotzer", sent: 2026-01-21 00:42:42)
sigtop: skipping attachment without path (conversation: "Marianne Dotzer", sent: 2026-01-21 00:44:25)
sigtop: skipping attachment without path (conversation: "Marianne Dotzer", sent: 2026-01-27 03:43:01)
sigtop: skipping attachment without path (conversation: "Marianne Dotzer", sent: 2026-01-28 15:03:28)
sigtop: skipping attachment without path (conversation: "Marianne Dotzer", sent: 2026-01-28 18:12:48)
sigtop: skipping attachment without path (conversation: "Marianne Dotzer", sent: 2026-01-28 18:25:27)
sigtop: skipping attachment without path (conversation: "Marianne Dotzer", sent: 2026-01-28 18:26:07)
sigtop: skipping attachment without path (conversation: "Marianne Dotzer", sent: 2026-02-06 18:51:57)
sigtop: skipping attachment without path (conversation: "Marianne Dotzer", sent: 2026-02-06 19:08:44)
sigtop: skipping attachment without path (conversation: "Marianne Dotzer", sent: 2026-02-06 19:30:52)
sigtop: skipping attachment without path (conversation: "Marianne Dotzer", sent: 2026-02-07 18:55:48)
sigtop: skipping attachment without path (conversation: "Marianne Dotzer", sent: 2026-02-07 19:07:00)
sigtop: skipping attachment without path (conversation: "Marianne Dotzer", sent: 2026-02-07 19:11:24)
sigtop: skipping attachment without path (conversation: "Marianne Dotzer", sent: 2026-02-10 18:53:29)
sigtop: skipping attachment without path (conversation: "Marianne Dotzer", sent: 2026-02-13 17:35:47)
sigtop: skipping attachment without path (conversation: "Marianne Dotzer", sent: 2026-02-17 03:30:11)
sigtop: skipping attachment without path (conversation: "Marianne Dotzer", sent: 2026-02-17 11:25:14)
sigtop: skipping attachment without path (conversation: "Marianne Dotzer", sent: 2026-02-17 13:02:18)
sigtop: skipping attachment without path (conversation: "Marianne Dotzer", sent: 2026-02-17 17:38:50)
sigtop: skipping attachment without path (conversation: "Marianne Dotzer", sent: 2026-02-17 19:12:43)
sigtop: skipping attachment without path (conversation: "Marianne Dotzer", sent: 2026-02-17 19:14:13)
sigtop: skipping attachment without path (conversation: "Marianne Dotzer", sent: 2026-02-17 19:18:49)
sigtop: skipping attachment without path (conversation: "Marianne Dotzer", sent: 2026-02-21 19:02:04)
sigtop: skipping attachment without path (conversation: "Marianne Dotzer", sent: 2026-02-23 20:03:54)
sigtop: skipping attachment without path (conversation: "Marianne Dotzer", sent: 2026-03-09 18:46:25)
sigtop: skipping attachment without path (conversation: "Marianne Dotzer", sent: 2026-03-11 00:33:17)
sigtop: skipping attachment without path (conversation: "Marianne Dotzer", sent: 2026-03-14 19:31:01)
sigtop: skipping attachment without path (conversation: "Marianne Dotzer", sent: 2026-03-20 20:21:58)
sigtop: skipping attachment without path (conversation: "Marianne Dotzer", sent: 2026-03-20 20:25:06)
sigtop: skipping attachment without path (conversation: "Marianne Dotzer", sent: 2026-03-20 21:05:20)
sigtop: skipping attachment without path (conversation: "Marianne Dotzer", sent: 2026-03-20 21:15:15)
sigtop: skipping attachment without path (conversation: "Marianne Dotzer", sent: 2026-03-21 03:28:44)
sigtop: skipping attachment without path (conversation: "Marianne Dotzer", sent: 2026-03-21 05:27:43)
sigtop: skipping attachment without path (conversation: "Marianne Dotzer", sent: 2026-03-26 22:22:59)
sigtop: skipping attachment without path (conversation: "Marianne Dotzer", sent: 2026-03-26 22:48:38)
sigtop: skipping attachment without path (conversation: "Marianne Dotzer", sent: 2026-03-26 23:02:23)
sigtop: skipping attachment without path (conversation: "Marianne Dotzer", sent: 2026-03-27 04:57:17)
sigtop: skipping attachment without path (conversation: "Marianne Dotzer", sent: 2026-03-27 19:28:25)
sigtop: skipping attachment without path (conversation: "Marianne Dotzer", sent: 2026-04-01 20:37:36)
sigtop: skipping attachment without path (conversation: "Marianne Dotzer", sent: 2026-04-01 20:41:08)
sigtop: skipping attachment without path (conversation: "Marianne Dotzer", sent: 2026-04-01 20:44:33)
sigtop: skipping attachment without path (conversation: "Marianne Dotzer", sent: 2026-04-01 23:25:05)
sigtop: skipping attachment without path (conversation: "Marianne Dotzer", sent: 2026-04-02 01:20:25)
sigtop: skipping attachment without path (conversation: "Marianne Dotzer", sent: 2026-04-03 00:48:14)
sigtop: skipping attachment without path (conversation: "Marianne Dotzer", sent: 2026-04-09 03:49:58)
sigtop: skipping attachment without path (conversation: "Marianne Dotzer", sent: 2026-04-14 16:49:36)
sigtop: skipping attachment without path (conversation: "Marianne Dotzer", sent: 2026-04-14 16:50:19)
sigtop: skipping attachment without path (conversation: "Marianne Dotzer", sent: 2026-04-14 16:56:35)
sigtop: skipping attachment without path (conversation: "Marianne Dotzer", sent: 2026-04-16 12:48:42)
sigtop: skipping attachment without path (conversation: "Marianne Dotzer", sent: 2026-04-16 15:31:02)
sigtop: skipping attachment without path (conversation: "Marianne Dotzer", sent: 2026-04-16 15:39:18)
sigtop: skipping attachment without path (conversation: "Marianne Dotzer", sent: 2026-04-19 02:34:40)
sigtop: skipping attachment without path (conversation: "Marianne Dotzer", sent: 2026-04-19 21:36:00)
sigtop: skipping attachment without path (conversation: "Marianne Dotzer", sent: 2026-04-21 16:31:10)
sigtop: skipping attachment without path (conversation: "Marianne Dotzer", sent: 2026-04-28 10:46:42)
sigtop: skipping attachment without path (conversation: "Marianne Dotzer", sent: 2026-04-28 10:46:54)
sigtop: skipping attachment without path (conversation: "Marianne Dotzer", sent: 2026-04-28 15:55:25)
sigtop: skipping attachment without path (conversation: "Marianne Dotzer", sent: 2026-04-28 15:56:37)
sigtop: skipping attachment without path (conversation: "Marianne Dotzer", sent: 2026-05-03 06:08:17)
sigtop: skipping attachment without path (conversation: "Lina Leu", sent: 2025-10-06 21:58:43)
sigtop: skipping attachment without path (conversation: "Lina Leu", sent: 2025-10-29 02:54:44)
sigtop: skipping attachment without path (conversation: "Lina Leu", sent: 2025-10-29 03:41:04)
sigtop: skipping attachment without path (conversation: "Rudi Dotzer", sent: 2025-10-10 18:14:00)
sigtop: skipping attachment without path (conversation: "Rudi Dotzer", sent: 2025-10-10 18:14:00)
sigtop: skipping attachment without path (conversation: "Rudi Dotzer", sent: 2025-12-25 03:38:54)
sigtop: skipping attachment without path (conversation: "Rudi Dotzer", sent: 2025-12-25 03:38:54)
sigtop: skipping attachment without path (conversation: "Gabriel Horvat", sent: 2025-11-07 02:06:27)
sigtop: skipping attachment without path (conversation: "Gabriel Horvat", sent: 2025-11-07 02:06:27)
sigtop: skipping attachment without path (conversation: "Gabriel Horvat", sent: 2025-11-07 02:06:27)
sigtop: skipping attachment without path (conversation: "Gabriel Horvat", sent: 2025-11-07 02:06:27)
sigtop: skipping attachment without path (conversation: "Gabriel Horvat", sent: 2025-11-07 02:06:27)
sigtop: skipping attachment without path (conversation: "Gabriel Horvat", sent: 2025-11-07 02:06:27)
sigtop: skipping attachment without path (conversation: "Gabriel Horvat", sent: 2025-11-27 02:25:16)
sigtop: skipping attachment without path (conversation: "Gabriel Horvat", sent: 2025-12-01 02:47:57)
sigtop: skipping attachment without path (conversation: "Gabriel Horvat", sent: 2025-12-02 05:25:55)
sigtop: skipping attachment without path (conversation: "Gabriel Horvat", sent: 2025-12-17 01:47:01)
sigtop: skipping attachment without path (conversation: "Gabriel Horvat", sent: 2025-12-17 01:47:01)
sigtop: skipping attachment without path (conversation: "Gabriel Horvat", sent: 2025-12-17 01:47:01)
sigtop: skipping attachment without path (conversation: "Gabriel Horvat", sent: 2025-12-17 01:47:01)
sigtop: skipping attachment without path (conversation: "Gabriel Horvat", sent: 2025-12-17 01:47:01)
sigtop: skipping attachment without path (conversation: "Gabriel Horvat", sent: 2025-12-17 01:47:01)
sigtop: skipping attachment without path (conversation: "Gabriel Horvat", sent: 2025-12-17 01:47:01)
sigtop: skipping attachment without path (conversation: "Gabriel Horvat", sent: 2025-12-17 01:47:01)
sigtop: skipping attachment without path (conversation: "Gabriel Horvat", sent: 2025-12-17 01:47:01)
sigtop: skipping attachment without path (conversation: "Gabriel Horvat", sent: 2025-12-17 01:47:01)
sigtop: skipping attachment without path (conversation: "Gabriel Horvat", sent: 2025-12-17 01:47:01)
sigtop: skipping attachment without path (conversation: "Gabriel Horvat", sent: 2025-12-17 01:47:01)
sigtop: skipping attachment without path (conversation: "Gabriel Horvat", sent: 2025-12-17 01:47:01)
sigtop: skipping attachment without path (conversation: "Isabelle Leu", sent: 2025-12-09 22:54:07)
sigtop: skipping attachment without path (conversation: "Isabelle Leu", sent: 2025-12-09 22:54:07)
sigtop: skipping attachment without path (conversation: "Isabelle Leu", sent: 2025-12-09 22:54:07)
sigtop: skipping attachment without path (conversation: "Isabelle Leu", sent: 2025-12-09 22:54:07)
sigtop: skipping attachment without path (conversation: "Isabelle Leu", sent: 2025-12-09 22:55:13)
sigtop: skipping attachment without path (conversation: "Isabelle Leu", sent: 2025-12-09 22:55:13)
sigtop: skipping attachment without path (conversation: "Isabelle Leu", sent: 2025-12-09 22:55:13)
sigtop: skipping attachment without path (conversation: "Isabelle Leu", sent: 2025-12-09 22:55:13)
sigtop: skipping attachment without path (conversation: "Isabelle Leu", sent: 2025-12-09 22:55:13)
sigtop: skipping attachment without path (conversation: "Isabelle Leu", sent: 2025-12-09 22:58:22)
sigtop: skipping attachment without path (conversation: "Isabelle Leu", sent: 2025-12-09 23:03:36)
sigtop: skipping attachment without path (conversation: "Isabelle Leu", sent: 2025-12-19 02:28:17)
sigtop: skipping attachment without path (conversation: "Isabelle Leu", sent: 2026-02-07 18:57:25)
sigtop: skipping attachment without path (conversation: "Isabelle Leu", sent: 2026-02-07 19:02:58)
sigtop: skipping attachment without path (conversation: "Isabelle Leu", sent: 2026-02-07 22:58:52)
sigtop: skipping attachment without path (conversation: "Isabelle Leu", sent: 2026-02-07 23:07:46)
sigtop: skipping attachment without path (conversation: "Isabelle Leu", sent: 2026-02-12 20:42:19)
sigtop: skipping attachment without path (conversation: "Isabelle Leu", sent: 2026-02-13 01:21:24)
sigtop: skipping attachment without path (conversation: "Isabelle Leu", sent: 2026-04-15 09:21:35)
sigtop: skipping attachment without path (conversation: "Isabelle Leu", sent: 2026-04-15 17:37:46)
sigtop: skipping attachment without path (conversation: "Isabelle Leu", sent: 2026-04-15 17:39:23)
sigtop: skipping attachment without path (conversation: "Isabelle Leu", sent: 2026-04-15 17:43:43)
sigtop: skipping attachment without path (conversation: "Isabelle Leu", sent: 2026-04-15 17:43:43)
sigtop: skipping attachment without path (conversation: "Isabelle Leu", sent: 2026-04-15 17:43:43)
sigtop: skipping attachment without path (conversation: "Isabelle Leu", sent: 2026-04-15 17:44:09)
sigtop: skipping attachment without path (conversation: "Isabelle Leu", sent: 2026-04-15 17:44:09)
sigtop: skipping attachment without path (conversation: "Isabelle Leu", sent: 2026-04-15 17:44:09)
sigtop: skipping attachment without path (conversation: "Isabelle Leu", sent: 2026-04-15 17:44:09)
sigtop: skipping attachment without path (conversation: "Isabelle Leu", sent: 2026-04-15 17:44:09)
sigtop: skipping attachment without path (conversation: "Isabelle Leu", sent: 2026-04-15 17:44:09)
sigtop: skipping attachment without path (conversation: "Isabelle Leu", sent: 2026-04-15 17:44:09)
sigtop: skipping attachment without path (conversation: "Isabelle Leu", sent: 2026-04-15 17:44:09)
sigtop: skipping attachment without path (conversation: "Isabelle Leu", sent: 2026-04-15 17:44:09)
sigtop: skipping attachment without path (conversation: "Isabelle Leu", sent: 2026-04-15 17:48:29)
sigtop: skipping attachment without path (conversation: "Isabelle Leu", sent: 2026-04-15 17:48:29)
sigtop: skipping attachment without path (conversation: "Isabelle Leu", sent: 2026-04-15 17:48:29)
sigtop: skipping attachment without path (conversation: "Isabelle Leu", sent: 2026-04-15 17:48:29)
sigtop: skipping attachment without path (conversation: "Isabelle Leu", sent: 2026-04-15 17:48:29)
sigtop: skipping attachment without path (conversation: "Isabelle Leu", sent: 2026-04-15 17:48:29)
sigtop: skipping attachment without path (conversation: "Isabelle Leu", sent: 2026-04-15 17:48:29)
sigtop: skipping attachment without path (conversation: "Isabelle Leu", sent: 2026-04-15 17:48:29)
sigtop: skipping attachment without path (conversation: "Isabelle Leu", sent: 2026-04-15 18:00:11)
sigtop: skipping attachment without path (conversation: "Isabelle Leu", sent: 2026-04-15 18:09:34)
sigtop: skipping attachment without path (conversation: "Isabelle Leu", sent: 2026-04-16 12:54:57)
sigtop: skipping attachment without path (conversation: "Isabelle Leu", sent: 2026-04-16 16:30:20)
sigtop: skipping attachment without path (conversation: "Isabelle Leu", sent: 2026-04-16 16:33:02)
sigtop: skipping attachment without path (conversation: "Isabelle Leu", sent: 2026-04-16 16:47:56)
sigtop: skipping attachment without path (conversation: "Isabelle Leu", sent: 2026-04-29 21:55:43)
sigtop: skipping attachment without path (conversation: "Mia Leu", sent: 2025-10-29 03:02:38)
sigtop: skipping attachment without path (conversation: "Mia Leu", sent: 2025-10-30 16:55:35)
sigtop: skipping attachment without path (conversation: "Mia Leu", sent: 2025-10-30 16:57:26)
sigtop: skipping attachment without path (conversation: "Mia Leu", sent: 2025-10-30 18:27:10)
sigtop: skipping attachment without path (conversation: "Mia Leu", sent: 2025-10-31 09:09:12)
sigtop: skipping attachment without path (conversation: "Mia Leu", sent: 2025-11-03 17:44:49)
sigtop: skipping attachment without path (conversation: "Mia Leu", sent: 2025-11-04 09:36:20)
sigtop: skipping attachment without path (conversation: "Mia Leu", sent: 2025-11-12 15:03:11)
sigtop: skipping attachment without path (conversation: "Mia Leu", sent: 2025-11-16 07:17:47)
sigtop: skipping attachment without path (conversation: "Mia Leu", sent: 2025-11-20 21:37:32)
sigtop: skipping attachment without path (conversation: "Mia Leu", sent: 2025-11-24 14:00:14)
sigtop: skipping attachment without path (conversation: "Mia Leu", sent: 2025-11-25 03:00:35)
sigtop: skipping attachment without path (conversation: "Mia Leu", sent: 2025-11-25 03:56:16)
sigtop: skipping attachment without path (conversation: "Mia Leu", sent: 2025-11-30 08:17:16)
sigtop: skipping attachment without path (conversation: "Mia Leu", sent: 2025-11-30 09:15:13)
sigtop: skipping attachment without path (conversation: "Mia Leu", sent: 2025-12-01 18:35:48)
sigtop: skipping attachment without path (conversation: "Mia Leu", sent: 2025-12-09 19:44:31)
sigtop: skipping attachment without path (conversation: "Mia Leu", sent: 2025-12-10 04:54:43)
sigtop: skipping attachment without path (conversation: "Mia Leu", sent: 2025-12-13 03:50:39)
sigtop: skipping attachment without path (conversation: "Mia Leu", sent: 2025-12-13 03:54:29)
sigtop: skipping attachment without path (conversation: "Mia Leu", sent: 2025-12-13 03:58:37)
sigtop: skipping attachment without path (conversation: "Mia Leu", sent: 2026-03-12 11:02:12)
sigtop: skipping attachment without path (conversation: "Conrad Leu", sent: 2025-09-27 19:47:53)
sigtop: skipping attachment without path (conversation: "Conrad Leu", sent: 2025-09-28 01:55:08)
sigtop: skipping attachment without path (conversation: "Conrad Leu", sent: 2025-10-01 07:22:29)
sigtop: skipping attachment without path (conversation: "Conrad Leu", sent: 2025-11-26 17:26:56)
sigtop: skipping attachment without path (conversation: "Conrad Leu", sent: 2025-11-27 07:27:54)
sigtop: skipping attachment without path (conversation: "Textile Brand", sent: 2025-09-27 02:09:02)
sigtop: skipping attachment without path (conversation: "Textile Brand", sent: 2025-09-27 02:13:36)
sigtop: skipping attachment without path (conversation: "Textile Brand", sent: 2025-10-01 04:50:59)
sigtop: skipping attachment without path (conversation: "Photos voyages", sent: 2026-03-19 06:47:39)
sigtop: skipping attachment without path (conversation: "Photos voyages", sent: 2026-03-19 06:47:39)
sigtop: skipping attachment without path (conversation: "Photos voyages", sent: 2026-03-19 06:47:39)
sigtop: skipping attachment without path (conversation: "Photos voyages", sent: 2026-03-19 06:47:39)
sigtop: skipping attachment without path (conversation: "Photos voyages", sent: 2026-03-19 06:47:39)
sigtop: skipping attachment without path (conversation: "Photos voyages", sent: 2026-03-19 06:47:39)
sigtop: skipping attachment without path (conversation: "Photos voyages", sent: 2026-03-19 06:47:39)
sigtop: skipping attachment without path (conversation: "Photos voyages", sent: 2026-03-19 06:47:39)
sigtop: skipping attachment without path (conversation: "Photos voyages", sent: 2026-03-19 06:47:39)
sigtop: skipping attachment without path (conversation: "Photos voyages", sent: 2026-03-19 06:47:39)
sigtop: skipping attachment without path (conversation: "Photos voyages", sent: 2026-03-19 06:47:39)
sigtop: skipping attachment without path (conversation: "Photos voyages", sent: 2026-03-19 06:47:39)
sigtop: skipping attachment without path (conversation: "Photos voyages", sent: 2026-03-19 06:47:39)
sigtop: skipping attachment without path (conversation: "Photos voyages", sent: 2026-03-19 06:47:39)
sigtop: skipping attachment without path (conversation: "Photos voyages", sent: 2026-03-19 06:47:39)
sigtop: skipping attachment without path (conversation: "Photos voyages", sent: 2026-03-19 06:47:39)
sigtop: skipping attachment without path (conversation: "Photos voyages", sent: 2026-03-19 06:47:39)
sigtop: skipping attachment without path (conversation: "Photos voyages", sent: 2026-03-19 06:47:39)
sigtop: skipping attachment without path (conversation: "Photos voyages", sent: 2026-03-21 20:19:52)
sigtop: skipping attachment without path (conversation: "Photos voyages", sent: 2026-03-21 20:19:52)
sigtop: skipping attachment without path (conversation: "Photos voyages", sent: 2026-03-21 20:19:52)
sigtop: skipping attachment without path (conversation: "Photos voyages", sent: 2026-03-21 20:21:00)
sigtop: skipping attachment without path (conversation: "Photos voyages", sent: 2026-03-21 20:21:00)
sigtop: skipping attachment without path (conversation: "Photos voyages", sent: 2026-04-03 03:30:30)
sigtop: skipping attachment without path (conversation: "Photos voyages", sent: 2026-04-03 03:30:37)
sigtop: skipping attachment without path (conversation: "Photos voyages", sent: 2026-04-03 03:30:45)
sigtop: skipping attachment without path (conversation: "Photos voyages", sent: 2026-04-03 03:31:19)
sigtop: skipping attachment without path (conversation: "Photos voyages", sent: 2026-04-03 03:31:58)
sigtop: skipping attachment without path (conversation: "Photos voyages", sent: 2026-04-03 03:32:14)
sigtop: skipping attachment without path (conversation: "Photos voyages", sent: 2026-04-03 03:32:52)
sigtop: skipping attachment without path (conversation: "Photos voyages", sent: 2026-04-03 20:14:17)
sigtop: skipping attachment without path (conversation: "Photos voyages", sent: 2026-04-03 20:14:17)
sigtop: skipping attachment without path (conversation: "Photos voyages", sent: 2026-04-03 20:14:17)
sigtop: skipping attachment without path (conversation: "Photos voyages", sent: 2026-04-03 20:14:17)
sigtop: skipping attachment without path (conversation: "Photos voyages", sent: 2026-04-03 20:16:53)
sigtop: skipping attachment without path (conversation: "Photos voyages", sent: 2026-04-03 20:17:22)
sigtop: skipping attachment without path (conversation: "Photos voyages", sent: 2026-04-04 05:27:52)
sigtop: skipping attachment without path (conversation: "Photos voyages", sent: 2026-04-04 05:28:06)
sigtop: skipping attachment without path (conversation: "Photos voyages", sent: 2026-04-04 05:30:03)
sigtop: skipping attachment without path (conversation: "Photos voyages", sent: 2026-04-04 05:32:26)
sigtop: skipping attachment without path (conversation: "Photos voyages", sent: 2026-04-14 05:13:21)
sigtop: skipping attachment without path (conversation: "Photos voyages", sent: 2026-04-14 05:13:21)
sigtop: skipping attachment without path (conversation: "Photos voyages", sent: 2026-04-14 05:13:21)
sigtop: skipping attachment without path (conversation: "Photos voyages", sent: 2026-04-14 05:13:21)
sigtop: skipping attachment without path (conversation: "Photos voyages", sent: 2026-04-14 05:13:21)
sigtop: skipping attachment without path (conversation: "Photos voyages", sent: 2026-04-14 05:13:21)
sigtop: skipping attachment without path (conversation: "Photos voyages", sent: 2026-04-14 05:13:21)
sigtop: skipping attachment without path (conversation: "Photos voyages", sent: 2026-04-14 05:13:21)
sigtop: skipping attachment without path (conversation: "Photos voyages", sent: 2026-04-14 05:13:21)
sigtop: skipping attachment without path (conversation: "Photos voyages", sent: 2026-04-14 05:13:21)
sigtop: skipping attachment without path (conversation: "Photos voyages", sent: 2026-04-14 05:13:21)
sigtop: skipping attachment without path (conversation: "Photos voyages", sent: 2026-04-14 05:13:21)
sigtop: skipping attachment without path (conversation: "Photos voyages", sent: 2026-04-14 05:13:21)
sigtop: skipping attachment without path (conversation: "Photos voyages", sent: 2026-04-14 05:13:21)
sigtop: skipping attachment without path (conversation: "Photos voyages", sent: 2026-04-14 05:13:21)
sigtop: skipping attachment without path (conversation: "Photos voyages", sent: 2026-04-14 05:13:21)
sigtop: skipping attachment without path (conversation: "Photos voyages", sent: 2026-04-23 21:32:01)
sigtop: skipping attachment without path (conversation: "Photos voyages", sent: 2026-04-23 21:33:34)
sigtop: skipping attachment without path (conversation: "Photos voyages", sent: 2026-04-23 21:33:34)
sigtop: skipping attachment without path (conversation: "Photos voyages", sent: 2026-04-23 21:33:34)
sigtop: skipping attachment without path (conversation: "Photos voyages", sent: 2026-04-23 21:33:34)
sigtop: skipping attachment without path (conversation: "Photos voyages", sent: 2026-04-23 21:33:34)
sigtop: skipping attachment without path (conversation: "Photos voyages", sent: 2026-04-23 21:33:34)
sigtop: skipping attachment without path (conversation: "Photos voyages", sent: 2026-04-23 21:33:34)
sigtop: skipping attachment without path (conversation: "Photos voyages", sent: 2026-04-23 21:33:34)
sigtop: skipping attachment without path (conversation: "Photos voyages", sent: 2026-04-23 21:33:34)
sigtop: skipping attachment without path (conversation: "Photos voyages", sent: 2026-04-23 21:33:34)
sigtop: skipping attachment without path (conversation: "Photos voyages", sent: 2026-04-23 21:33:34)
sigtop: skipping attachment without path (conversation: "Photos voyages", sent: 2026-04-23 21:33:34)
sigtop: skipping attachment without path (conversation: "Photos voyages", sent: 2026-04-23 21:33:34)
sigtop: skipping attachment without path (conversation: "Photos voyages", sent: 2026-04-23 21:33:34)
sigtop: skipping attachment without path (conversation: "Photos voyages", sent: 2026-04-23 21:33:34)
sigtop: skipping attachment without path (conversation: "Photos voyages", sent: 2026-04-23 21:34:44)
sigtop: skipping attachment without path (conversation: "Photos voyages", sent: 2026-04-23 21:34:44)
sigtop: skipping attachment without path (conversation: "Photos voyages", sent: 2026-04-23 21:34:44)
sigtop: skipping attachment without path (conversation: "Photos voyages", sent: 2026-04-25 21:58:51)
sigtop: skipping attachment without path (conversation: "Photos voyages", sent: 2026-04-25 21:58:51)
sigtop: skipping attachment without path (conversation: "Photos voyages", sent: 2026-05-04 00:54:03)
sigtop: skipping attachment without path (conversation: "Photos voyages", sent: 2026-05-04 00:55:08)
sigtop: skipping attachment without path (conversation: "Photos voyages", sent: 2026-05-04 00:55:56)
sigtop: skipping attachment without path (conversation: "Photos voyages", sent: 2026-05-04 00:56:50)
sigtop: skipping attachment without path (conversation: "Photos voyages", sent: 2026-05-04 00:57:40)
sigtop: skipping attachment without path (conversation: "Photos voyages", sent: 2026-05-04 00:58:28)
sigtop: skipping attachment without path (conversation: "Photos voyages", sent: 2026-05-04 00:59:10)
sigtop: skipping attachment without path (conversation: "Photos voyages", sent: 2026-05-30 23:13:48)
sigtop: skipping attachment without path (conversation: "Sorellas e Freritos", sent: 2025-09-28 06:55:29)
sigtop: skipping attachment without path (conversation: "Sorellas e Freritos", sent: 2025-11-18 17:40:52)
sigtop: skipping attachment without path (conversation: "Sorellas e Freritos", sent: 2025-11-18 17:40:52)
sigtop: skipping attachment without path (conversation: "Sorellas e Freritos", sent: 2025-11-18 17:40:52)
sigtop: skipping attachment without path (conversation: "Sorellas e Freritos", sent: 2025-11-18 17:40:52)
sigtop: skipping attachment without path (conversation: "Sorellas e Freritos", sent: 2025-11-18 17:40:52)
sigtop: skipping attachment without path (conversation: "Sorellas e Freritos", sent: 2025-11-18 17:40:52)
sigtop: skipping attachment without path (conversation: "Sorellas e Freritos", sent: 2025-11-18 17:40:52)
sigtop: skipping attachment without path (conversation: "Sorellas e Freritos", sent: 2025-11-18 17:42:13)
sigtop: skipping attachment without path (conversation: "Sorellas e Freritos", sent: 2025-11-18 17:43:57)
sigtop: skipping attachment without path (conversation: "Sorellas e Freritos", sent: 2025-11-18 17:43:57)
sigtop: skipping attachment without path (conversation: "Sorellas e Freritos", sent: 2025-11-18 17:43:57)
sigtop: skipping attachment without path (conversation: "Sorellas e Freritos", sent: 2025-11-21 18:51:55)
sigtop: skipping attachment without path (conversation: "Sorellas e Freritos", sent: 2025-11-21 18:51:55)
sigtop: skipping attachment without path (conversation: "Sorellas e Freritos", sent: 2025-11-21 18:51:55)
sigtop: skipping attachment without path (conversation: "Sorellas e Freritos", sent: 2025-11-21 18:51:55)
sigtop: skipping attachment without path (conversation: "Sorellas e Freritos", sent: 2025-11-22 02:33:21)
sigtop: skipping attachment without path (conversation: "Sorellas e Freritos", sent: 2025-11-22 02:53:30)
sigtop: skipping attachment without path (conversation: "Sorellas e Freritos", sent: 2025-11-22 02:53:30)
sigtop: skipping attachment without path (conversation: "Sorellas e Freritos", sent: 2025-11-22 02:53:30)
sigtop: skipping attachment without path (conversation: "Sorellas e Freritos", sent: 2025-11-22 02:53:30)
sigtop: skipping attachment without path (conversation: "Sorellas e Freritos", sent: 2025-11-22 08:02:27)
sigtop: skipping attachment without path (conversation: "Sorellas e Freritos", sent: 2025-11-22 08:02:27)
sigtop: skipping attachment without path (conversation: "Sorellas e Freritos", sent: 2025-12-06 01:19:29)
sigtop: skipping attachment without path (conversation: "Sorellas e Freritos", sent: 2025-12-06 01:19:29)
sigtop: skipping attachment without path (conversation: "Sorellas e Freritos", sent: 2025-12-06 01:19:29)
sigtop: skipping attachment without path (conversation: "Sorellas e Freritos", sent: 2025-12-06 01:19:29)
sigtop: skipping attachment without path (conversation: "Sorellas e Freritos", sent: 2025-12-06 01:19:29)
sigtop: skipping attachment without path (conversation: "Sorellas e Freritos", sent: 2025-12-06 01:19:29)
sigtop: skipping attachment without path (conversation: "Sorellas e Freritos", sent: 2025-12-06 01:19:29)
sigtop: skipping attachment without path (conversation: "Sorellas e Freritos", sent: 2025-12-06 01:19:29)
sigtop: skipping attachment without path (conversation: "Sorellas e Freritos", sent: 2025-12-06 01:19:29)
sigtop: skipping attachment without path (conversation: "Sorellas e Freritos", sent: 2025-12-06 01:19:29)
sigtop: skipping attachment without path (conversation: "Sorellas e Freritos", sent: 2025-12-06 01:19:29)
sigtop: skipping attachment without path (conversation: "Sorellas e Freritos", sent: 2025-12-06 01:19:29)
sigtop: skipping attachment without path (conversation: "Sorellas e Freritos", sent: 2025-12-06 01:19:29)
sigtop: skipping attachment without path (conversation: "Sorellas e Freritos", sent: 2025-12-06 05:56:26)
sigtop: skipping attachment without path (conversation: "Sorellas e Freritos", sent: 2025-12-19 01:19:51)
sigtop: skipping attachment without path (conversation: "Sorellas e Freritos", sent: 2025-12-19 01:19:51)
sigtop: skipping attachment without path (conversation: "Sorellas e Freritos", sent: 2025-12-19 01:19:51)
sigtop: skipping attachment without path (conversation: "Sorellas e Freritos", sent: 2025-12-26 00:48:17)
sigtop: skipping attachment without path (conversation: "Sorellas e Freritos", sent: 2025-12-27 00:38:23)
sigtop: skipping attachment without path (conversation: "Sorellas e Freritos", sent: 2025-12-27 00:38:23)
sigtop: skipping attachment without path (conversation: "Sorellas e Freritos", sent: 2025-12-27 00:38:23)
sigtop: skipping attachment without path (conversation: "Sorellas e Freritos", sent: 2025-12-27 00:40:41)
sigtop: skipping attachment without path (conversation: "Sorellas e Freritos", sent: 2025-12-27 00:40:41)
sigtop: skipping attachment without path (conversation: "Sorellas e Freritos", sent: 2025-12-29 05:44:12)
sigtop: skipping attachment without path (conversation: "Sorellas e Freritos", sent: 2025-12-30 03:09:14)
sigtop: skipping attachment without path (conversation: "Sorellas e Freritos", sent: 2025-12-30 03:09:14)
sigtop: skipping attachment without path (conversation: "Sorellas e Freritos", sent: 2025-12-30 03:09:14)
sigtop: skipping attachment without path (conversation: "Sorellas e Freritos", sent: 2025-12-30 03:09:14)
sigtop: skipping attachment without path (conversation: "Sorellas e Freritos", sent: 2025-12-30 03:09:14)
sigtop: skipping attachment without path (conversation: "Sorellas e Freritos", sent: 2026-01-03 06:01:12)
sigtop: skipping attachment without path (conversation: "Sorellas e Freritos", sent: 2026-01-03 06:01:12)
sigtop: skipping attachment without path (conversation: "Sorellas e Freritos", sent: 2026-01-03 06:46:35)
sigtop: skipping attachment without path (conversation: "Sorellas e Freritos", sent: 2026-01-03 10:36:15)
sigtop: skipping attachment without path (conversation: "Sorellas e Freritos", sent: 2026-01-03 10:36:15)
sigtop: skipping attachment without path (conversation: "Sorellas e Freritos", sent: 2026-01-03 10:36:15)
sigtop: skipping attachment without path (conversation: "Sorellas e Freritos", sent: 2026-01-04 11:49:19)
sigtop: skipping attachment without path (conversation: "Sorellas e Freritos", sent: 2026-01-04 11:52:29)
sigtop: skipping attachment without path (conversation: "Sorellas e Freritos", sent: 2026-01-07 20:04:17)
sigtop: skipping attachment without path (conversation: "Sorellas e Freritos", sent: 2026-01-07 20:04:17)
sigtop: skipping attachment without path (conversation: "Sorellas e Freritos", sent: 2026-01-07 20:04:17)
sigtop: skipping attachment without path (conversation: "Sorellas e Freritos", sent: 2026-01-07 20:04:17)
sigtop: skipping attachment without path (conversation: "Sorellas e Freritos", sent: 2026-01-07 20:04:17)
sigtop: skipping attachment without path (conversation: "Sorellas e Freritos", sent: 2026-01-07 20:04:17)
sigtop: skipping attachment without path (conversation: "Sorellas e Freritos", sent: 2026-01-07 20:04:17)
sigtop: skipping attachment without path (conversation: "Sorellas e Freritos", sent: 2026-01-07 20:04:17)
sigtop: skipping attachment without path (conversation: "Sorellas e Freritos", sent: 2026-01-07 20:04:17)
sigtop: skipping attachment without path (conversation: "Sorellas e Freritos", sent: 2026-01-07 20:17:54)
sigtop: skipping attachment without path (conversation: "Sorellas e Freritos", sent: 2026-01-11 03:14:01)
sigtop: skipping attachment without path (conversation: "Sorellas e Freritos", sent: 2026-01-11 03:14:01)
sigtop: skipping attachment without path (conversation: "Sorellas e Freritos", sent: 2026-01-11 03:14:01)
sigtop: skipping attachment without path (conversation: "Sorellas e Freritos", sent: 2026-01-11 03:14:01)
sigtop: skipping attachment without path (conversation: "Sorellas e Freritos", sent: 2026-01-11 03:14:01)
sigtop: skipping attachment without path (conversation: "Sorellas e Freritos", sent: 2026-01-11 03:14:01)
sigtop: skipping attachment without path (conversation: "Sorellas e Freritos", sent: 2026-01-11 04:28:47)
sigtop: skipping attachment without path (conversation: "Sorellas e Freritos", sent: 2026-01-11 04:28:47)
sigtop: skipping attachment without path (conversation: "Sorellas e Freritos", sent: 2026-01-11 04:28:47)
sigtop: skipping attachment without path (conversation: "Sorellas e Freritos", sent: 2026-01-11 04:28:47)
sigtop: skipping attachment without path (conversation: "Sorellas e Freritos", sent: 2026-01-11 04:28:47)
sigtop: skipping attachment without path (conversation: "Sorellas e Freritos", sent: 2026-01-11 04:28:47)
sigtop: skipping attachment without path (conversation: "Sorellas e Freritos", sent: 2026-01-11 04:28:47)
sigtop: skipping attachment without path (conversation: "Sorellas e Freritos", sent: 2026-01-16 03:37:12)
sigtop: skipping attachment without path (conversation: "Sorellas e Freritos", sent: 2026-01-16 03:38:11)
sigtop: skipping attachment without path (conversation: "Sorellas e Freritos", sent: 2026-01-17 20:13:12)
sigtop: skipping attachment without path (conversation: "Sorellas e Freritos", sent: 2026-01-20 23:59:48)
sigtop: skipping attachment without path (conversation: "Sorellas e Freritos", sent: 2026-01-20 23:59:48)
sigtop: skipping attachment without path (conversation: "Sorellas e Freritos", sent: 2026-01-20 23:59:48)
sigtop: skipping attachment without path (conversation: "Sorellas e Freritos", sent: 2026-01-29 22:37:35)
sigtop: skipping attachment without path (conversation: "Sorellas e Freritos", sent: 2026-02-03 19:41:35)
sigtop: skipping attachment without path (conversation: "Sorellas e Freritos", sent: 2026-02-03 19:41:35)
sigtop: skipping attachment without path (conversation: "Sorellas e Freritos", sent: 2026-02-03 19:41:35)
sigtop: skipping attachment without path (conversation: "Sorellas e Freritos", sent: 2026-02-03 19:41:35)
sigtop: skipping attachment without path (conversation: "Sorellas e Freritos", sent: 2026-02-03 19:41:35)
sigtop: skipping attachment without path (conversation: "Sorellas e Freritos", sent: 2026-02-03 19:41:35)
sigtop: skipping attachment without path (conversation: "Sorellas e Freritos", sent: 2026-02-03 19:41:35)
sigtop: skipping attachment without path (conversation: "Sorellas e Freritos", sent: 2026-02-24 07:30:10)
sigtop: skipping attachment without path (conversation: "Sorellas e Freritos", sent: 2026-02-24 07:30:10)
sigtop: skipping attachment without path (conversation: "Sorellas e Freritos", sent: 2026-02-24 07:30:10)
sigtop: skipping attachment without path (conversation: "Sorellas e Freritos", sent: 2026-02-24 07:30:10)
sigtop: skipping attachment without path (conversation: "Sorellas e Freritos", sent: 2026-02-24 07:30:10)
sigtop: skipping attachment without path (conversation: "Sorellas e Freritos", sent: 2026-02-24 07:30:10)
sigtop: skipping attachment without path (conversation: "Sorellas e Freritos", sent: 2026-02-24 08:31:11)
sigtop: skipping attachment without path (conversation: "Sorellas e Freritos", sent: 2026-02-24 08:31:11)
sigtop: skipping attachment without path (conversation: "Sorellas e Freritos", sent: 2026-02-24 08:31:55)
sigtop: skipping attachment without path (conversation: "Sorellas e Freritos", sent: 2026-02-24 08:31:55)
sigtop: skipping attachment without path (conversation: "Sorellas e Freritos", sent: 2026-02-24 08:31:55)
sigtop: skipping attachment without path (conversation: "Sorellas e Freritos", sent: 2026-02-24 08:31:55)
sigtop: skipping attachment without path (conversation: "Sorellas e Freritos", sent: 2026-02-24 08:31:55)
sigtop: skipping attachment without path (conversation: "Sorellas e Freritos", sent: 2026-02-24 08:31:55)
sigtop: skipping attachment without path (conversation: "Sorellas e Freritos", sent: 2026-02-24 08:31:55)
sigtop: skipping attachment without path (conversation: "Sorellas e Freritos", sent: 2026-02-24 08:31:55)
sigtop: skipping attachment without path (conversation: "Sorellas e Freritos", sent: 2026-02-24 08:31:55)
sigtop: skipping attachment without path (conversation: "Sorellas e Freritos", sent: 2026-02-27 13:43:20)
sigtop: skipping attachment without path (conversation: "Sorellas e Freritos", sent: 2026-03-28 20:03:53)
sigtop: skipping attachment without path (conversation: "Sorellas e Freritos", sent: 2026-03-28 20:03:53)
sigtop: skipping attachment without path (conversation: "Sorellas e Freritos", sent: 2026-03-28 20:03:53)
sigtop: skipping attachment without path (conversation: "Sorellas e Freritos", sent: 2026-03-28 20:03:53)
sigtop: skipping attachment without path (conversation: "Sorellas e Freritos", sent: 2026-03-28 20:03:53)
sigtop: skipping attachment without path (conversation: "Sorellas e Freritos", sent: 2026-03-28 20:03:53)
sigtop: skipping attachment without path (conversation: "Sorellas e Freritos", sent: 2026-03-28 20:03:53)
sigtop: skipping attachment without path (conversation: "Sorellas e Freritos", sent: 2026-03-28 20:03:53)
sigtop: skipping attachment without path (conversation: "Sorellas e Freritos", sent: 2026-03-28 20:03:53)
sigtop: skipping attachment without path (conversation: "Sorellas e Freritos", sent: 2026-03-28 20:03:53)
sigtop: skipping attachment without path (conversation: "Sorellas e Freritos", sent: 2026-03-28 20:03:53)
sigtop: skipping attachment without path (conversation: "Sorellas e Freritos", sent: 2026-03-28 20:05:27)
sigtop: skipping attachment without path (conversation: "Sorellas e Freritos", sent: 2026-03-29 20:02:24)
sigtop: skipping attachment without path (conversation: "Sorellas e Freritos", sent: 2026-04-01 05:24:53)
sigtop: skipping attachment without path (conversation: "Sorellas e Freritos", sent: 2026-04-04 07:00:52)
sigtop: skipping attachment without path (conversation: "Sorellas e Freritos", sent: 2026-04-04 07:01:00)
sigtop: skipping attachment without path (conversation: "Sorellas e Freritos", sent: 2026-04-04 07:04:15)
sigtop: skipping attachment without path (conversation: "Sorellas e Freritos", sent: 2026-04-04 07:04:15)
sigtop: skipping attachment without path (conversation: "Sorellas e Freritos", sent: 2026-04-04 17:29:40)
sigtop: skipping attachment without path (conversation: "Sorellas e Freritos", sent: 2026-04-04 17:29:40)
sigtop: skipping attachment without path (conversation: "Sorellas e Freritos", sent: 2026-04-04 17:29:40)
sigtop: skipping attachment without path (conversation: "Sorellas e Freritos", sent: 2026-04-04 17:29:40)
sigtop: skipping attachment without path (conversation: "Sorellas e Freritos", sent: 2026-04-04 17:29:40)
sigtop: skipping attachment without path (conversation: "Sorellas e Freritos", sent: 2026-04-04 17:29:40)
sigtop: skipping attachment without path (conversation: "Sorellas e Freritos", sent: 2026-04-04 18:42:30)
sigtop: skipping attachment without path (conversation: "Sorellas e Freritos", sent: 2026-04-10 19:12:23)
sigtop: skipping attachment without path (conversation: "Sorellas e Freritos", sent: 2026-04-10 19:12:23)
sigtop: skipping attachment without path (conversation: "Sorellas e Freritos", sent: 2026-04-10 19:12:23)
sigtop: skipping attachment without path (conversation: "Sorellas e Freritos", sent: 2026-04-10 19:12:23)
sigtop: skipping attachment without path (conversation: "Sorellas e Freritos", sent: 2026-04-10 20:56:55)
sigtop: skipping attachment without path (conversation: "Sorellas e Freritos", sent: 2026-04-10 20:58:42)
sigtop: skipping attachment without path (conversation: "Sorellas e Freritos", sent: 2026-04-18 02:53:49)
sigtop: skipping attachment without path (conversation: "Sorellas e Freritos", sent: 2026-04-18 02:58:42)
sigtop: skipping attachment without path (conversation: "Sorellas e Freritos", sent: 2026-04-18 03:09:10)
sigtop: skipping attachment without path (conversation: "Sorellas e Freritos", sent: 2026-04-18 05:47:00)
sigtop: skipping attachment without path (conversation: "Sorellas e Freritos", sent: 2026-04-18 05:58:09)
sigtop: skipping attachment without path (conversation: "Sorellas e Freritos", sent: 2026-04-18 06:43:14)
sigtop: skipping attachment without path (conversation: "Sorellas e Freritos", sent: 2026-04-25 19:14:27)
sigtop: skipping attachment without path (conversation: "Sorellas e Freritos", sent: 2026-04-25 19:14:27)
sigtop: skipping attachment without path (conversation: "Sorellas e Freritos", sent: 2026-04-30 17:06:53)
sigtop: skipping attachment without path (conversation: "Sorellas e Freritos", sent: 2026-05-03 17:01:34)
sigtop: skipping attachment without path (conversation: "Jan Biller", sent: 2025-10-02 17:59:53)
sigtop: skipping attachment without path (conversation: "Jan Biller", sent: 2025-10-07 00:19:41)
sigtop: skipping attachment without path (conversation: "Jan Biller", sent: 2025-10-08 20:29:28)
sigtop: skipping attachment without path (conversation: "Jan Biller", sent: 2025-10-14 18:43:44)
sigtop: skipping attachment without path (conversation: "Jan Biller", sent: 2025-10-15 19:25:22)
sigtop: skipping attachment without path (conversation: "Jan Biller", sent: 2026-04-13 16:22:06)
sigtop: skipping attachment without path (conversation: "Jan Biller", sent: 2026-05-06 01:39:38)
sigtop: skipping attachment without path (conversation: "Simon Horvat", sent: 2025-09-29 23:08:23)
sigtop: skipping attachment without path (conversation: "Simon Horvat", sent: 2025-10-02 01:24:19)
sigtop: skipping attachment without path (conversation: "Simon Horvat", sent: 2025-10-11 05:27:32)
sigtop: skipping attachment without path (conversation: "Simon Horvat", sent: 2025-10-11 05:35:27)
sigtop: skipping attachment without path (conversation: "Simon Horvat", sent: 2025-10-25 03:03:40)
sigtop: skipping attachment without path (conversation: "Simon Horvat", sent: 2025-10-26 22:17:40)
sigtop: skipping attachment without path (conversation: "Simon Horvat", sent: 2025-11-03 17:07:54)
sigtop: skipping attachment without path (conversation: "Simon Horvat", sent: 2025-11-08 00:37:17)
sigtop: skipping attachment without path (conversation: "Simon Horvat", sent: 2025-11-08 01:11:38)
sigtop: skipping attachment without path (conversation: "Simon Horvat", sent: 2025-11-08 01:15:55)
sigtop: skipping attachment without path (conversation: "Simon Horvat", sent: 2025-11-08 04:43:26)
sigtop: skipping attachment without path (conversation: "Simon Horvat", sent: 2025-11-10 21:58:28)
sigtop: skipping attachment without path (conversation: "Simon Horvat", sent: 2025-11-13 20:02:56)
sigtop: skipping attachment without path (conversation: "Simon Horvat", sent: 2025-11-13 20:04:28)
sigtop: skipping attachment without path (conversation: "Simon Horvat", sent: 2025-11-16 19:09:04)
sigtop: skipping attachment without path (conversation: "Simon Horvat", sent: 2025-11-17 00:40:58)
sigtop: skipping attachment without path (conversation: "Simon Horvat", sent: 2025-11-17 06:35:25)
sigtop: skipping attachment without path (conversation: "Simon Horvat", sent: 2025-12-03 03:31:23)
sigtop: skipping attachment without path (conversation: "Simon Horvat", sent: 2025-12-11 22:45:49)
sigtop: skipping attachment without path (conversation: "Simon Horvat", sent: 2026-04-04 17:09:21)
sigtop: skipping attachment without path (conversation: "Simon Horvat", sent: 2026-04-04 17:17:23)
sigtop: skipping attachment without path (conversation: "Simon Horvat", sent: 2026-04-18 11:40:30)
sigtop: skipping attachment without path (conversation: "Simon Horvat", sent: 2026-04-18 11:40:30)
sigtop: skipping attachment without path (conversation: "Simon Horvat", sent: 2026-04-18 11:40:30)
sigtop: skipping attachment without path (conversation: "Simon Horvat", sent: 2026-04-18 11:40:30)
sigtop: skipping attachment without path (conversation: "Simon Horvat", sent: 2026-04-18 11:40:30)
sigtop: skipping attachment without path (conversation: "Lisa Dotzer", sent: 2025-11-26 00:29:23)
sigtop: skipping attachment without path (conversation: "Lisa Dotzer", sent: 2025-11-26 23:30:43)
sigtop: skipping attachment without path (conversation: "Lisa Dotzer", sent: 2025-11-27 00:08:30)
sigtop: skipping attachment without path (conversation: "Lisa Dotzer", sent: 2025-11-28 23:35:42)
sigtop: skipping attachment without path (conversation: "Lisa Dotzer", sent: 2025-12-10 06:29:28)
sigtop: skipping attachment without path (conversation: "Lisa Dotzer", sent: 2025-12-19 01:19:51)
sigtop: skipping attachment without path (conversation: "Lisa Dotzer", sent: 2025-12-19 01:19:51)
sigtop: skipping attachment without path (conversation: "Lisa Dotzer", sent: 2025-12-19 01:19:51)
sigtop: skipping attachment without path (conversation: "Lisa Dotzer", sent: 2026-01-07 20:05:25)
sigtop: skipping attachment without path (conversation: "Lisa Dotzer", sent: 2026-01-07 20:05:25)
sigtop: skipping attachment without path (conversation: "Lisa Dotzer", sent: 2026-01-07 20:05:25)
sigtop: skipping attachment without path (conversation: "Lisa Dotzer", sent: 2026-01-07 20:05:25)
sigtop: skipping attachment without path (conversation: "Lisa Dotzer", sent: 2026-01-07 20:05:25)
sigtop: skipping attachment without path (conversation: "Lisa Dotzer", sent: 2026-01-07 20:05:25)
sigtop: skipping attachment without path (conversation: "Lisa Dotzer", sent: 2026-01-07 20:05:25)
sigtop: skipping attachment without path (conversation: "Lisa Dotzer", sent: 2026-01-07 20:05:25)
sigtop: skipping attachment without path (conversation: "Lisa Dotzer", sent: 2026-01-07 20:05:25)
sigtop: skipping attachment without path (conversation: "Lisa Dotzer", sent: 2026-01-08 18:08:42)
sigtop: skipping attachment without path (conversation: "Lisa Dotzer", sent: 2026-01-08 18:17:09)
sigtop: skipping attachment without path (conversation: "Lisa Dotzer", sent: 2026-01-08 18:17:09)
sigtop: skipping attachment without path (conversation: "Lisa Dotzer", sent: 2026-01-15 07:51:30)
sigtop: skipping attachment without path (conversation: "Lisa Dotzer", sent: 2026-01-15 07:55:22)
sigtop: skipping attachment without path (conversation: "Lisa Dotzer", sent: 2026-01-15 12:16:20)
sigtop: skipping attachment without path (conversation: "Lisa Dotzer", sent: 2026-01-20 23:56:20)
sigtop: skipping attachment without path (conversation: "Lisa Dotzer", sent: 2026-01-20 23:56:20)
sigtop: skipping attachment without path (conversation: "Lisa Dotzer", sent: 2026-01-20 23:56:20)
sigtop: skipping attachment without path (conversation: "Lisa Dotzer", sent: 2026-02-17 18:09:58)
sigtop: skipping attachment without path (conversation: "Lisa Dotzer", sent: 2026-02-17 18:09:58)
sigtop: skipping attachment without path (conversation: "Lisa Dotzer", sent: 2026-02-17 18:09:58)
sigtop: skipping attachment without path (conversation: "Lisa Dotzer", sent: 2026-02-17 18:09:58)
sigtop: skipping attachment without path (conversation: "Lisa Dotzer", sent: 2026-02-17 18:09:58)
sigtop: skipping attachment without path (conversation: "Lisa Dotzer", sent: 2026-02-17 18:09:58)
sigtop: skipping attachment without path (conversation: "Lisa Dotzer", sent: 2026-02-17 20:38:34)
sigtop: skipping attachment without path (conversation: "Lisa Dotzer", sent: 2026-02-17 20:38:34)
sigtop: skipping attachment without path (conversation: "Lisa Dotzer", sent: 2026-02-17 20:38:34)
sigtop: skipping attachment without path (conversation: "Lisa Dotzer", sent: 2026-03-28 20:06:50)
sigtop: skipping attachment without path (conversation: "Lisa Dotzer", sent: 2026-03-28 20:06:50)
sigtop: skipping attachment without path (conversation: "Lisa Dotzer", sent: 2026-03-28 20:06:50)
sigtop: skipping attachment without path (conversation: "Lisa Dotzer", sent: 2026-03-28 20:06:50)
sigtop: skipping attachment without path (conversation: "Lisa Dotzer", sent: 2026-03-28 20:06:50)
sigtop: skipping attachment without path (conversation: "Lisa Dotzer", sent: 2026-03-28 20:06:50)
sigtop: skipping attachment without path (conversation: "Lisa Dotzer", sent: 2026-03-28 20:06:50)
sigtop: skipping attachment without path (conversation: "Lisa Dotzer", sent: 2026-03-28 20:06:50)
sigtop: skipping attachment without path (conversation: "Lisa Dotzer", sent: 2026-03-28 20:06:50)
sigtop: skipping attachment without path (conversation: "Lisa Dotzer", sent: 2026-03-28 20:06:50)
sigtop: skipping attachment without path (conversation: "Lisa Dotzer", sent: 2026-03-28 20:06:50)
sigtop: skipping attachment without path (conversation: "Lisa Dotzer", sent: 2026-04-16 18:27:48)
sigtop: skipping attachment without path (conversation: "Lisa Dotzer", sent: 2026-04-16 18:27:48)
sigtop: skipping attachment without path (conversation: "Lisa Dotzer", sent: 2026-04-16 18:27:48)
sigtop: skipping attachment without path (conversation: "Lisa Dotzer", sent: 2026-04-16 18:27:48)
sigtop: skipping attachment without path (conversation: "Lisa Dotzer", sent: 2026-04-16 18:27:48)
sigtop: skipping attachment without path (conversation: "Lisa Dotzer", sent: 2026-04-16 18:27:48)
sigtop: skipping attachment without path (conversation: "Lisa Dotzer", sent: 2026-04-16 18:27:48)
sigtop: skipping attachment without path (conversation: "Lisa Dotzer", sent: 2026-04-16 18:27:48)
sigtop: skipping attachment without path (conversation: "Lisa Dotzer", sent: 2026-04-16 18:27:48)
sigtop: skipping attachment without path (conversation: "Lisa Dotzer", sent: 2026-04-16 18:27:48)
sigtop: skipping attachment without path (conversation: "Lisa Dotzer", sent: 2026-04-16 18:27:48)
sigtop: skipping attachment without path (conversation: "Lisa Dotzer", sent: 2026-04-16 18:27:48)
sigtop: skipping attachment without path (conversation: "Lisa Dotzer", sent: 2026-04-16 18:27:48)
Signal: 16 convos
WhatsApp (Mac): 56 convos
Added Dulcesita (iPhone): 10992 msgs, 771 voice msgs
Added Simon Baumann (iPhone): 1119 msgs, 6 voice msgs

Written: /Users/rafaelhorvat/__code__/chat_backup/data/index.html
Conversations: 72
Total messages: 14294
Audio files (voice msgs): 854
Total media files: 1709
